D_purpureum_EGC36612	d1d09141fb3339aa7137abdb934fd2e6	2102	Phobius	CYTOPLASMIC_DOMAIN	Region of a membrane-bound protein predicted to be outside the membrane, in the cytoplasm.	1882	2102	-	T	26-08-2026	-	-	-	-
D_purpureum_EGC36612	d1d09141fb3339aa7137abdb934fd2e6	2102	Pfam	PF01825	GAIN subdomain B	1738	1848	8.7E-13	T	26-08-2026	IPR000203	GPS motif	-	Reactome:R-CEL-373080|Reactome:R-CEL-6798695|Reactome:R-CEL-9619665|Reactome:R-DME-350368|Reactome:R-DME-350376|Reactome:R-DME-350379|Reactome:R-DME-350411|Reactome:R-DME-350480|Reactome:R-DME-373080|Reactome:R-DME-450728|Reactome:R-DME-6798695|Reactome:R-DME-9619665|Reactome:R-DRE-9619665|Reactome:R-HSA-373080|Reactome:R-HSA-5620916|Reactome:R-HSA-5683826|Reactome:R-HSA-6798695|Reactome:R-HSA-9619665|Reactome:R-MMU-373080|Reactome:R-MMU-5620916|Reactome:R-MMU-5683826|Reactome:R-MMU-6798695|Reactome:R-MMU-9619665|Reactome:R-RNO-373080|Reactome:R-RNO-5683826
D_purpureum_EGC36612	d1d09141fb3339aa7137abdb934fd2e6	2102	Gene3D	G3DSA:3.90.550.10	Spore Coat Polysaccharide Biosynthesis Protein SpsA; Chain A	543	766	3.8E-41	T	26-08-2026	IPR029044	Nucleotide-diphospho-sugar transferases	-	Reactome:R-BTA-1650814|Reactome:R-BTA-173599|Reactome:R-BTA-2022854|Reactome:R-BTA-2022928|Reactome:R-BTA-2534343|Reactome:R-BTA-3322077|Reactome:R-BTA-4085001|Reactome:R-BTA-5653890|Reactome:R-BTA-6798695|Reactome:R-BTA-6811436|Reactome:R-BTA-913709|Reactome:R-BTA-975577|Reactome:R-CEL-1650814|Reactome:R-CEL-1971475|Reactome:R-CEL-2022928|Reactome:R-CEL-3322077|Reactome:R-CEL-446205|Reactome:R-CEL-446210|Reactome:R-CEL-6798695|Reactome:R-CEL-6811436|Reactome:R-CEL-70221|Reactome:R-CEL-72731|Reactome:R-CEL-913709|Reactome:R-CEL-964739|Reactome:R-CEL-975577|Reactome:R-CEL-9840309|Reactome:R-CFA-1971475|Reactome:R-DDI-162699|Reactome:R-DDI-173599|Reactome:R-DDI-3322077|Reactome:R-DDI-446205|Reactome:R-DDI-446210|Reactome:R-DDI-480985|Reactome:R-DDI-72731|Reactome:R-DME-162699|Reactome:R-DME-1650814|Reactome:R-DME-190372|Reactome:R-DME-1971475|Reactome:R-DME-2022854|Reactome:R-DME-2022928|Reactome:R-DME-446205|Reactome:R-DME-480985|Reactome:R-DME-6811436|Reactome:R-DME-9037629|Reactome:R-DME-913709|Reactome:R-DME-975577|Reactome:R-DME-9840309|Reactome:R-DRE-1650814|Reactome:R-DRE-2022854|Reactome:R-DRE-2022928|Reactome:R-DRE-4085001|Reactome:R-DRE-446205|Reactome:R-DRE-913709|Reactome:R-DRE-975577|Reactome:R-DRE-9840309|Reactome:R-DRE-9939291|Reactome:R-HSA-162699|Reactome:R-HSA-1650814|Reactome:R-HSA-173599|Reactome:R-HSA-190372|Reactome:R-HSA-1912420|Reactome:R-HSA-1971475|Reactome:R-HSA-2022854|Reactome:R-HSA-2022870|Reactome:R-HSA-2022928|Reactome:R-HSA-2142845|Reactome:R-HSA-2534343|Reactome:R-HSA-3322077|Reactome:R-HSA-3560783|Reactome:R-HSA-3560801|Reactome:R-HSA-3595177|Reactome:R-HSA-3656237|Reactome:R-HSA-3656244|Reactome:R-HSA-3656253|Reactome:R-HSA-3785653|Reactome:R-HSA-381038|Reactome:R-HSA-3814836|Reactome:R-HSA-3828062|Reactome:R-HSA-3858516|Reactome:R-HSA-3878781|Reactome:R-HSA-4085001|Reactome:R-HSA-446203|Reactome:R-HSA-446205|Reactome:R-HSA-446210|Reactome:R-HSA-4717374|Reactome:R-HSA-4719360|Reactome:R-HSA-4719377|Reactome:R-HSA-4793952|Reactome:R-HSA-4793953|Reactome:R-HSA-480985|Reactome:R-HSA-5083625|Reactome:R-HSA-5083627|Reactome:R-HSA-5083628|Reactome:R-HSA-5083635|Reactome:R-HSA-5083636|Reactome:R-HSA-5173214|Reactome:R-HSA-5357609|Reactome:R-HSA-5653890|Reactome:R-HSA-6798695|Reactome:R-HSA-6811436|Reactome:R-HSA-70221|Reactome:R-HSA-72731|Reactome:R-HSA-8932504|Reactome:R-HSA-8932506|Reactome:R-HSA-901032|Reactome:R-HSA-9033807|Reactome:R-HSA-9037629|Reactome:R-HSA-913709|Reactome:R-HSA-964739|Reactome:R-HSA-9683673|Reactome:R-HSA-9683686|Reactome:R-HSA-9694548|Reactome:R-HSA-9694719|Reactome:R-HSA-975577|Reactome:R-HSA-975578|Reactome:R-HSA-9840309|Reactome:R-HSA-9918432|Reactome:R-HSA-9926550|Reactome:R-HSA-9931953|Reactome:R-HSA-9939291|Reactome:R-MMU-162699|Reactome:R-MMU-1650814|Reactome:R-MMU-173599|Reactome:R-MMU-190372|Reactome:R-MMU-1971475|Reactome:R-MMU-2022854|Reactome:R-MMU-2022870|Reactome:R-MMU-2022928|Reactome:R-MMU-2142845|Reactome:R-MMU-2534343|Reactome:R-MMU-3322077|Reactome:R-MMU-4085001|Reactome:R-MMU-446203|Reactome:R-MMU-446205|Reactome:R-MMU-446210|Reactome:R-MMU-480985|Reactome:R-MMU-5173214|Reactome:R-MMU-5653890|Reactome:R-MMU-6798695|Reactome:R-MMU-6811436|Reactome:R-MMU-70221|Reactome:R-MMU-72731|Reactome:R-MMU-8932504|Reactome:R-MMU-8932506|Reactome:R-MMU-9033807|Reactome:R-MMU-9037629|Reactome:R-MMU-913709|Reactome:R-MMU-964739|Reactome:R-MMU-975577|Reactome:R-MMU-975578|Reactome:R-MMU-9840309|Reactome:R-MMU-9939291|Reactome:R-RNO-1650814|Reactome:R-RNO-2022854|Reactome:R-RNO-2142845|Reactome:R-RNO-3322077|Reactome:R-RNO-4085001|Reactome:R-RNO-446205|Reactome:R-RNO-6798695|Reactome:R-RNO-6811436|Reactome:R-RNO-70221|Reactome:R-RNO-72731|Reactome:R-RNO-8932504|Reactome:R-RNO-8932506|Reactome:R-RNO-9033807|Reactome:R-RNO-913709|Reactome:R-RNO-964739|Reactome:R-RNO-975577|Reactome:R-RNO-975578|Reactome:R-RNO-9840309|Reactome:R-RNO-9939291|Reactome:R-SCE-173599|Reactome:R-SCE-3322077|Reactome:R-SCE-446210|Reactome:R-SCE-480985|Reactome:R-SCE-6798695|Reactome:R-SCE-70221|Reactome:R-SCE-72731|Reactome:R-SPO-162699|Reactome:R-SPO-173599|Reactome:R-SPO-3322077|Reactome:R-SPO-446205|Reactome:R-SPO-446210|Reactome:R-SPO-480985|Reactome:R-SPO-6798695|Reactome:R-SPO-70221|Reactome:R-SPO-72731|Reactome:R-SSC-162699|Reactome:R-SSC-2022854|Reactome:R-SSC-913709|Reactome:R-SSC-975577|Reactome:R-SSC-9840309|Reactome:R-XTR-446205|Reactome:R-XTR-913709|Reactome:R-XTR-9840309|Reactome:R-XTR-9939291
D_purpureum_EGC36612	d1d09141fb3339aa7137abdb934fd2e6	2102	MobiDBLite	mobidb-lite	consensus disorder prediction	2011	2028	-	T	26-08-2026	-	-	-	-
D_purpureum_EGC36612	d1d09141fb3339aa7137abdb934fd2e6	2102	MobiDBLite	mobidb-lite	consensus disorder prediction	1986	2030	-	T	26-08-2026	-	-	-	-
D_purpureum_EGC36612	d1d09141fb3339aa7137abdb934fd2e6	2102	Pfam	PF02010	REJ domain	1141	1520	1.7E-42	T	26-08-2026	IPR002859	PKD/REJ-like domain	-	Reactome:R-HSA-5620916|Reactome:R-MMU-5620916
D_purpureum_EGC36612	d1d09141fb3339aa7137abdb934fd2e6	2102	Pfam	PF00535	Glycosyl transferase family 2	552	669	1.0E-20	T	26-08-2026	IPR001173	Glycosyltransferase 2-like	-	Reactome:R-BTA-6811436|Reactome:R-BTA-913709|Reactome:R-CEL-6811436|Reactome:R-CEL-913709|Reactome:R-DDI-162699|Reactome:R-DDI-480985|Reactome:R-DME-162699|Reactome:R-DME-190372|Reactome:R-DME-480985|Reactome:R-DME-6811436|Reactome:R-DME-913709|Reactome:R-DRE-913709|Reactome:R-HSA-162699|Reactome:R-HSA-190372|Reactome:R-HSA-446203|Reactome:R-HSA-4717374|Reactome:R-HSA-4719360|Reactome:R-HSA-4719377|Reactome:R-HSA-480985|Reactome:R-HSA-5083625|Reactome:R-HSA-5083636|Reactome:R-HSA-6811436|Reactome:R-HSA-9037629|Reactome:R-HSA-913709|Reactome:R-HSA-9683673|Reactome:R-HSA-9694719|Reactome:R-HSA-9840309|Reactome:R-HSA-9918432|Reactome:R-HSA-9931953|Reactome:R-MMU-162699|Reactome:R-MMU-190372|Reactome:R-MMU-2142845|Reactome:R-MMU-446203|Reactome:R-MMU-480985|Reactome:R-MMU-6811436|Reactome:R-MMU-9037629|Reactome:R-MMU-913709|Reactome:R-MMU-9840309|Reactome:R-RNO-6811436|Reactome:R-RNO-913709|Reactome:R-RNO-9840309|Reactome:R-SCE-480985|Reactome:R-SPO-162699|Reactome:R-SPO-480985|Reactome:R-SSC-162699|Reactome:R-XTR-913709
D_purpureum_EGC36612	d1d09141fb3339aa7137abdb934fd2e6	2102	Pfam	PF01833	IPT/TIG domain	818	889	3.1E-8	T	26-08-2026	IPR002909	IPT domain	-	Reactome:R-CEL-264876|Reactome:R-CEL-416482|Reactome:R-CEL-416572|Reactome:R-CEL-416700|Reactome:R-CEL-5620916|Reactome:R-CEL-913709|Reactome:R-DDI-3295583|Reactome:R-DDI-5213460|Reactome:R-DDI-5673000|Reactome:R-DDI-5674135|Reactome:R-DDI-5675221|Reactome:R-DDI-5675482|Reactome:R-DME-1169091|Reactome:R-DME-1810476|Reactome:R-DME-202424|Reactome:R-DME-209394|Reactome:R-DME-209400|Reactome:R-DME-209406|Reactome:R-DME-209560|Reactome:R-DME-214399|Reactome:R-DME-214411|Reactome:R-DME-214416|Reactome:R-DME-214842|Reactome:R-DME-214844|Reactome:R-DME-214869|Reactome:R-DME-264876|Reactome:R-DME-2871837|Reactome:R-DME-3134963|Reactome:R-DME-416482|Reactome:R-DME-416572|Reactome:R-DME-416700|Reactome:R-DME-445989|Reactome:R-DME-4755510|Reactome:R-DME-5607761|Reactome:R-DME-5607764|Reactome:R-DME-5620916|Reactome:R-DME-5621575|Reactome:R-DME-5676590|Reactome:R-DME-6798695|Reactome:R-DME-9020702|Reactome:R-DME-933542|Reactome:R-DME-9860927|Reactome:R-DRE-399954|Reactome:R-DRE-399956|Reactome:R-GGA-1227892|Reactome:R-GGA-434001|Reactome:R-GGA-434131|Reactome:R-HSA-1169091|Reactome:R-HSA-1257604|Reactome:R-HSA-1445148|Reactome:R-HSA-1810476|Reactome:R-HSA-193692|Reactome:R-HSA-202424|Reactome:R-HSA-2025928|Reactome:R-HSA-209560|Reactome:R-HSA-2219530|Reactome:R-HSA-2559582|Reactome:R-HSA-264876|Reactome:R-HSA-2871809|Reactome:R-HSA-2871837|Reactome:R-HSA-3134963|Reactome:R-HSA-3214841|Reactome:R-HSA-381340|Reactome:R-HSA-399954|Reactome:R-HSA-399955|Reactome:R-HSA-399956|Reactome:R-HSA-4086398|Reactome:R-HSA-416482|Reactome:R-HSA-416550|Reactome:R-HSA-416572|Reactome:R-HSA-416700|Reactome:R-HSA-445989|Reactome:R-HSA-448706|Reactome:R-HSA-4755510|Reactome:R-HSA-5603029|Reactome:R-HSA-5607761|Reactome:R-HSA-5607763|Reactome:R-HSA-5607764|Reactome:R-HSA-5620916|Reactome:R-HSA-5621575|Reactome:R-HSA-5660668|Reactome:R-HSA-5673001|Reactome:R-HSA-5676590|Reactome:R-HSA-5684264|Reactome:R-HSA-6798695|Reactome:R-HSA-6806942|Reactome:R-HSA-6807004|Reactome:R-HSA-6811558|Reactome:R-HSA-844456|Reactome:R-HSA-8851805|Reactome:R-HSA-8851907|Reactome:R-HSA-8852405|Reactome:R-HSA-8853884|Reactome:R-HSA-8865999|Reactome:R-HSA-8874081|Reactome:R-HSA-8875360|Reactome:R-HSA-8875513|Reactome:R-HSA-8875555|Reactome:R-HSA-8875656|Reactome:R-HSA-8875791|Reactome:R-HSA-8877330|Reactome:R-HSA-9013405|Reactome:R-HSA-9013508|Reactome:R-HSA-9020702|Reactome:R-HSA-9022699|Reactome:R-HSA-933542|Reactome:R-HSA-9609690|Reactome:R-HSA-9615017|Reactome:R-HSA-9660826|Reactome:R-HSA-9692916|Reactome:R-HSA-9696270|Reactome:R-HSA-9696273|Reactome:R-HSA-9734091|Reactome:R-HSA-9752946|Reactome:R-HSA-9818749|Reactome:R-HSA-9825892|Reactome:R-HSA-9844594|Reactome:R-HSA-9860927|Reactome:R-HSA-9909649|Reactome:R-HSA-9942503|Reactome:R-MMU-1169091|Reactome:R-MMU-1257604|Reactome:R-MMU-1810476|Reactome:R-MMU-193692|Reactome:R-MMU-202424|Reactome:R-MMU-2025928|Reactome:R-MMU-209560|Reactome:R-MMU-264876|Reactome:R-MMU-2871809|Reactome:R-MMU-2871837|Reactome:R-MMU-3134963|Reactome:R-MMU-3214841|Reactome:R-MMU-399954|Reactome:R-MMU-399955|Reactome:R-MMU-399956|Reactome:R-MMU-4086398|Reactome:R-MMU-416482|Reactome:R-MMU-416550|Reactome:R-MMU-416572|Reactome:R-MMU-416700|Reactome:R-MMU-445989|Reactome:R-MMU-448706|Reactome:R-MMU-4755510|Reactome:R-MMU-5607761|Reactome:R-MMU-5607763|Reactome:R-MMU-5607764|Reactome:R-MMU-5620916|Reactome:R-MMU-5621575|Reactome:R-MMU-5673001|Reactome:R-MMU-5676590|Reactome:R-MMU-5684264|Reactome:R-MMU-6798695|Reactome:R-MMU-6806942|Reactome:R-MMU-6807004|Reactome:R-MMU-6811558|Reactome:R-MMU-8851805|Reactome:R-MMU-8851907|Reactome:R-MMU-8852405|Reactome:R-MMU-8865999|Reactome:R-MMU-8874081|Reactome:R-MMU-8875513|Reactome:R-MMU-8875555|Reactome:R-MMU-8875656|Reactome:R-MMU-8875791|Reactome:R-MMU-9020702|Reactome:R-MMU-933542|Reactome:R-MMU-9696270|Reactome:R-MMU-9696273|Reactome:R-MMU-9734091|Reactome:R-MMU-9860927|Reactome:R-RNO-1169091|Reactome:R-RNO-1257604|Reactome:R-RNO-1810476|Reactome:R-RNO-193692|Reactome:R-RNO-202424|Reactome:R-RNO-2025928|Reactome:R-RNO-209560|Reactome:R-RNO-264876|Reactome:R-RNO-2871809|Reactome:R-RNO-2871837|Reactome:R-RNO-3134963|Reactome:R-RNO-3214841|Reactome:R-RNO-399954|Reactome:R-RNO-399955|Reactome:R-RNO-399956|Reactome:R-RNO-416550|Reactome:R-RNO-416700|Reactome:R-RNO-445989|Reactome:R-RNO-448706|Reactome:R-RNO-5607763|Reactome:R-RNO-5607764|Reactome:R-RNO-5620916|Reactome:R-RNO-5621575|Reactome:R-RNO-5673001|Reactome:R-RNO-5684264|Reactome:R-RNO-6798695|Reactome:R-RNO-6806942|Reactome:R-RNO-6807004|Reactome:R-RNO-6811558|Reactome:R-RNO-8851805|Reactome:R-RNO-8851907|Reactome:R-RNO-8865999|Reactome:R-RNO-8874081|Reactome:R-RNO-8875513|Reactome:R-RNO-8875555|Reactome:R-RNO-8875656|Reactome:R-RNO-8875791|Reactome:R-RNO-9020702|Reactome:R-RNO-933542|Reactome:R-RNO-9734091|Reactome:R-RNO-9860927|Reactome:R-SCE-8948751|Reactome:R-SSC-1257604|Reactome:R-SSC-416550|Reactome:R-SSC-5673001|Reactome:R-SSC-6806942|Reactome:R-SSC-6807004|Reactome:R-SSC-6811558|Reactome:R-SSC-8851805|Reactome:R-SSC-8851907|Reactome:R-SSC-8865999|Reactome:R-SSC-8874081|Reactome:R-SSC-8875513|Reactome:R-SSC-8875555|Reactome:R-SSC-8875656|Reactome:R-SSC-8875791|Reactome:R-SSC-9734091
D_purpureum_EGC36612	d1d09141fb3339aa7137abdb934fd2e6	2102	MobiDBLite	mobidb-lite	consensus disorder prediction	1890	1962	-	T	26-08-2026	-	-	-	-
D_purpureum_EGC36612	d1d09141fb3339aa7137abdb934fd2e6	2102	Coils	Coil	Coil	1883	1935	-	T	26-08-2026	-	-	-	-
D_purpureum_EGC36612	d1d09141fb3339aa7137abdb934fd2e6	2102	SMART	SM00303	GPS_3	1807	1854	5.1E-10	T	26-08-2026	IPR000203	GPS motif	-	Reactome:R-CEL-373080|Reactome:R-CEL-6798695|Reactome:R-CEL-9619665|Reactome:R-DME-350368|Reactome:R-DME-350376|Reactome:R-DME-350379|Reactome:R-DME-350411|Reactome:R-DME-350480|Reactome:R-DME-373080|Reactome:R-DME-450728|Reactome:R-DME-6798695|Reactome:R-DME-9619665|Reactome:R-DRE-9619665|Reactome:R-HSA-373080|Reactome:R-HSA-5620916|Reactome:R-HSA-5683826|Reactome:R-HSA-6798695|Reactome:R-HSA-9619665|Reactome:R-MMU-373080|Reactome:R-MMU-5620916|Reactome:R-MMU-5683826|Reactome:R-MMU-6798695|Reactome:R-MMU-9619665|Reactome:R-RNO-373080|Reactome:R-RNO-5683826
D_purpureum_EGC36612	d1d09141fb3339aa7137abdb934fd2e6	2102	ProSiteProfiles	PS50221	GAIN-B domain profile.	1689	1855	18.150431	T	26-08-2026	IPR057244	GAIN, subdomain B	-	Reactome:R-CEL-373080|Reactome:R-CEL-6798695|Reactome:R-CEL-9619665|Reactome:R-DME-350368|Reactome:R-DME-350376|Reactome:R-DME-350379|Reactome:R-DME-350411|Reactome:R-DME-350480|Reactome:R-DME-373080|Reactome:R-DME-450728|Reactome:R-DME-6798695|Reactome:R-DME-9619665|Reactome:R-DRE-9619665|Reactome:R-HSA-373080|Reactome:R-HSA-5620916|Reactome:R-HSA-5683826|Reactome:R-HSA-6798695|Reactome:R-HSA-9619665|Reactome:R-MMU-373080|Reactome:R-MMU-5620916|Reactome:R-MMU-5683826|Reactome:R-MMU-6798695|Reactome:R-MMU-9619665|Reactome:R-RNO-373080|Reactome:R-RNO-5683826
D_purpureum_EGC36612	d1d09141fb3339aa7137abdb934fd2e6	2102	Phobius	SIGNAL_PEPTIDE_C_REGION	C-terminal region of a signal peptide.	15	21	-	T	26-08-2026	-	-	-	-
D_purpureum_EGC36612	d1d09141fb3339aa7137abdb934fd2e6	2102	Gene3D	G3DSA:3.40.50.2000	Glycogen Phosphorylase B;	311	498	2.3E-14	T	26-08-2026	-	-	-	-
D_purpureum_EGC36612	d1d09141fb3339aa7137abdb934fd2e6	2102	PANTHER	PTHR22916	GLYCOSYLTRANSFERASE	546	1900	3.4E-95	T	26-08-2026	-	-	-	-
D_purpureum_EGC36612	d1d09141fb3339aa7137abdb934fd2e6	2102	Phobius	SIGNAL_PEPTIDE	Signal peptide region	1	21	-	T	26-08-2026	-	-	-	-
D_purpureum_EGC36612	d1d09141fb3339aa7137abdb934fd2e6	2102	TMHMM	TMhelix	Region of a membrane-bound protein predicted to be embedded in the membrane.	1859	1881	-	T	26-08-2026	-	-	-	-
D_purpureum_EGC36612	d1d09141fb3339aa7137abdb934fd2e6	2102	SignalP_EUK	SignalP-noTM	SignalP-noTM	1	19	-	T	26-08-2026	-	-	-	-
D_purpureum_EGC36612	d1d09141fb3339aa7137abdb934fd2e6	2102	Gene3D	G3DSA:2.60.40.10	Immunoglobulins	1014	1103	6.3E-7	T	26-08-2026	IPR013783	Immunoglobulin-like fold	-	Reactome:R-BTA-114608|Reactome:R-BTA-1236974|Reactome:R-BTA-1236977|Reactome:R-BTA-1257604|Reactome:R-BTA-1266695|Reactome:R-BTA-140834|Reactome:R-BTA-163125|Reactome:R-BTA-1632852|Reactome:R-BTA-1660661|Reactome:R-BTA-173736|Reactome:R-BTA-174577|Reactome:R-BTA-1971475|Reactome:R-BTA-198933|Reactome:R-BTA-2022870|Reactome:R-BTA-2022923|Reactome:R-BTA-2024101|Reactome:R-BTA-202424|Reactome:R-BTA-202427|Reactome:R-BTA-202430|Reactome:R-BTA-202433|Reactome:R-BTA-202733|Reactome:R-BTA-210993|Reactome:R-BTA-216083|Reactome:R-BTA-2173791|Reactome:R-BTA-2424491|Reactome:R-BTA-3000178|Reactome:R-BTA-350054|Reactome:R-BTA-375276|Reactome:R-BTA-380972|Reactome:R-BTA-381426|Reactome:R-BTA-388844|Reactome:R-BTA-389948|Reactome:R-BTA-418594|Reactome:R-BTA-420029|Reactome:R-BTA-445355|Reactome:R-BTA-5576892|Reactome:R-BTA-5627123|Reactome:R-BTA-5628897|Reactome:R-BTA-5673001|Reactome:R-BTA-5690714|Reactome:R-BTA-6785807|Reactome:R-BTA-6798695|Reactome:R-BTA-6804756|Reactome:R-BTA-6811558|Reactome:R-BTA-77387|Reactome:R-BTA-8849932|Reactome:R-BTA-8856825|Reactome:R-BTA-8856828|Reactome:R-BTA-8932505|Reactome:R-BTA-8941856|Reactome:R-BTA-8957275|Reactome:R-BTA-8980692|Reactome:R-BTA-8983432|Reactome:R-BTA-8985947|Reactome:R-BTA-9013106|Reactome:R-BTA-9013404|Reactome:R-BTA-9013408|Reactome:R-BTA-9020558|Reactome:R-BTA-9020958|Reactome:R-BTA-909733|Reactome:R-BTA-912526|Reactome:R-BTA-912694|Reactome:R-BTA-9609523|Reactome:R-BTA-977606|Reactome:R-BTA-983168|Reactome:R-BTA-983170|Reactome:R-BTA-983695|Reactome:R-BTA-9927354|Reactome:R-BTA-9931269|Reactome:R-CEL-1257604|Reactome:R-CEL-1433557|Reactome:R-CEL-1433559|Reactome:R-CEL-1474228|Reactome:R-CEL-186763|Reactome:R-CEL-186797|Reactome:R-CEL-190322|Reactome:R-CEL-190370|Reactome:R-CEL-190371|Reactome:R-CEL-190372|Reactome:R-CEL-190373|Reactome:R-CEL-190375|Reactome:R-CEL-190377|Reactome:R-CEL-1971475|Reactome:R-CEL-2022928|Reactome:R-CEL-2024096|Reactome:R-CEL-209968|Reactome:R-CEL-210991|Reactome:R-CEL-216083|Reactome:R-CEL-2243919|Reactome:R-CEL-264876|Reactome:R-CEL-2682334|Reactome:R-CEL-3000171|Reactome:R-CEL-3000178|Reactome:R-CEL-373752|Reactome:R-CEL-373753|Reactome:R-CEL-375165|Reactome:R-CEL-376176|Reactome:R-CEL-388844|Reactome:R-CEL-3928662|Reactome:R-CEL-3928663|Reactome:R-CEL-3928664|Reactome:R-CEL-3928665|Reactome:R-CEL-399955|Reactome:R-CEL-399956|Reactome:R-CEL-416482|Reactome:R-CEL-416572|Reactome:R-CEL-416700|Reactome:R-CEL-418885|Reactome:R-CEL-419037|Reactome:R-CEL-428542|Reactome:R-CEL-433692|Reactome:R-CEL-4420097|Reactome:R-CEL-445144|Reactome:R-CEL-447043|Reactome:R-CEL-5140745|Reactome:R-CEL-5218920|Reactome:R-CEL-525793|Reactome:R-CEL-5620916|Reactome:R-CEL-5654219|Reactome:R-CEL-5654221|Reactome:R-CEL-5654227|Reactome:R-CEL-5654228|Reactome:R-CEL-5654689|Reactome:R-CEL-5654693|Reactome:R-CEL-5654695|Reactome:R-CEL-5654699|Reactome:R-CEL-5654700|Reactome:R-CEL-5654704|Reactome:R-CEL-5654706|Reactome:R-CEL-5654710|Reactome:R-CEL-5654712|Reactome:R-CEL-5654720|Reactome:R-CEL-5654726|Reactome:R-CEL-5654727|Reactome:R-CEL-5654732|Reactome:R-CEL-5654733|Reactome:R-CEL-5673001|Reactome:R-CEL-6798695|Reactome:R-CEL-6809371|Reactome:R-CEL-6811558|Reactome:R-CEL-77387|Reactome:R-CEL-8849932|Reactome:R-CEL-8853383|Reactome:R-CEL-8863795|Reactome:R-CEL-8941413|Reactome:R-CEL-9013149|Reactome:R-CEL-9013420|Reactome:R-CEL-9013423|Reactome:R-CEL-9013424|Reactome:R-CEL-913709|Reactome:R-CEL-9607240|Reactome:R-CEL-9749641|Reactome:R-CEL-9764561|Reactome:R-CEL-9772755|Reactome:R-CEL-9913351|Reactome:R-CFA-1257604|Reactome:R-CFA-1433557|Reactome:R-CFA-1433559|Reactome:R-CFA-198933|Reactome:R-CFA-2024096|Reactome:R-CFA-2024101|Reactome:R-CFA-202424|Reactome:R-CFA-202427|Reactome:R-CFA-202430|Reactome:R-CFA-202433|Reactome:R-CFA-216083|Reactome:R-CFA-389948|Reactome:R-CFA-5673001|Reactome:R-CFA-5690714|Reactome:R-CFA-6785807|Reactome:R-CFA-6788467|Reactome:R-CFA-6811558|Reactome:R-CFA-8932504|Reactome:R-CFA-8932505|Reactome:R-CFA-8932506|Reactome:R-CFA-9010553|Reactome:R-CFA-983170|Reactome:R-CFA-983695|Reactome:R-CFA-9856649|Reactome:R-CFA-9913351|Reactome:R-CFA-9927354|Reactome:R-CFA-9939291|Reactome:R-DDI-3295583|Reactome:R-DDI-5213460|Reactome:R-DDI-5673000|Reactome:R-DDI-5674135|Reactome:R-DDI-5675221|Reactome:R-DDI-5675482|Reactome:R-DME-109704|Reactome:R-DME-110478|Reactome:R-DME-114608|Reactome:R-DME-1169091|Reactome:R-DME-1227986|Reactome:R-DME-1236394|Reactome:R-DME-1250196|Reactome:R-DME-1250342|Reactome:R-DME-1250347|Reactome:R-DME-1257604|Reactome:R-DME-1307965|Reactome:R-DME-1358803|Reactome:R-DME-1474228|Reactome:R-DME-1810476|Reactome:R-DME-190322|Reactome:R-DME-190370|Reactome:R-DME-190371|Reactome:R-DME-190372|Reactome:R-DME-190373|Reactome:R-DME-190374|Reactome:R-DME-190375|Reactome:R-DME-190377|Reactome:R-DME-1963640|Reactome:R-DME-1963642|Reactome:R-DME-1971475|Reactome:R-DME-2022928|Reactome:R-DME-2024096|Reactome:R-DME-2024101|Reactome:R-DME-202424|Reactome:R-DME-202733|Reactome:R-DME-209209|Reactome:R-DME-209228|Reactome:R-DME-209338|Reactome:R-DME-209394|Reactome:R-DME-209400|Reactome:R-DME-209406|Reactome:R-DME-209560|Reactome:R-DME-209968|Reactome:R-DME-210688|Reactome:R-DME-210991|Reactome:R-DME-214399|Reactome:R-DME-214411|Reactome:R-DME-214416|Reactome:R-DME-214842|Reactome:R-DME-214844|Reactome:R-DME-214869|Reactome:R-DME-216083|Reactome:R-DME-264876|Reactome:R-DME-2871837|Reactome:R-DME-3000171|Reactome:R-DME-3000178|Reactome:R-DME-3134963|Reactome:R-DME-3214847|Reactome:R-DME-350054|Reactome:R-DME-373080|Reactome:R-DME-373752|Reactome:R-DME-373753|Reactome:R-DME-375165|Reactome:R-DME-376172|Reactome:R-DME-388844|Reactome:R-DME-416482|Reactome:R-DME-416572|Reactome:R-DME-416700|Reactome:R-DME-418990|Reactome:R-DME-419037|Reactome:R-DME-420597|Reactome:R-DME-428542|Reactome:R-DME-433692|Reactome:R-DME-445144|Reactome:R-DME-445989|Reactome:R-DME-446353|Reactome:R-DME-447043|Reactome:R-DME-4755510|Reactome:R-DME-5607761|Reactome:R-DME-5607764|Reactome:R-DME-5620916|Reactome:R-DME-5621575|Reactome:R-DME-5627123|Reactome:R-DME-5654219|Reactome:R-DME-5654221|Reactome:R-DME-5654227|Reactome:R-DME-5654228|Reactome:R-DME-5654687|Reactome:R-DME-5654688|Reactome:R-DME-5654689|Reactome:R-DME-5654693|Reactome:R-DME-5654695|Reactome:R-DME-5654699|Reactome:R-DME-5654700|Reactome:R-DME-5654704|Reactome:R-DME-5654706|Reactome:R-DME-5654710|Reactome:R-DME-5654712|Reactome:R-DME-5654719|Reactome:R-DME-5654720|Reactome:R-DME-5654726|Reactome:R-DME-5654727|Reactome:R-DME-5654732|Reactome:R-DME-5654733|Reactome:R-DME-5658623|Reactome:R-DME-5673001|Reactome:R-DME-5676590|Reactome:R-DME-5689603|Reactome:R-DME-6785631|Reactome:R-DME-6798695|Reactome:R-DME-6807878|Reactome:R-DME-6811558|Reactome:R-DME-77387|Reactome:R-DME-8849932|Reactome:R-DME-8863795|Reactome:R-DME-8941413|Reactome:R-DME-9009391|Reactome:R-DME-9020702|Reactome:R-DME-913709|Reactome:R-DME-933542|Reactome:R-DME-9749641|Reactome:R-DME-977068|Reactome:R-DME-9772755|Reactome:R-DME-983168|Reactome:R-DME-9860927|Reactome:R-DME-9913351|Reactome:R-DRE-109704|Reactome:R-DRE-1257604|Reactome:R-DRE-1300645|Reactome:R-DRE-1307965|Reactome:R-DRE-1433557|Reactome:R-DRE-1433559|Reactome:R-DRE-186763|Reactome:R-DRE-186797|Reactome:R-DRE-190322|Reactome:R-DRE-190370|Reactome:R-DRE-190371|Reactome:R-DRE-190372|Reactome:R-DRE-190373|Reactome:R-DRE-190374|Reactome:R-DRE-190375|Reactome:R-DRE-190377|Reactome:R-DRE-193648|Reactome:R-DRE-194306|Reactome:R-DRE-195399|Reactome:R-DRE-198933|Reactome:R-DRE-202733|Reactome:R-DRE-210993|Reactome:R-DRE-2132295|Reactome:R-DRE-216083|Reactome:R-DRE-2682334|Reactome:R-DRE-3214841|Reactome:R-DRE-381426|Reactome:R-DRE-388844|Reactome:R-DRE-3928662|Reactome:R-DRE-3928663|Reactome:R-DRE-3928664|Reactome:R-DRE-3928665|Reactome:R-DRE-399954|Reactome:R-DRE-399956|Reactome:R-DRE-416476|Reactome:R-DRE-416482|Reactome:R-DRE-416550|Reactome:R-DRE-416572|Reactome:R-DRE-418990|Reactome:R-DRE-420597|Reactome:R-DRE-4420097|Reactome:R-DRE-449836|Reactome:R-DRE-5218921|Reactome:R-DRE-5654219|Reactome:R-DRE-5654221|Reactome:R-DRE-5654227|Reactome:R-DRE-5654228|Reactome:R-DRE-5654687|Reactome:R-DRE-5654688|Reactome:R-DRE-5654689|Reactome:R-DRE-5654693|Reactome:R-DRE-5654695|Reactome:R-DRE-5654699|Reactome:R-DRE-5654700|Reactome:R-DRE-5654704|Reactome:R-DRE-5654706|Reactome:R-DRE-5654710|Reactome:R-DRE-5654712|Reactome:R-DRE-5654719|Reactome:R-DRE-5654720|Reactome:R-DRE-5654726|Reactome:R-DRE-5654727|Reactome:R-DRE-5654732|Reactome:R-DRE-5654733|Reactome:R-DRE-5673001|Reactome:R-DRE-6811558|Reactome:R-DRE-8849932|Reactome:R-DRE-8932505|Reactome:R-DRE-8957275|Reactome:R-DRE-8980692|Reactome:R-DRE-9007892|Reactome:R-DRE-9013148|Reactome:R-DRE-9013149|Reactome:R-DRE-9013404|Reactome:R-DRE-9013408|Reactome:R-DRE-9013409|Reactome:R-DRE-9013423|Reactome:R-DRE-983168|Reactome:R-DRE-9843940|Reactome:R-DRE-9843970|Reactome:R-DRE-9856649|Reactome:R-GGA-114608|Reactome:R-GGA-1227892|Reactome:R-GGA-1227986|Reactome:R-GGA-1236394|Reactome:R-GGA-1236974|Reactome:R-GGA-1236977|Reactome:R-GGA-1250196|Reactome:R-GGA-1250342|Reactome:R-GGA-1250347|Reactome:R-GGA-1257604|Reactome:R-GGA-1306955|Reactome:R-GGA-1358803|Reactome:R-GGA-1433557|Reactome:R-GGA-1433559|Reactome:R-GGA-1474228|Reactome:R-GGA-1566977|Reactome:R-GGA-163125|Reactome:R-GGA-190373|Reactome:R-GGA-193634|Reactome:R-GGA-1963640|Reactome:R-GGA-1963642|Reactome:R-GGA-198933|Reactome:R-GGA-202733|Reactome:R-GGA-210991|Reactome:R-GGA-2129379|Reactome:R-GGA-2132263|Reactome:R-GGA-2132286|Reactome:R-GGA-216083|Reactome:R-GGA-3000170|Reactome:R-GGA-3000178|Reactome:R-GGA-3214841|Reactome:R-GGA-354192|Reactome:R-GGA-354194|Reactome:R-GGA-372708|Reactome:R-GGA-373920|Reactome:R-GGA-381426|Reactome:R-GGA-388844|Reactome:R-GGA-433692|Reactome:R-GGA-434001|Reactome:R-GGA-434131|Reactome:R-GGA-449836|Reactome:R-GGA-5654726|Reactome:R-GGA-5673001|Reactome:R-GGA-5674135|Reactome:R-GGA-6785631|Reactome:R-GGA-6798695|Reactome:R-GGA-6811558|Reactome:R-GGA-8854691|Reactome:R-GGA-8863795|Reactome:R-GGA-8932505|Reactome:R-GGA-8957275|Reactome:R-GGA-9634597|Reactome:R-GGA-9749641|Reactome:R-GGA-983170|Reactome:R-GGA-9843940|Reactome:R-GGA-9843970|Reactome:R-GGA-9856649|Reactome:R-GGA-9860927|Reactome:R-HSA-1059683|Reactome:R-HSA-109704|Reactome:R-HSA-110056|Reactome:R-HSA-112411|Reactome:R-HSA-114604|Reactome:R-HSA-114608|Reactome:R-HSA-1169091|Reactome:R-HSA-1169408|Reactome:R-HSA-1170546|Reactome:R-HSA-1227986|Reactome:R-HSA-1236394|Reactome:R-HSA-1236974|Reactome:R-HSA-1236977|Reactome:R-HSA-1236978|Reactome:R-HSA-1250196|Reactome:R-HSA-1250342|Reactome:R-HSA-1250347|Reactome:R-HSA-1251985|Reactome:R-HSA-1257604|Reactome:R-HSA-1266695|Reactome:R-HSA-1300645|Reactome:R-HSA-1306955|Reactome:R-HSA-1307965|Reactome:R-HSA-1358803|Reactome:R-HSA-140834|Reactome:R-HSA-140837|Reactome:R-HSA-140875|Reactome:R-HSA-1433557|Reactome:R-HSA-1433559|Reactome:R-HSA-1442490|Reactome:R-HSA-1445148|Reactome:R-HSA-1462054|Reactome:R-HSA-1474228|Reactome:R-HSA-1483115|Reactome:R-HSA-1483152|Reactome:R-HSA-1566977|Reactome:R-HSA-163125|Reactome:R-HSA-1632852|Reactome:R-HSA-163680|Reactome:R-HSA-164939|Reactome:R-HSA-164940|Reactome:R-HSA-1650814|Reactome:R-HSA-1660499|Reactome:R-HSA-1660514|Reactome:R-HSA-166058|Reactome:R-HSA-1660661|Reactome:R-HSA-166663|Reactome:R-HSA-166665|Reactome:R-HSA-167021|Reactome:R-HSA-167044|Reactome:R-HSA-167590|Reactome:R-HSA-170968|Reactome:R-HSA-170984|Reactome:R-HSA-173107|Reactome:R-HSA-173623|Reactome:R-HSA-173736|Reactome:R-HSA-174577|Reactome:R-HSA-177504|Reactome:R-HSA-177929|Reactome:R-HSA-180534|Reactome:R-HSA-1810476|Reactome:R-HSA-181429|Reactome:R-HSA-181430|Reactome:R-HSA-182218|Reactome:R-HSA-182971|Reactome:R-HSA-1839120|Reactome:R-HSA-1839122|Reactome:R-HSA-1839128|Reactome:R-HSA-1839130|Reactome:R-HSA-1855183|Reactome:R-HSA-1855204|Reactome:R-HSA-186763|Reactome:R-HSA-186797|Reactome:R-HSA-187024|Reactome:R-HSA-187042|Reactome:R-HSA-187706|Reactome:R-HSA-190322|Reactome:R-HSA-190370|Reactome:R-HSA-190371|Reactome:R-HSA-190372|Reactome:R-HSA-190373|Reactome:R-HSA-190374|Reactome:R-HSA-190375|Reactome:R-HSA-190377|Reactome:R-HSA-1912408|Reactome:R-HSA-193634|Reactome:R-HSA-193648|Reactome:R-HSA-193692|Reactome:R-HSA-194306|Reactome:R-HSA-195399|Reactome:R-HSA-196108|Reactome:R-HSA-1963640|Reactome:R-HSA-1963642|Reactome:R-HSA-1971475|Reactome:R-HSA-198203|Reactome:R-HSA-198745|Reactome:R-HSA-198933|Reactome:R-HSA-200425|Reactome:R-HSA-2022090|Reactome:R-HSA-2022854|Reactome:R-HSA-2022857|Reactome:R-HSA-2022870|Reactome:R-HSA-2022923|Reactome:R-HSA-2022928|Reactome:R-HSA-2023837|Reactome:R-HSA-2024096|Reactome:R-HSA-2024101|Reactome:R-HSA-202424|Reactome:R-HSA-202427|Reactome:R-HSA-202430|Reactome:R-HSA-202433|Reactome:R-HSA-2025928|Reactome:R-HSA-202733|Reactome:R-HSA-2029481|Reactome:R-HSA-2029482|Reactome:R-HSA-2029485|Reactome:R-HSA-2033515|Reactome:R-HSA-2033519|Reactome:R-HSA-204005|Reactome:R-HSA-209560|Reactome:R-HSA-210500|Reactome:R-HSA-210744|Reactome:R-HSA-210990|Reactome:R-HSA-210991|Reactome:R-HSA-210993|Reactome:R-HSA-2122947|Reactome:R-HSA-2122948|Reactome:R-HSA-212676|Reactome:R-HSA-2129379|Reactome:R-HSA-2132295|Reactome:R-HSA-2151201|Reactome:R-HSA-2151209|Reactome:R-HSA-216083|Reactome:R-HSA-2160916|Reactome:R-HSA-2168880|Reactome:R-HSA-2172127|Reactome:R-HSA-2173791|Reactome:R-HSA-2197563|Reactome:R-HSA-2206292|Reactome:R-HSA-2206302|Reactome:R-HSA-2214320|Reactome:R-HSA-2219530|Reactome:R-HSA-2243919|Reactome:R-HSA-2404192|Reactome:R-HSA-2424491|Reactome:R-HSA-2428928|Reactome:R-HSA-2428933|Reactome:R-HSA-2454202|Reactome:R-HSA-2559582|Reactome:R-HSA-2565942|Reactome:R-HSA-2586552|Reactome:R-HSA-2644606|Reactome:R-HSA-264642|Reactome:R-HSA-264876|Reactome:R-HSA-2672351|Reactome:R-HSA-2682334|Reactome:R-HSA-2730905|Reactome:R-HSA-2871796|Reactome:R-HSA-2871809|Reactome:R-HSA-2871837|Reactome:R-HSA-2892247|Reactome:R-HSA-2894862|Reactome:R-HSA-2979096|Reactome:R-HSA-3000157|Reactome:R-HSA-3000170|Reactome:R-HSA-3000171|Reactome:R-HSA-3000178|Reactome:R-HSA-3134963|Reactome:R-HSA-3214841|Reactome:R-HSA-3214847|Reactome:R-HSA-3322077|Reactome:R-HSA-350054|Reactome:R-HSA-354192|Reactome:R-HSA-354194|Reactome:R-HSA-3560783|Reactome:R-HSA-3560801|Reactome:R-HSA-3595172|Reactome:R-HSA-3595174|Reactome:R-HSA-3595177|Reactome:R-HSA-3656225|Reactome:R-HSA-3656237|Reactome:R-HSA-3656243|Reactome:R-HSA-3656244|Reactome:R-HSA-3656253|Reactome:R-HSA-372708|Reactome:R-HSA-373752|Reactome:R-HSA-373753|Reactome:R-HSA-373756|Reactome:R-HSA-373760|Reactome:R-HSA-375165|Reactome:R-HSA-375276|Reactome:R-HSA-376172|Reactome:R-HSA-376176|Reactome:R-HSA-3785653|Reactome:R-HSA-380259|Reactome:R-HSA-380270|Reactome:R-HSA-380284|Reactome:R-HSA-380320|Reactome:R-HSA-380972|Reactome:R-HSA-381340|Reactome:R-HSA-381426|Reactome:R-HSA-3878781|Reactome:R-HSA-388844|Reactome:R-HSA-389356|Reactome:R-HSA-389357|Reactome:R-HSA-389359|Reactome:R-HSA-389513|Reactome:R-HSA-389948|Reactome:R-HSA-390522|Reactome:R-HSA-391160|Reactome:R-HSA-3928662|Reactome:R-HSA-3928663|Reactome:R-HSA-3928664|Reactome:R-HSA-3928665|Reactome:R-HSA-399954|Reactome:R-HSA-399955|Reactome:R-HSA-399956|Reactome:R-HSA-4086398|Reactome:R-HSA-4086400|Reactome:R-HSA-416476|Reactome:R-HSA-416482|Reactome:R-HSA-416550|Reactome:R-HSA-416572|Reactome:R-HSA-416700|Reactome:R-HSA-418594|Reactome:R-HSA-418885|Reactome:R-HSA-418886|Reactome:R-HSA-418889|Reactome:R-HSA-418890|Reactome:R-HSA-418990|Reactome:R-HSA-419037|Reactome:R-HSA-420029|Reactome:R-HSA-420597|Reactome:R-HSA-428540|Reactome:R-HSA-428542|Reactome:R-HSA-428543|Reactome:R-HSA-428890|Reactome:R-HSA-430116|Reactome:R-HSA-432142|Reactome:R-HSA-432722|Reactome:R-HSA-433692|Reactome:R-HSA-437239|Reactome:R-HSA-4420097|Reactome:R-HSA-4420332|Reactome:R-HSA-445095|Reactome:R-HSA-445144|Reactome:R-HSA-445355|Reactome:R-HSA-445989|Reactome:R-HSA-446107|Reactome:R-HSA-446353|Reactome:R-HSA-447038|Reactome:R-HSA-447041|Reactome:R-HSA-447043|Reactome:R-HSA-448706|Reactome:R-HSA-449836|Reactome:R-HSA-451927|Reactome:R-HSA-4755510|Reactome:R-HSA-5083628|Reactome:R-HSA-5083629|Reactome:R-HSA-5083633|Reactome:R-HSA-5083635|Reactome:R-HSA-512988|Reactome:R-HSA-5140745|Reactome:R-HSA-5173214|Reactome:R-HSA-5218921|Reactome:R-HSA-5223345|Reactome:R-HSA-525793|Reactome:R-HSA-5576892|Reactome:R-HSA-5603029|Reactome:R-HSA-5607761|Reactome:R-HSA-5607763|Reactome:R-HSA-5607764|Reactome:R-HSA-5619070|Reactome:R-HSA-5620912|Reactome:R-HSA-5620916|Reactome:R-HSA-5621575|Reactome:R-HSA-5627123|Reactome:R-HSA-5628897|Reactome:R-HSA-5632681|Reactome:R-HSA-5635838|Reactome:R-HSA-5654219|Reactome:R-HSA-5654221|Reactome:R-HSA-5654227|Reactome:R-HSA-5654228|Reactome:R-HSA-5654687|Reactome:R-HSA-5654688|Reactome:R-HSA-5654689|Reactome:R-HSA-5654693|Reactome:R-HSA-5654695|Reactome:R-HSA-5654699|Reactome:R-HSA-5654700|Reactome:R-HSA-5654704|Reactome:R-HSA-5654706|Reactome:R-HSA-5654710|Reactome:R-HSA-5654712|Reactome:R-HSA-5654719|Reactome:R-HSA-5654720|Reactome:R-HSA-5654726|Reactome:R-HSA-5654727|Reactome:R-HSA-5654732|Reactome:R-HSA-5654733|Reactome:R-HSA-5655253|Reactome:R-HSA-5655291|Reactome:R-HSA-5655302|Reactome:R-HSA-5655332|Reactome:R-HSA-5658623|Reactome:R-HSA-5660668|Reactome:R-HSA-5673001|Reactome:R-HSA-5674135|Reactome:R-HSA-5676590|Reactome:R-HSA-5683826|Reactome:R-HSA-5684264|Reactome:R-HSA-5687128|Reactome:R-HSA-5688849|Reactome:R-HSA-5688890|Reactome:R-HSA-5689603|Reactome:R-HSA-5690714|Reactome:R-HSA-5694530|Reactome:R-HSA-6783783|Reactome:R-HSA-6785631|Reactome:R-HSA-6785807|Reactome:R-HSA-6788467|Reactome:R-HSA-6798695|Reactome:R-HSA-6802946|Reactome:R-HSA-6802948|Reactome:R-HSA-6802952|Reactome:R-HSA-6802955|Reactome:R-HSA-6804756|Reactome:R-HSA-6806942|Reactome:R-HSA-6807004|Reactome:R-HSA-6809371|Reactome:R-HSA-6811558|Reactome:R-HSA-74713|Reactome:R-HSA-74749|Reactome:R-HSA-74751|Reactome:R-HSA-74752|Reactome:R-HSA-75892|Reactome:R-HSA-76009|Reactome:R-HSA-77387|Reactome:R-HSA-844456|Reactome:R-HSA-877300|Reactome:R-HSA-877312|Reactome:R-HSA-879415|Reactome:R-HSA-8847993|Reactome:R-HSA-8849932|Reactome:R-HSA-8851680|Reactome:R-HSA-8851708|Reactome:R-HSA-8851805|Reactome:R-HSA-8851907|Reactome:R-HSA-8852405|Reactome:R-HSA-8853333|Reactome:R-HSA-8853334|Reactome:R-HSA-8853336|Reactome:R-HSA-8853383|Reactome:R-HSA-8853884|Reactome:R-HSA-8854518|Reactome:R-HSA-8854691|Reactome:R-HSA-8856825|Reactome:R-HSA-8856828|Reactome:R-HSA-8857538|Reactome:R-HSA-8863795|Reactome:R-HSA-8865999|Reactome:R-HSA-8866654|Reactome:R-HSA-8866910|Reactome:R-HSA-8874081|Reactome:R-HSA-8875360|Reactome:R-HSA-8875513|Reactome:R-HSA-8875555|Reactome:R-HSA-8875656|Reactome:R-HSA-8875791|Reactome:R-HSA-8877330|Reactome:R-HSA-8932504|Reactome:R-HSA-8932505|Reactome:R-HSA-8932506|Reactome:R-HSA-8939247|Reactome:R-HSA-8941856|Reactome:R-HSA-8948216|Reactome:R-HSA-8951664|Reactome:R-HSA-8957275|Reactome:R-HSA-8963896|Reactome:R-HSA-8964038|Reactome:R-HSA-8964046|Reactome:R-HSA-8980692|Reactome:R-HSA-8983432|Reactome:R-HSA-8983711|Reactome:R-HSA-8984722|Reactome:R-HSA-8985586|Reactome:R-HSA-8985801|Reactome:R-HSA-8985947|Reactome:R-HSA-9006335|Reactome:R-HSA-9007892|Reactome:R-HSA-9008059|Reactome:R-HSA-9009391|Reactome:R-HSA-9010553|Reactome:R-HSA-9010642|Reactome:R-HSA-9012546|Reactome:R-HSA-9013026|Reactome:R-HSA-9013106|Reactome:R-HSA-9013148|Reactome:R-HSA-9013149|Reactome:R-HSA-9013404|Reactome:R-HSA-9013405|Reactome:R-HSA-9013406|Reactome:R-HSA-9013408|Reactome:R-HSA-9013409|Reactome:R-HSA-9013420|Reactome:R-HSA-9013423|Reactome:R-HSA-9013424|Reactome:R-HSA-9013508|Reactome:R-HSA-9013695|Reactome:R-HSA-9014826|Reactome:R-HSA-9014843|Reactome:R-HSA-9020558|Reactome:R-HSA-9020591|Reactome:R-HSA-9020702|Reactome:R-HSA-9020933|Reactome:R-HSA-9020956|Reactome:R-HSA-9020958|Reactome:R-HSA-9022699|Reactome:R-HSA-9024909|Reactome:R-HSA-9025046|Reactome:R-HSA-9026357|Reactome:R-HSA-9026519|Reactome:R-HSA-9026527|Reactome:R-HSA-9027276|Reactome:R-HSA-9027277|Reactome:R-HSA-9027283|Reactome:R-HSA-9027284|Reactome:R-HSA-9028335|Reactome:R-HSA-9028731|Reactome:R-HSA-9031628|Reactome:R-HSA-9032500|Reactome:R-HSA-9032759|Reactome:R-HSA-9032845|Reactome:R-HSA-9034013|Reactome:R-HSA-9034015|Reactome:R-HSA-9034793|Reactome:R-HSA-9034864|Reactome:R-HSA-9035034|Reactome:R-HSA-909733|Reactome:R-HSA-912526|Reactome:R-HSA-912694|Reactome:R-HSA-917977|Reactome:R-HSA-933542|Reactome:R-HSA-9603381|Reactome:R-HSA-9603505|Reactome:R-HSA-9607240|Reactome:R-HSA-9609523|Reactome:R-HSA-9609690|Reactome:R-HSA-9610379|Reactome:R-HSA-9613354|Reactome:R-HSA-9615017|Reactome:R-HSA-9616222|Reactome:R-HSA-9619483|Reactome:R-HSA-9619665|Reactome:R-HSA-9620244|Reactome:R-HSA-9634597|Reactome:R-HSA-9637628|Reactome:R-HSA-9638334|Reactome:R-HSA-9638630|Reactome:R-HSA-9645135|Reactome:R-HSA-9649948|Reactome:R-HSA-9656223|Reactome:R-HSA-9660826|Reactome:R-HSA-9664323|Reactome:R-HSA-9664422|Reactome:R-HSA-9664565|Reactome:R-HSA-9664873|Reactome:R-HSA-9665686|Reactome:R-HSA-9669914|Reactome:R-HSA-9669917|Reactome:R-HSA-9669921|Reactome:R-HSA-9669924|Reactome:R-HSA-9669926|Reactome:R-HSA-9669929|Reactome:R-HSA-9669933|Reactome:R-HSA-9669934|Reactome:R-HSA-9669935|Reactome:R-HSA-9669936|Reactome:R-HSA-9670439|Reactome:R-HSA-9673767|Reactome:R-HSA-9673768|Reactome:R-HSA-9673770|Reactome:R-HSA-9674396|Reactome:R-HSA-9674401|Reactome:R-HSA-9674403|Reactome:R-HSA-9674404|Reactome:R-HSA-9674428|Reactome:R-HSA-9674555|Reactome:R-HSA-9679191|Reactome:R-HSA-9680187|Reactome:R-HSA-9680350|Reactome:R-HSA-9692916|Reactome:R-HSA-9694614|Reactome:R-HSA-9696264|Reactome:R-HSA-9696270|Reactome:R-HSA-9696273|Reactome:R-HSA-9700645|Reactome:R-HSA-9701898|Reactome:R-HSA-9702509|Reactome:R-HSA-9702518|Reactome:R-HSA-9702569|Reactome:R-HSA-9702577|Reactome:R-HSA-9702581|Reactome:R-HSA-9702590|Reactome:R-HSA-9702596|Reactome:R-HSA-9702600|Reactome:R-HSA-9702605|Reactome:R-HSA-9702614|Reactome:R-HSA-9702620|Reactome:R-HSA-9702624|Reactome:R-HSA-9702632|Reactome:R-HSA-9702636|Reactome:R-HSA-9702998|Reactome:R-HSA-9703009|Reactome:R-HSA-9703648|Reactome:R-HSA-9705462|Reactome:R-HSA-9705671|Reactome:R-HSA-9706369|Reactome:R-HSA-9706374|Reactome:R-HSA-9706377|Reactome:R-HSA-9717207|Reactome:R-HSA-9725370|Reactome:R-HSA-9725371|Reactome:R-HSA-9725554|Reactome:R-HSA-9732724|Reactome:R-HSA-9734091|Reactome:R-HSA-9749641|Reactome:R-HSA-9752946|Reactome:R-HSA-975634|Reactome:R-HSA-9758919|Reactome:R-HSA-977225|Reactome:R-HSA-9772755|Reactome:R-HSA-977443|Reactome:R-HSA-977606|Reactome:R-HSA-9793380|Reactome:R-HSA-9818749|Reactome:R-HSA-9820960|Reactome:R-HSA-9824272|Reactome:R-HSA-9824585|Reactome:R-HSA-9825892|Reactome:R-HSA-982772|Reactome:R-HSA-9830674|Reactome:R-HSA-983168|Reactome:R-HSA-983170|Reactome:R-HSA-9833109|Reactome:R-HSA-9833110|Reactome:R-HSA-983695|Reactome:R-HSA-9843940|Reactome:R-HSA-9843970|Reactome:R-HSA-9844594|Reactome:R-HSA-9851151|Reactome:R-HSA-9854909|Reactome:R-HSA-9856530|Reactome:R-HSA-9856532|Reactome:R-HSA-9856649|Reactome:R-HSA-9860927|Reactome:R-HSA-9909620|Reactome:R-HSA-9909649|Reactome:R-HSA-9913351|Reactome:R-HSA-9918481|Reactome:R-HSA-9918485|Reactome:R-HSA-9920588|Reactome:R-HSA-9925563|Reactome:R-HSA-9926550|Reactome:R-HSA-9927353|Reactome:R-HSA-9927354|Reactome:R-HSA-9927418|Reactome:R-HSA-9927426|Reactome:R-HSA-9929356|Reactome:R-HSA-9929491|Reactome:R-HSA-9931269|Reactome:R-HSA-9931295|Reactome:R-HSA-9939291|Reactome:R-HSA-9942503|Reactome:R-HSA-9953038|Reactome:R-HSA-9953080|Reactome:R-MMU-1059683|Reactome:R-MMU-109704|Reactome:R-MMU-110056|Reactome:R-MMU-112411|Reactome:R-MMU-114604|Reactome:R-MMU-114608|Reactome:R-MMU-1169091|Reactome:R-MMU-1169408|Reactome:R-MMU-1170546|Reactome:R-MMU-1227986|Reactome:R-MMU-1236394|Reactome:R-MMU-1236974|Reactome:R-MMU-1236977|Reactome:R-MMU-1236978|Reactome:R-MMU-1250196|Reactome:R-MMU-1250342|Reactome:R-MMU-1250347|Reactome:R-MMU-1257604|Reactome:R-MMU-1266695|Reactome:R-MMU-1306955|Reactome:R-MMU-1307965|Reactome:R-MMU-1358803|Reactome:R-MMU-140834|Reactome:R-MMU-140837|Reactome:R-MMU-140875|Reactome:R-MMU-1433557|Reactome:R-MMU-1433559|Reactome:R-MMU-1442490|Reactome:R-MMU-1462054|Reactome:R-MMU-1474228|Reactome:R-MMU-1566977|Reactome:R-MMU-163125|Reactome:R-MMU-1632852|Reactome:R-MMU-163680|Reactome:R-MMU-1650814|Reactome:R-MMU-1660499|Reactome:R-MMU-1660514|Reactome:R-MMU-166663|Reactome:R-MMU-166665|Reactome:R-MMU-170968|Reactome:R-MMU-170984|Reactome:R-MMU-173623|Reactome:R-MMU-173736|Reactome:R-MMU-174577|Reactome:R-MMU-177504|Reactome:R-MMU-177929|Reactome:R-MMU-1810476|Reactome:R-MMU-181429|Reactome:R-MMU-181430|Reactome:R-MMU-182971|Reactome:R-MMU-1855183|Reactome:R-MMU-1855204|Reactome:R-MMU-186763|Reactome:R-MMU-186797|Reactome:R-MMU-187042|Reactome:R-MMU-190322|Reactome:R-MMU-190370|Reactome:R-MMU-190371|Reactome:R-MMU-190372|Reactome:R-MMU-190373|Reactome:R-MMU-190374|Reactome:R-MMU-190375|Reactome:R-MMU-190377|Reactome:R-MMU-193634|Reactome:R-MMU-193648|Reactome:R-MMU-193692|Reactome:R-MMU-194306|Reactome:R-MMU-195399|Reactome:R-MMU-196108|Reactome:R-MMU-1963640|Reactome:R-MMU-1963642|Reactome:R-MMU-1971475|Reactome:R-MMU-198203|Reactome:R-MMU-198933|Reactome:R-MMU-200425|Reactome:R-MMU-2022854|Reactome:R-MMU-2022857|Reactome:R-MMU-2022870|Reactome:R-MMU-2022923|Reactome:R-MMU-2024096|Reactome:R-MMU-2024101|Reactome:R-MMU-202424|Reactome:R-MMU-202427|Reactome:R-MMU-202430|Reactome:R-MMU-202433|Reactome:R-MMU-2025928|Reactome:R-MMU-202733|Reactome:R-MMU-2029481|Reactome:R-MMU-2029482|Reactome:R-MMU-2029485|Reactome:R-MMU-204005|Reactome:R-MMU-209560|Reactome:R-MMU-210500|Reactome:R-MMU-210990|Reactome:R-MMU-210991|Reactome:R-MMU-210993|Reactome:R-MMU-2122947|Reactome:R-MMU-212676|Reactome:R-MMU-2129379|Reactome:R-MMU-2132295|Reactome:R-MMU-216083|Reactome:R-MMU-2160916|Reactome:R-MMU-2168880|Reactome:R-MMU-2172127|Reactome:R-MMU-2173791|Reactome:R-MMU-2214320|Reactome:R-MMU-2243919|Reactome:R-MMU-2404192|Reactome:R-MMU-2424491|Reactome:R-MMU-2428928|Reactome:R-MMU-2428933|Reactome:R-MMU-2454202|Reactome:R-MMU-264642|Reactome:R-MMU-264876|Reactome:R-MMU-2672351|Reactome:R-MMU-2682334|Reactome:R-MMU-2730905|Reactome:R-MMU-2871796|Reactome:R-MMU-2871809|Reactome:R-MMU-2871837|Reactome:R-MMU-3000170|Reactome:R-MMU-3000178|Reactome:R-MMU-3134963|Reactome:R-MMU-3214841|Reactome:R-MMU-3214847|Reactome:R-MMU-3322077|Reactome:R-MMU-350054|Reactome:R-MMU-354192|Reactome:R-MMU-354194|Reactome:R-MMU-372708|Reactome:R-MMU-373752|Reactome:R-MMU-373753|Reactome:R-MMU-373756|Reactome:R-MMU-373760|Reactome:R-MMU-375165|Reactome:R-MMU-375276|Reactome:R-MMU-376172|Reactome:R-MMU-376176|Reactome:R-MMU-380972|Reactome:R-MMU-381426|Reactome:R-MMU-388844|Reactome:R-MMU-389356|Reactome:R-MMU-389357|Reactome:R-MMU-389359|Reactome:R-MMU-389513|Reactome:R-MMU-389948|Reactome:R-MMU-390522|Reactome:R-MMU-391160|Reactome:R-MMU-3928662|Reactome:R-MMU-3928663|Reactome:R-MMU-3928664|Reactome:R-MMU-3928665|Reactome:R-MMU-399954|Reactome:R-MMU-399955|Reactome:R-MMU-399956|Reactome:R-MMU-4086398|Reactome:R-MMU-416476|Reactome:R-MMU-416482|Reactome:R-MMU-416550|Reactome:R-MMU-416572|Reactome:R-MMU-416700|Reactome:R-MMU-418594|Reactome:R-MMU-418885|Reactome:R-MMU-418889|Reactome:R-MMU-418990|Reactome:R-MMU-419037|Reactome:R-MMU-420029|Reactome:R-MMU-420597|Reactome:R-MMU-428890|Reactome:R-MMU-430116|Reactome:R-MMU-432142|Reactome:R-MMU-432722|Reactome:R-MMU-433692|Reactome:R-MMU-437239|Reactome:R-MMU-4420097|Reactome:R-MMU-445095|Reactome:R-MMU-445144|Reactome:R-MMU-445355|Reactome:R-MMU-445989|Reactome:R-MMU-446107|Reactome:R-MMU-446353|Reactome:R-MMU-447043|Reactome:R-MMU-448706|Reactome:R-MMU-449836|Reactome:R-MMU-4755510|Reactome:R-MMU-512988|Reactome:R-MMU-5140745|Reactome:R-MMU-5173214|Reactome:R-MMU-5218921|Reactome:R-MMU-5223345|Reactome:R-MMU-525793|Reactome:R-MMU-5607761|Reactome:R-MMU-5607763|Reactome:R-MMU-5607764|Reactome:R-MMU-5620916|Reactome:R-MMU-5621575|Reactome:R-MMU-5627123|Reactome:R-MMU-5628897|Reactome:R-MMU-5632681|Reactome:R-MMU-5635838|Reactome:R-MMU-5654219|Reactome:R-MMU-5654221|Reactome:R-MMU-5654227|Reactome:R-MMU-5654228|Reactome:R-MMU-5654687|Reactome:R-MMU-5654688|Reactome:R-MMU-5654689|Reactome:R-MMU-5654693|Reactome:R-MMU-5654695|Reactome:R-MMU-5654699|Reactome:R-MMU-5654700|Reactome:R-MMU-5654704|Reactome:R-MMU-5654706|Reactome:R-MMU-5654710|Reactome:R-MMU-5654712|Reactome:R-MMU-5654719|Reactome:R-MMU-5654720|Reactome:R-MMU-5654726|Reactome:R-MMU-5654727|Reactome:R-MMU-5654732|Reactome:R-MMU-5654733|Reactome:R-MMU-5658623|Reactome:R-MMU-5660668|Reactome:R-MMU-5673001|Reactome:R-MMU-5674135|Reactome:R-MMU-5676590|Reactome:R-MMU-5683826|Reactome:R-MMU-5684264|Reactome:R-MMU-5687128|Reactome:R-MMU-5689603|Reactome:R-MMU-5690714|Reactome:R-MMU-5694530|Reactome:R-MMU-6783783|Reactome:R-MMU-6785631|Reactome:R-MMU-6785807|Reactome:R-MMU-6788467|Reactome:R-MMU-6798695|Reactome:R-MMU-6804756|Reactome:R-MMU-6806942|Reactome:R-MMU-6807004|Reactome:R-MMU-6809371|Reactome:R-MMU-6811558|Reactome:R-MMU-74713|Reactome:R-MMU-74749|Reactome:R-MMU-74751|Reactome:R-MMU-74752|Reactome:R-MMU-75892|Reactome:R-MMU-77387|Reactome:R-MMU-877300|Reactome:R-MMU-877312|Reactome:R-MMU-879415|Reactome:R-MMU-8847993|Reactome:R-MMU-8849932|Reactome:R-MMU-8851680|Reactome:R-MMU-8851805|Reactome:R-MMU-8851907|Reactome:R-MMU-8852405|Reactome:R-MMU-8853383|Reactome:R-MMU-8854691|Reactome:R-MMU-8856825|Reactome:R-MMU-8856828|Reactome:R-MMU-8857538|Reactome:R-MMU-8863795|Reactome:R-MMU-8865999|Reactome:R-MMU-8874081|Reactome:R-MMU-8875513|Reactome:R-MMU-8875555|Reactome:R-MMU-8875656|Reactome:R-MMU-8875791|Reactome:R-MMU-8932504|Reactome:R-MMU-8932505|Reactome:R-MMU-8932506|Reactome:R-MMU-8941856|Reactome:R-MMU-8948216|Reactome:R-MMU-8957275|Reactome:R-MMU-8963896|Reactome:R-MMU-8980692|Reactome:R-MMU-8983432|Reactome:R-MMU-8984722|Reactome:R-MMU-8985586|Reactome:R-MMU-8985947|Reactome:R-MMU-9006335|Reactome:R-MMU-9007892|Reactome:R-MMU-9009391|Reactome:R-MMU-9010553|Reactome:R-MMU-9012546|Reactome:R-MMU-9013026|Reactome:R-MMU-9013106|Reactome:R-MMU-9013148|Reactome:R-MMU-9013149|Reactome:R-MMU-9013404|Reactome:R-MMU-9013406|Reactome:R-MMU-9013408|Reactome:R-MMU-9013409|Reactome:R-MMU-9013420|Reactome:R-MMU-9013423|Reactome:R-MMU-9013424|Reactome:R-MMU-9014826|Reactome:R-MMU-9014843|Reactome:R-MMU-9020558|Reactome:R-MMU-9020591|Reactome:R-MMU-9020702|Reactome:R-MMU-9020933|Reactome:R-MMU-9020956|Reactome:R-MMU-9020958|Reactome:R-MMU-9026527|Reactome:R-MMU-9027276|Reactome:R-MMU-9027284|Reactome:R-MMU-9028731|Reactome:R-MMU-9032759|Reactome:R-MMU-9034013|Reactome:R-MMU-9034793|Reactome:R-MMU-9035034|Reactome:R-MMU-909733|Reactome:R-MMU-912526|Reactome:R-MMU-912694|Reactome:R-MMU-917977|Reactome:R-MMU-933542|Reactome:R-MMU-9603381|Reactome:R-MMU-9607240|Reactome:R-MMU-9609523|Reactome:R-MMU-9634597|Reactome:R-MMU-9664873|Reactome:R-MMU-9696264|Reactome:R-MMU-9696270|Reactome:R-MMU-9696273|Reactome:R-MMU-9706369|Reactome:R-MMU-9706374|Reactome:R-MMU-9732724|Reactome:R-MMU-9734091|Reactome:R-MMU-9749641|Reactome:R-MMU-9772755|Reactome:R-MMU-977606|Reactome:R-MMU-982772|Reactome:R-MMU-983168|Reactome:R-MMU-983170|Reactome:R-MMU-983695|Reactome:R-MMU-9843940|Reactome:R-MMU-9851151|Reactome:R-MMU-9856649|Reactome:R-MMU-9860927|Reactome:R-MMU-9913351|Reactome:R-MMU-9927353|Reactome:R-MMU-9927354|Reactome:R-MMU-9929356|Reactome:R-MMU-9929491|Reactome:R-MMU-9931269|Reactome:R-MMU-9931295|Reactome:R-MMU-9939291|Reactome:R-MTU-868688|Reactome:R-RNO-1059683|Reactome:R-RNO-109704|Reactome:R-RNO-110056|Reactome:R-RNO-112411|Reactome:R-RNO-114608|Reactome:R-RNO-1169091|Reactome:R-RNO-1170546|Reactome:R-RNO-1227986|Reactome:R-RNO-1236394|Reactome:R-RNO-1236974|Reactome:R-RNO-1236977|Reactome:R-RNO-1250196|Reactome:R-RNO-1250342|Reactome:R-RNO-1250347|Reactome:R-RNO-1257604|Reactome:R-RNO-1306955|Reactome:R-RNO-1307965|Reactome:R-RNO-1358803|Reactome:R-RNO-140834|Reactome:R-RNO-140837|Reactome:R-RNO-140875|Reactome:R-RNO-1462054|Reactome:R-RNO-1474228|Reactome:R-RNO-1566977|Reactome:R-RNO-163125|Reactome:R-RNO-1632852|Reactome:R-RNO-163680|Reactome:R-RNO-1660499|Reactome:R-RNO-1660514|Reactome:R-RNO-166663|Reactome:R-RNO-166665|Reactome:R-RNO-170968|Reactome:R-RNO-170984|Reactome:R-RNO-173623|Reactome:R-RNO-173736|Reactome:R-RNO-174577|Reactome:R-RNO-177504|Reactome:R-RNO-1810476|Reactome:R-RNO-181429|Reactome:R-RNO-181430|Reactome:R-RNO-1855183|Reactome:R-RNO-1855204|Reactome:R-RNO-186763|Reactome:R-RNO-186797|Reactome:R-RNO-187042|Reactome:R-RNO-190322|Reactome:R-RNO-190370|Reactome:R-RNO-190373|Reactome:R-RNO-190374|Reactome:R-RNO-193634|Reactome:R-RNO-193648|Reactome:R-RNO-193692|Reactome:R-RNO-194306|Reactome:R-RNO-195399|Reactome:R-RNO-196108|Reactome:R-RNO-1963640|Reactome:R-RNO-1963642|Reactome:R-RNO-1971475|Reactome:R-RNO-198203|Reactome:R-RNO-198933|Reactome:R-RNO-200425|Reactome:R-RNO-2022854|Reactome:R-RNO-2022857|Reactome:R-RNO-2022870|Reactome:R-RNO-2022923|Reactome:R-RNO-2024101|Reactome:R-RNO-202424|Reactome:R-RNO-202427|Reactome:R-RNO-202430|Reactome:R-RNO-202433|Reactome:R-RNO-2025928|Reactome:R-RNO-202733|Reactome:R-RNO-2029481|Reactome:R-RNO-2029482|Reactome:R-RNO-2029485|Reactome:R-RNO-209560|Reactome:R-RNO-210500|Reactome:R-RNO-210990|Reactome:R-RNO-210991|Reactome:R-RNO-212676|Reactome:R-RNO-2129379|Reactome:R-RNO-2132295|Reactome:R-RNO-216083|Reactome:R-RNO-2160916|Reactome:R-RNO-2172127|Reactome:R-RNO-2173791|Reactome:R-RNO-2404192|Reactome:R-RNO-2424491|Reactome:R-RNO-2428928|Reactome:R-RNO-2428933|Reactome:R-RNO-2454202|Reactome:R-RNO-264642|Reactome:R-RNO-264876|Reactome:R-RNO-2682334|Reactome:R-RNO-2730905|Reactome:R-RNO-2871796|Reactome:R-RNO-2871809|Reactome:R-RNO-2871837|Reactome:R-RNO-3000170|Reactome:R-RNO-3000178|Reactome:R-RNO-3134963|Reactome:R-RNO-3214841|Reactome:R-RNO-3214847|Reactome:R-RNO-354192|Reactome:R-RNO-354194|Reactome:R-RNO-372708|Reactome:R-RNO-373752|Reactome:R-RNO-373753|Reactome:R-RNO-373760|Reactome:R-RNO-375165|Reactome:R-RNO-375276|Reactome:R-RNO-376172|Reactome:R-RNO-380972|Reactome:R-RNO-381426|Reactome:R-RNO-388844|Reactome:R-RNO-389356|Reactome:R-RNO-389357|Reactome:R-RNO-389359|Reactome:R-RNO-389948|Reactome:R-RNO-390522|Reactome:R-RNO-391160|Reactome:R-RNO-3928662|Reactome:R-RNO-3928663|Reactome:R-RNO-3928664|Reactome:R-RNO-3928665|Reactome:R-RNO-399954|Reactome:R-RNO-399955|Reactome:R-RNO-399956|Reactome:R-RNO-416476|Reactome:R-RNO-416482|Reactome:R-RNO-416550|Reactome:R-RNO-416700|Reactome:R-RNO-418594|Reactome:R-RNO-418885|Reactome:R-RNO-418889|Reactome:R-RNO-418990|Reactome:R-RNO-419037|Reactome:R-RNO-420029|Reactome:R-RNO-420597|Reactome:R-RNO-432142|Reactome:R-RNO-432722|Reactome:R-RNO-433692|Reactome:R-RNO-437239|Reactome:R-RNO-4420097|Reactome:R-RNO-445095|Reactome:R-RNO-445144|Reactome:R-RNO-445989|Reactome:R-RNO-446107|Reactome:R-RNO-446353|Reactome:R-RNO-447043|Reactome:R-RNO-448706|Reactome:R-RNO-449836|Reactome:R-RNO-5218921|Reactome:R-RNO-5223345|Reactome:R-RNO-525793|Reactome:R-RNO-5607763|Reactome:R-RNO-5607764|Reactome:R-RNO-5620916|Reactome:R-RNO-5621575|Reactome:R-RNO-5628897|Reactome:R-RNO-5632681|Reactome:R-RNO-5654219|Reactome:R-RNO-5654228|Reactome:R-RNO-5654687|Reactome:R-RNO-5654688|Reactome:R-RNO-5654689|Reactome:R-RNO-5654693|Reactome:R-RNO-5654712|Reactome:R-RNO-5654719|Reactome:R-RNO-5654720|Reactome:R-RNO-5654726|Reactome:R-RNO-5654733|Reactome:R-RNO-5658623|Reactome:R-RNO-5673001|Reactome:R-RNO-5674135|Reactome:R-RNO-5683826|Reactome:R-RNO-5684264|Reactome:R-RNO-5687128|Reactome:R-RNO-5689603|Reactome:R-RNO-6785631|Reactome:R-RNO-6785807|Reactome:R-RNO-6788467|Reactome:R-RNO-6798695|Reactome:R-RNO-6804756|Reactome:R-RNO-6806942|Reactome:R-RNO-6807004|Reactome:R-RNO-6809371|Reactome:R-RNO-6811558|Reactome:R-RNO-74713|Reactome:R-RNO-74749|Reactome:R-RNO-74751|Reactome:R-RNO-74752|Reactome:R-RNO-77387|Reactome:R-RNO-879415|Reactome:R-RNO-8847993|Reactome:R-RNO-8849932|Reactome:R-RNO-8851680|Reactome:R-RNO-8851805|Reactome:R-RNO-8851907|Reactome:R-RNO-8853383|Reactome:R-RNO-8854691|Reactome:R-RNO-8856825|Reactome:R-RNO-8856828|Reactome:R-RNO-8857538|Reactome:R-RNO-8863795|Reactome:R-RNO-8865999|Reactome:R-RNO-8874081|Reactome:R-RNO-8875513|Reactome:R-RNO-8875555|Reactome:R-RNO-8875656|Reactome:R-RNO-8875791|Reactome:R-RNO-8932505|Reactome:R-RNO-8951664|Reactome:R-RNO-8957275|Reactome:R-RNO-8963896|Reactome:R-RNO-8980692|Reactome:R-RNO-8983432|Reactome:R-RNO-8984722|Reactome:R-RNO-9006335|Reactome:R-RNO-9007892|Reactome:R-RNO-9009391|Reactome:R-RNO-9013026|Reactome:R-RNO-9013106|Reactome:R-RNO-9013148|Reactome:R-RNO-9013149|Reactome:R-RNO-9013404|Reactome:R-RNO-9013408|Reactome:R-RNO-9013409|Reactome:R-RNO-9013423|Reactome:R-RNO-9014826|Reactome:R-RNO-9014843|Reactome:R-RNO-9020558|Reactome:R-RNO-9020702|Reactome:R-RNO-9020956|Reactome:R-RNO-9026527|Reactome:R-RNO-9027276|Reactome:R-RNO-9027284|Reactome:R-RNO-9028731|Reactome:R-RNO-9032759|Reactome:R-RNO-9034013|Reactome:R-RNO-9034793|Reactome:R-RNO-9035034|Reactome:R-RNO-912526|Reactome:R-RNO-917977|Reactome:R-RNO-933542|Reactome:R-RNO-9603381|Reactome:R-RNO-9609523|Reactome:R-RNO-9634597|Reactome:R-RNO-9664873|Reactome:R-RNO-9734091|Reactome:R-RNO-9749641|Reactome:R-RNO-9772755|Reactome:R-RNO-977606|Reactome:R-RNO-982772|Reactome:R-RNO-983168|Reactome:R-RNO-983170|Reactome:R-RNO-9851151|Reactome:R-RNO-9860927|Reactome:R-RNO-9927353|Reactome:R-RNO-9927354|Reactome:R-RNO-9931269|Reactome:R-SCE-1632852|Reactome:R-SCE-163680|Reactome:R-SCE-200425|Reactome:R-SCE-3322077|Reactome:R-SCE-380972|Reactome:R-SCE-6798695|Reactome:R-SCE-8948751|Reactome:R-SCE-9013106|Reactome:R-SCE-9609523|Reactome:R-SPO-1632852|Reactome:R-SPO-163680|Reactome:R-SPO-200425|Reactome:R-SPO-380972|Reactome:R-SPO-5628897|Reactome:R-SPO-6798695|Reactome:R-SPO-9609523|Reactome:R-SPO-9664873|Reactome:R-SSC-114608|Reactome:R-SSC-1170546|Reactome:R-SSC-1236974|Reactome:R-SSC-1236977|Reactome:R-SSC-1257604|Reactome:R-SSC-1474228|Reactome:R-SSC-173623|Reactome:R-SSC-198933|Reactome:R-SSC-2022854|Reactome:R-SSC-2022857|Reactome:R-SSC-2024101|Reactome:R-SSC-202424|Reactome:R-SSC-202427|Reactome:R-SSC-202430|Reactome:R-SSC-202433|Reactome:R-SSC-202733|Reactome:R-SSC-2029481|Reactome:R-SSC-2029482|Reactome:R-SSC-2029485|Reactome:R-SSC-210990|Reactome:R-SSC-2132295|Reactome:R-SSC-216083|Reactome:R-SSC-2160916|Reactome:R-SSC-2168880|Reactome:R-SSC-2424491|Reactome:R-SSC-2454202|Reactome:R-SSC-2730905|Reactome:R-SSC-2871796|Reactome:R-SSC-2871809|Reactome:R-SSC-2871837|Reactome:R-SSC-3000178|Reactome:R-SSC-389948|Reactome:R-SSC-391160|Reactome:R-SSC-416550|Reactome:R-SSC-432142|Reactome:R-SSC-5673001|Reactome:R-SSC-5690714|Reactome:R-SSC-6798695|Reactome:R-SSC-6806942|Reactome:R-SSC-6807004|Reactome:R-SSC-6811558|Reactome:R-SSC-8851805|Reactome:R-SSC-8851907|Reactome:R-SSC-8856825|Reactome:R-SSC-8856828|Reactome:R-SSC-8865999|Reactome:R-SSC-8874081|Reactome:R-SSC-8875513|Reactome:R-SSC-8875555|Reactome:R-SSC-8875656|Reactome:R-SSC-8875791|Reactome:R-SSC-8980692|Reactome:R-SSC-9006335|Reactome:R-SSC-9013106|Reactome:R-SSC-9013404|Reactome:R-SSC-9013408|Reactome:R-SSC-9020591|Reactome:R-SSC-9020933|Reactome:R-SSC-9027276|Reactome:R-SSC-9027284|Reactome:R-SSC-9734091|Reactome:R-SSC-977606|Reactome:R-SSC-982772|Reactome:R-SSC-983170|Reactome:R-SSC-983695|Reactome:R-XTR-202433|Reactome:R-XTR-418990|Reactome:R-XTR-5654687
D_purpureum_EGC36612	d1d09141fb3339aa7137abdb934fd2e6	2102	MobiDBLite	mobidb-lite	consensus disorder prediction	1896	1961	-	T	26-08-2026	-	-	-	-
D_purpureum_EGC36612	d1d09141fb3339aa7137abdb934fd2e6	2102	CDD	cd03801	GT4_PimA-like	114	449	1.88631E-17	T	26-08-2026	-	-	-	-
D_purpureum_EGC36612	d1d09141fb3339aa7137abdb934fd2e6	2102	Pfam	PF13439	Glycosyltransferase Family 4	129	302	2.8E-5	T	26-08-2026	IPR028098	Glycosyltransferase subfamily 4-like, N-terminal domain	-	Reactome:R-DDI-446193|Reactome:R-HSA-446193|Reactome:R-HSA-4549349|Reactome:R-MMU-446193|Reactome:R-MTU-879299|Reactome:R-SCE-446193|Reactome:R-SPO-446193
D_purpureum_EGC36612	d1d09141fb3339aa7137abdb934fd2e6	2102	Gene3D	G3DSA:2.60.220.50	-	1702	1853	8.5E-20	T	26-08-2026	IPR046338	GAIN domain superfamily	-	Reactome:R-CEL-373080|Reactome:R-CEL-6798695|Reactome:R-CEL-9619665|Reactome:R-DME-350368|Reactome:R-DME-350376|Reactome:R-DME-350379|Reactome:R-DME-350411|Reactome:R-DME-350480|Reactome:R-DME-373080|Reactome:R-DME-450728|Reactome:R-DME-6798695|Reactome:R-DME-9619665|Reactome:R-DRE-9619665|Reactome:R-HSA-373080|Reactome:R-HSA-5683826|Reactome:R-HSA-6798695|Reactome:R-HSA-9619665|Reactome:R-MMU-373080|Reactome:R-MMU-5683826|Reactome:R-MMU-6798695|Reactome:R-MMU-9619665|Reactome:R-RNO-373080|Reactome:R-RNO-5683826
D_purpureum_EGC36612	d1d09141fb3339aa7137abdb934fd2e6	2102	MobiDBLite	mobidb-lite	consensus disorder prediction	1995	2010	-	T	26-08-2026	-	-	-	-
D_purpureum_EGC36612	d1d09141fb3339aa7137abdb934fd2e6	2102	Phobius	SIGNAL_PEPTIDE_N_REGION	N-terminal region of a signal peptide.	1	3	-	T	26-08-2026	-	-	-	-
D_purpureum_EGC36612	d1d09141fb3339aa7137abdb934fd2e6	2102	Gene3D	G3DSA:2.60.40.10	Immunoglobulins	803	924	3.5E-16	T	26-08-2026	IPR013783	Immunoglobulin-like fold	-	Reactome:R-BTA-114608|Reactome:R-BTA-1236974|Reactome:R-BTA-1236977|Reactome:R-BTA-1257604|Reactome:R-BTA-1266695|Reactome:R-BTA-140834|Reactome:R-BTA-163125|Reactome:R-BTA-1632852|Reactome:R-BTA-1660661|Reactome:R-BTA-173736|Reactome:R-BTA-174577|Reactome:R-BTA-1971475|Reactome:R-BTA-198933|Reactome:R-BTA-2022870|Reactome:R-BTA-2022923|Reactome:R-BTA-2024101|Reactome:R-BTA-202424|Reactome:R-BTA-202427|Reactome:R-BTA-202430|Reactome:R-BTA-202433|Reactome:R-BTA-202733|Reactome:R-BTA-210993|Reactome:R-BTA-216083|Reactome:R-BTA-2173791|Reactome:R-BTA-2424491|Reactome:R-BTA-3000178|Reactome:R-BTA-350054|Reactome:R-BTA-375276|Reactome:R-BTA-380972|Reactome:R-BTA-381426|Reactome:R-BTA-388844|Reactome:R-BTA-389948|Reactome:R-BTA-418594|Reactome:R-BTA-420029|Reactome:R-BTA-445355|Reactome:R-BTA-5576892|Reactome:R-BTA-5627123|Reactome:R-BTA-5628897|Reactome:R-BTA-5673001|Reactome:R-BTA-5690714|Reactome:R-BTA-6785807|Reactome:R-BTA-6798695|Reactome:R-BTA-6804756|Reactome:R-BTA-6811558|Reactome:R-BTA-77387|Reactome:R-BTA-8849932|Reactome:R-BTA-8856825|Reactome:R-BTA-8856828|Reactome:R-BTA-8932505|Reactome:R-BTA-8941856|Reactome:R-BTA-8957275|Reactome:R-BTA-8980692|Reactome:R-BTA-8983432|Reactome:R-BTA-8985947|Reactome:R-BTA-9013106|Reactome:R-BTA-9013404|Reactome:R-BTA-9013408|Reactome:R-BTA-9020558|Reactome:R-BTA-9020958|Reactome:R-BTA-909733|Reactome:R-BTA-912526|Reactome:R-BTA-912694|Reactome:R-BTA-9609523|Reactome:R-BTA-977606|Reactome:R-BTA-983168|Reactome:R-BTA-983170|Reactome:R-BTA-983695|Reactome:R-BTA-9927354|Reactome:R-BTA-9931269|Reactome:R-CEL-1257604|Reactome:R-CEL-1433557|Reactome:R-CEL-1433559|Reactome:R-CEL-1474228|Reactome:R-CEL-186763|Reactome:R-CEL-186797|Reactome:R-CEL-190322|Reactome:R-CEL-190370|Reactome:R-CEL-190371|Reactome:R-CEL-190372|Reactome:R-CEL-190373|Reactome:R-CEL-190375|Reactome:R-CEL-190377|Reactome:R-CEL-1971475|Reactome:R-CEL-2022928|Reactome:R-CEL-2024096|Reactome:R-CEL-209968|Reactome:R-CEL-210991|Reactome:R-CEL-216083|Reactome:R-CEL-2243919|Reactome:R-CEL-264876|Reactome:R-CEL-2682334|Reactome:R-CEL-3000171|Reactome:R-CEL-3000178|Reactome:R-CEL-373752|Reactome:R-CEL-373753|Reactome:R-CEL-375165|Reactome:R-CEL-376176|Reactome:R-CEL-388844|Reactome:R-CEL-3928662|Reactome:R-CEL-3928663|Reactome:R-CEL-3928664|Reactome:R-CEL-3928665|Reactome:R-CEL-399955|Reactome:R-CEL-399956|Reactome:R-CEL-416482|Reactome:R-CEL-416572|Reactome:R-CEL-416700|Reactome:R-CEL-418885|Reactome:R-CEL-419037|Reactome:R-CEL-428542|Reactome:R-CEL-433692|Reactome:R-CEL-4420097|Reactome:R-CEL-445144|Reactome:R-CEL-447043|Reactome:R-CEL-5140745|Reactome:R-CEL-5218920|Reactome:R-CEL-525793|Reactome:R-CEL-5620916|Reactome:R-CEL-5654219|Reactome:R-CEL-5654221|Reactome:R-CEL-5654227|Reactome:R-CEL-5654228|Reactome:R-CEL-5654689|Reactome:R-CEL-5654693|Reactome:R-CEL-5654695|Reactome:R-CEL-5654699|Reactome:R-CEL-5654700|Reactome:R-CEL-5654704|Reactome:R-CEL-5654706|Reactome:R-CEL-5654710|Reactome:R-CEL-5654712|Reactome:R-CEL-5654720|Reactome:R-CEL-5654726|Reactome:R-CEL-5654727|Reactome:R-CEL-5654732|Reactome:R-CEL-5654733|Reactome:R-CEL-5673001|Reactome:R-CEL-6798695|Reactome:R-CEL-6809371|Reactome:R-CEL-6811558|Reactome:R-CEL-77387|Reactome:R-CEL-8849932|Reactome:R-CEL-8853383|Reactome:R-CEL-8863795|Reactome:R-CEL-8941413|Reactome:R-CEL-9013149|Reactome:R-CEL-9013420|Reactome:R-CEL-9013423|Reactome:R-CEL-9013424|Reactome:R-CEL-913709|Reactome:R-CEL-9607240|Reactome:R-CEL-9749641|Reactome:R-CEL-9764561|Reactome:R-CEL-9772755|Reactome:R-CEL-9913351|Reactome:R-CFA-1257604|Reactome:R-CFA-1433557|Reactome:R-CFA-1433559|Reactome:R-CFA-198933|Reactome:R-CFA-2024096|Reactome:R-CFA-2024101|Reactome:R-CFA-202424|Reactome:R-CFA-202427|Reactome:R-CFA-202430|Reactome:R-CFA-202433|Reactome:R-CFA-216083|Reactome:R-CFA-389948|Reactome:R-CFA-5673001|Reactome:R-CFA-5690714|Reactome:R-CFA-6785807|Reactome:R-CFA-6788467|Reactome:R-CFA-6811558|Reactome:R-CFA-8932504|Reactome:R-CFA-8932505|Reactome:R-CFA-8932506|Reactome:R-CFA-9010553|Reactome:R-CFA-983170|Reactome:R-CFA-983695|Reactome:R-CFA-9856649|Reactome:R-CFA-9913351|Reactome:R-CFA-9927354|Reactome:R-CFA-9939291|Reactome:R-DDI-3295583|Reactome:R-DDI-5213460|Reactome:R-DDI-5673000|Reactome:R-DDI-5674135|Reactome:R-DDI-5675221|Reactome:R-DDI-5675482|Reactome:R-DME-109704|Reactome:R-DME-110478|Reactome:R-DME-114608|Reactome:R-DME-1169091|Reactome:R-DME-1227986|Reactome:R-DME-1236394|Reactome:R-DME-1250196|Reactome:R-DME-1250342|Reactome:R-DME-1250347|Reactome:R-DME-1257604|Reactome:R-DME-1307965|Reactome:R-DME-1358803|Reactome:R-DME-1474228|Reactome:R-DME-1810476|Reactome:R-DME-190322|Reactome:R-DME-190370|Reactome:R-DME-190371|Reactome:R-DME-190372|Reactome:R-DME-190373|Reactome:R-DME-190374|Reactome:R-DME-190375|Reactome:R-DME-190377|Reactome:R-DME-1963640|Reactome:R-DME-1963642|Reactome:R-DME-1971475|Reactome:R-DME-2022928|Reactome:R-DME-2024096|Reactome:R-DME-2024101|Reactome:R-DME-202424|Reactome:R-DME-202733|Reactome:R-DME-209209|Reactome:R-DME-209228|Reactome:R-DME-209338|Reactome:R-DME-209394|Reactome:R-DME-209400|Reactome:R-DME-209406|Reactome:R-DME-209560|Reactome:R-DME-209968|Reactome:R-DME-210688|Reactome:R-DME-210991|Reactome:R-DME-214399|Reactome:R-DME-214411|Reactome:R-DME-214416|Reactome:R-DME-214842|Reactome:R-DME-214844|Reactome:R-DME-214869|Reactome:R-DME-216083|Reactome:R-DME-264876|Reactome:R-DME-2871837|Reactome:R-DME-3000171|Reactome:R-DME-3000178|Reactome:R-DME-3134963|Reactome:R-DME-3214847|Reactome:R-DME-350054|Reactome:R-DME-373080|Reactome:R-DME-373752|Reactome:R-DME-373753|Reactome:R-DME-375165|Reactome:R-DME-376172|Reactome:R-DME-388844|Reactome:R-DME-416482|Reactome:R-DME-416572|Reactome:R-DME-416700|Reactome:R-DME-418990|Reactome:R-DME-419037|Reactome:R-DME-420597|Reactome:R-DME-428542|Reactome:R-DME-433692|Reactome:R-DME-445144|Reactome:R-DME-445989|Reactome:R-DME-446353|Reactome:R-DME-447043|Reactome:R-DME-4755510|Reactome:R-DME-5607761|Reactome:R-DME-5607764|Reactome:R-DME-5620916|Reactome:R-DME-5621575|Reactome:R-DME-5627123|Reactome:R-DME-5654219|Reactome:R-DME-5654221|Reactome:R-DME-5654227|Reactome:R-DME-5654228|Reactome:R-DME-5654687|Reactome:R-DME-5654688|Reactome:R-DME-5654689|Reactome:R-DME-5654693|Reactome:R-DME-5654695|Reactome:R-DME-5654699|Reactome:R-DME-5654700|Reactome:R-DME-5654704|Reactome:R-DME-5654706|Reactome:R-DME-5654710|Reactome:R-DME-5654712|Reactome:R-DME-5654719|Reactome:R-DME-5654720|Reactome:R-DME-5654726|Reactome:R-DME-5654727|Reactome:R-DME-5654732|Reactome:R-DME-5654733|Reactome:R-DME-5658623|Reactome:R-DME-5673001|Reactome:R-DME-5676590|Reactome:R-DME-5689603|Reactome:R-DME-6785631|Reactome:R-DME-6798695|Reactome:R-DME-6807878|Reactome:R-DME-6811558|Reactome:R-DME-77387|Reactome:R-DME-8849932|Reactome:R-DME-8863795|Reactome:R-DME-8941413|Reactome:R-DME-9009391|Reactome:R-DME-9020702|Reactome:R-DME-913709|Reactome:R-DME-933542|Reactome:R-DME-9749641|Reactome:R-DME-977068|Reactome:R-DME-9772755|Reactome:R-DME-983168|Reactome:R-DME-9860927|Reactome:R-DME-9913351|Reactome:R-DRE-109704|Reactome:R-DRE-1257604|Reactome:R-DRE-1300645|Reactome:R-DRE-1307965|Reactome:R-DRE-1433557|Reactome:R-DRE-1433559|Reactome:R-DRE-186763|Reactome:R-DRE-186797|Reactome:R-DRE-190322|Reactome:R-DRE-190370|Reactome:R-DRE-190371|Reactome:R-DRE-190372|Reactome:R-DRE-190373|Reactome:R-DRE-190374|Reactome:R-DRE-190375|Reactome:R-DRE-190377|Reactome:R-DRE-193648|Reactome:R-DRE-194306|Reactome:R-DRE-195399|Reactome:R-DRE-198933|Reactome:R-DRE-202733|Reactome:R-DRE-210993|Reactome:R-DRE-2132295|Reactome:R-DRE-216083|Reactome:R-DRE-2682334|Reactome:R-DRE-3214841|Reactome:R-DRE-381426|Reactome:R-DRE-388844|Reactome:R-DRE-3928662|Reactome:R-DRE-3928663|Reactome:R-DRE-3928664|Reactome:R-DRE-3928665|Reactome:R-DRE-399954|Reactome:R-DRE-399956|Reactome:R-DRE-416476|Reactome:R-DRE-416482|Reactome:R-DRE-416550|Reactome:R-DRE-416572|Reactome:R-DRE-418990|Reactome:R-DRE-420597|Reactome:R-DRE-4420097|Reactome:R-DRE-449836|Reactome:R-DRE-5218921|Reactome:R-DRE-5654219|Reactome:R-DRE-5654221|Reactome:R-DRE-5654227|Reactome:R-DRE-5654228|Reactome:R-DRE-5654687|Reactome:R-DRE-5654688|Reactome:R-DRE-5654689|Reactome:R-DRE-5654693|Reactome:R-DRE-5654695|Reactome:R-DRE-5654699|Reactome:R-DRE-5654700|Reactome:R-DRE-5654704|Reactome:R-DRE-5654706|Reactome:R-DRE-5654710|Reactome:R-DRE-5654712|Reactome:R-DRE-5654719|Reactome:R-DRE-5654720|Reactome:R-DRE-5654726|Reactome:R-DRE-5654727|Reactome:R-DRE-5654732|Reactome:R-DRE-5654733|Reactome:R-DRE-5673001|Reactome:R-DRE-6811558|Reactome:R-DRE-8849932|Reactome:R-DRE-8932505|Reactome:R-DRE-8957275|Reactome:R-DRE-8980692|Reactome:R-DRE-9007892|Reactome:R-DRE-9013148|Reactome:R-DRE-9013149|Reactome:R-DRE-9013404|Reactome:R-DRE-9013408|Reactome:R-DRE-9013409|Reactome:R-DRE-9013423|Reactome:R-DRE-983168|Reactome:R-DRE-9843940|Reactome:R-DRE-9843970|Reactome:R-DRE-9856649|Reactome:R-GGA-114608|Reactome:R-GGA-1227892|Reactome:R-GGA-1227986|Reactome:R-GGA-1236394|Reactome:R-GGA-1236974|Reactome:R-GGA-1236977|Reactome:R-GGA-1250196|Reactome:R-GGA-1250342|Reactome:R-GGA-1250347|Reactome:R-GGA-1257604|Reactome:R-GGA-1306955|Reactome:R-GGA-1358803|Reactome:R-GGA-1433557|Reactome:R-GGA-1433559|Reactome:R-GGA-1474228|Reactome:R-GGA-1566977|Reactome:R-GGA-163125|Reactome:R-GGA-190373|Reactome:R-GGA-193634|Reactome:R-GGA-1963640|Reactome:R-GGA-1963642|Reactome:R-GGA-198933|Reactome:R-GGA-202733|Reactome:R-GGA-210991|Reactome:R-GGA-2129379|Reactome:R-GGA-2132263|Reactome:R-GGA-2132286|Reactome:R-GGA-216083|Reactome:R-GGA-3000170|Reactome:R-GGA-3000178|Reactome:R-GGA-3214841|Reactome:R-GGA-354192|Reactome:R-GGA-354194|Reactome:R-GGA-372708|Reactome:R-GGA-373920|Reactome:R-GGA-381426|Reactome:R-GGA-388844|Reactome:R-GGA-433692|Reactome:R-GGA-434001|Reactome:R-GGA-434131|Reactome:R-GGA-449836|Reactome:R-GGA-5654726|Reactome:R-GGA-5673001|Reactome:R-GGA-5674135|Reactome:R-GGA-6785631|Reactome:R-GGA-6798695|Reactome:R-GGA-6811558|Reactome:R-GGA-8854691|Reactome:R-GGA-8863795|Reactome:R-GGA-8932505|Reactome:R-GGA-8957275|Reactome:R-GGA-9634597|Reactome:R-GGA-9749641|Reactome:R-GGA-983170|Reactome:R-GGA-9843940|Reactome:R-GGA-9843970|Reactome:R-GGA-9856649|Reactome:R-GGA-9860927|Reactome:R-HSA-1059683|Reactome:R-HSA-109704|Reactome:R-HSA-110056|Reactome:R-HSA-112411|Reactome:R-HSA-114604|Reactome:R-HSA-114608|Reactome:R-HSA-1169091|Reactome:R-HSA-1169408|Reactome:R-HSA-1170546|Reactome:R-HSA-1227986|Reactome:R-HSA-1236394|Reactome:R-HSA-1236974|Reactome:R-HSA-1236977|Reactome:R-HSA-1236978|Reactome:R-HSA-1250196|Reactome:R-HSA-1250342|Reactome:R-HSA-1250347|Reactome:R-HSA-1251985|Reactome:R-HSA-1257604|Reactome:R-HSA-1266695|Reactome:R-HSA-1300645|Reactome:R-HSA-1306955|Reactome:R-HSA-1307965|Reactome:R-HSA-1358803|Reactome:R-HSA-140834|Reactome:R-HSA-140837|Reactome:R-HSA-140875|Reactome:R-HSA-1433557|Reactome:R-HSA-1433559|Reactome:R-HSA-1442490|Reactome:R-HSA-1445148|Reactome:R-HSA-1462054|Reactome:R-HSA-1474228|Reactome:R-HSA-1483115|Reactome:R-HSA-1483152|Reactome:R-HSA-1566977|Reactome:R-HSA-163125|Reactome:R-HSA-1632852|Reactome:R-HSA-163680|Reactome:R-HSA-164939|Reactome:R-HSA-164940|Reactome:R-HSA-1650814|Reactome:R-HSA-1660499|Reactome:R-HSA-1660514|Reactome:R-HSA-166058|Reactome:R-HSA-1660661|Reactome:R-HSA-166663|Reactome:R-HSA-166665|Reactome:R-HSA-167021|Reactome:R-HSA-167044|Reactome:R-HSA-167590|Reactome:R-HSA-170968|Reactome:R-HSA-170984|Reactome:R-HSA-173107|Reactome:R-HSA-173623|Reactome:R-HSA-173736|Reactome:R-HSA-174577|Reactome:R-HSA-177504|Reactome:R-HSA-177929|Reactome:R-HSA-180534|Reactome:R-HSA-1810476|Reactome:R-HSA-181429|Reactome:R-HSA-181430|Reactome:R-HSA-182218|Reactome:R-HSA-182971|Reactome:R-HSA-1839120|Reactome:R-HSA-1839122|Reactome:R-HSA-1839128|Reactome:R-HSA-1839130|Reactome:R-HSA-1855183|Reactome:R-HSA-1855204|Reactome:R-HSA-186763|Reactome:R-HSA-186797|Reactome:R-HSA-187024|Reactome:R-HSA-187042|Reactome:R-HSA-187706|Reactome:R-HSA-190322|Reactome:R-HSA-190370|Reactome:R-HSA-190371|Reactome:R-HSA-190372|Reactome:R-HSA-190373|Reactome:R-HSA-190374|Reactome:R-HSA-190375|Reactome:R-HSA-190377|Reactome:R-HSA-1912408|Reactome:R-HSA-193634|Reactome:R-HSA-193648|Reactome:R-HSA-193692|Reactome:R-HSA-194306|Reactome:R-HSA-195399|Reactome:R-HSA-196108|Reactome:R-HSA-1963640|Reactome:R-HSA-1963642|Reactome:R-HSA-1971475|Reactome:R-HSA-198203|Reactome:R-HSA-198745|Reactome:R-HSA-198933|Reactome:R-HSA-200425|Reactome:R-HSA-2022090|Reactome:R-HSA-2022854|Reactome:R-HSA-2022857|Reactome:R-HSA-2022870|Reactome:R-HSA-2022923|Reactome:R-HSA-2022928|Reactome:R-HSA-2023837|Reactome:R-HSA-2024096|Reactome:R-HSA-2024101|Reactome:R-HSA-202424|Reactome:R-HSA-202427|Reactome:R-HSA-202430|Reactome:R-HSA-202433|Reactome:R-HSA-2025928|Reactome:R-HSA-202733|Reactome:R-HSA-2029481|Reactome:R-HSA-2029482|Reactome:R-HSA-2029485|Reactome:R-HSA-2033515|Reactome:R-HSA-2033519|Reactome:R-HSA-204005|Reactome:R-HSA-209560|Reactome:R-HSA-210500|Reactome:R-HSA-210744|Reactome:R-HSA-210990|Reactome:R-HSA-210991|Reactome:R-HSA-210993|Reactome:R-HSA-2122947|Reactome:R-HSA-2122948|Reactome:R-HSA-212676|Reactome:R-HSA-2129379|Reactome:R-HSA-2132295|Reactome:R-HSA-2151201|Reactome:R-HSA-2151209|Reactome:R-HSA-216083|Reactome:R-HSA-2160916|Reactome:R-HSA-2168880|Reactome:R-HSA-2172127|Reactome:R-HSA-2173791|Reactome:R-HSA-2197563|Reactome:R-HSA-2206292|Reactome:R-HSA-2206302|Reactome:R-HSA-2214320|Reactome:R-HSA-2219530|Reactome:R-HSA-2243919|Reactome:R-HSA-2404192|Reactome:R-HSA-2424491|Reactome:R-HSA-2428928|Reactome:R-HSA-2428933|Reactome:R-HSA-2454202|Reactome:R-HSA-2559582|Reactome:R-HSA-2565942|Reactome:R-HSA-2586552|Reactome:R-HSA-2644606|Reactome:R-HSA-264642|Reactome:R-HSA-264876|Reactome:R-HSA-2672351|Reactome:R-HSA-2682334|Reactome:R-HSA-2730905|Reactome:R-HSA-2871796|Reactome:R-HSA-2871809|Reactome:R-HSA-2871837|Reactome:R-HSA-2892247|Reactome:R-HSA-2894862|Reactome:R-HSA-2979096|Reactome:R-HSA-3000157|Reactome:R-HSA-3000170|Reactome:R-HSA-3000171|Reactome:R-HSA-3000178|Reactome:R-HSA-3134963|Reactome:R-HSA-3214841|Reactome:R-HSA-3214847|Reactome:R-HSA-3322077|Reactome:R-HSA-350054|Reactome:R-HSA-354192|Reactome:R-HSA-354194|Reactome:R-HSA-3560783|Reactome:R-HSA-3560801|Reactome:R-HSA-3595172|Reactome:R-HSA-3595174|Reactome:R-HSA-3595177|Reactome:R-HSA-3656225|Reactome:R-HSA-3656237|Reactome:R-HSA-3656243|Reactome:R-HSA-3656244|Reactome:R-HSA-3656253|Reactome:R-HSA-372708|Reactome:R-HSA-373752|Reactome:R-HSA-373753|Reactome:R-HSA-373756|Reactome:R-HSA-373760|Reactome:R-HSA-375165|Reactome:R-HSA-375276|Reactome:R-HSA-376172|Reactome:R-HSA-376176|Reactome:R-HSA-3785653|Reactome:R-HSA-380259|Reactome:R-HSA-380270|Reactome:R-HSA-380284|Reactome:R-HSA-380320|Reactome:R-HSA-380972|Reactome:R-HSA-381340|Reactome:R-HSA-381426|Reactome:R-HSA-3878781|Reactome:R-HSA-388844|Reactome:R-HSA-389356|Reactome:R-HSA-389357|Reactome:R-HSA-389359|Reactome:R-HSA-389513|Reactome:R-HSA-389948|Reactome:R-HSA-390522|Reactome:R-HSA-391160|Reactome:R-HSA-3928662|Reactome:R-HSA-3928663|Reactome:R-HSA-3928664|Reactome:R-HSA-3928665|Reactome:R-HSA-399954|Reactome:R-HSA-399955|Reactome:R-HSA-399956|Reactome:R-HSA-4086398|Reactome:R-HSA-4086400|Reactome:R-HSA-416476|Reactome:R-HSA-416482|Reactome:R-HSA-416550|Reactome:R-HSA-416572|Reactome:R-HSA-416700|Reactome:R-HSA-418594|Reactome:R-HSA-418885|Reactome:R-HSA-418886|Reactome:R-HSA-418889|Reactome:R-HSA-418890|Reactome:R-HSA-418990|Reactome:R-HSA-419037|Reactome:R-HSA-420029|Reactome:R-HSA-420597|Reactome:R-HSA-428540|Reactome:R-HSA-428542|Reactome:R-HSA-428543|Reactome:R-HSA-428890|Reactome:R-HSA-430116|Reactome:R-HSA-432142|Reactome:R-HSA-432722|Reactome:R-HSA-433692|Reactome:R-HSA-437239|Reactome:R-HSA-4420097|Reactome:R-HSA-4420332|Reactome:R-HSA-445095|Reactome:R-HSA-445144|Reactome:R-HSA-445355|Reactome:R-HSA-445989|Reactome:R-HSA-446107|Reactome:R-HSA-446353|Reactome:R-HSA-447038|Reactome:R-HSA-447041|Reactome:R-HSA-447043|Reactome:R-HSA-448706|Reactome:R-HSA-449836|Reactome:R-HSA-451927|Reactome:R-HSA-4755510|Reactome:R-HSA-5083628|Reactome:R-HSA-5083629|Reactome:R-HSA-5083633|Reactome:R-HSA-5083635|Reactome:R-HSA-512988|Reactome:R-HSA-5140745|Reactome:R-HSA-5173214|Reactome:R-HSA-5218921|Reactome:R-HSA-5223345|Reactome:R-HSA-525793|Reactome:R-HSA-5576892|Reactome:R-HSA-5603029|Reactome:R-HSA-5607761|Reactome:R-HSA-5607763|Reactome:R-HSA-5607764|Reactome:R-HSA-5619070|Reactome:R-HSA-5620912|Reactome:R-HSA-5620916|Reactome:R-HSA-5621575|Reactome:R-HSA-5627123|Reactome:R-HSA-5628897|Reactome:R-HSA-5632681|Reactome:R-HSA-5635838|Reactome:R-HSA-5654219|Reactome:R-HSA-5654221|Reactome:R-HSA-5654227|Reactome:R-HSA-5654228|Reactome:R-HSA-5654687|Reactome:R-HSA-5654688|Reactome:R-HSA-5654689|Reactome:R-HSA-5654693|Reactome:R-HSA-5654695|Reactome:R-HSA-5654699|Reactome:R-HSA-5654700|Reactome:R-HSA-5654704|Reactome:R-HSA-5654706|Reactome:R-HSA-5654710|Reactome:R-HSA-5654712|Reactome:R-HSA-5654719|Reactome:R-HSA-5654720|Reactome:R-HSA-5654726|Reactome:R-HSA-5654727|Reactome:R-HSA-5654732|Reactome:R-HSA-5654733|Reactome:R-HSA-5655253|Reactome:R-HSA-5655291|Reactome:R-HSA-5655302|Reactome:R-HSA-5655332|Reactome:R-HSA-5658623|Reactome:R-HSA-5660668|Reactome:R-HSA-5673001|Reactome:R-HSA-5674135|Reactome:R-HSA-5676590|Reactome:R-HSA-5683826|Reactome:R-HSA-5684264|Reactome:R-HSA-5687128|Reactome:R-HSA-5688849|Reactome:R-HSA-5688890|Reactome:R-HSA-5689603|Reactome:R-HSA-5690714|Reactome:R-HSA-5694530|Reactome:R-HSA-6783783|Reactome:R-HSA-6785631|Reactome:R-HSA-6785807|Reactome:R-HSA-6788467|Reactome:R-HSA-6798695|Reactome:R-HSA-6802946|Reactome:R-HSA-6802948|Reactome:R-HSA-6802952|Reactome:R-HSA-6802955|Reactome:R-HSA-6804756|Reactome:R-HSA-6806942|Reactome:R-HSA-6807004|Reactome:R-HSA-6809371|Reactome:R-HSA-6811558|Reactome:R-HSA-74713|Reactome:R-HSA-74749|Reactome:R-HSA-74751|Reactome:R-HSA-74752|Reactome:R-HSA-75892|Reactome:R-HSA-76009|Reactome:R-HSA-77387|Reactome:R-HSA-844456|Reactome:R-HSA-877300|Reactome:R-HSA-877312|Reactome:R-HSA-879415|Reactome:R-HSA-8847993|Reactome:R-HSA-8849932|Reactome:R-HSA-8851680|Reactome:R-HSA-8851708|Reactome:R-HSA-8851805|Reactome:R-HSA-8851907|Reactome:R-HSA-8852405|Reactome:R-HSA-8853333|Reactome:R-HSA-8853334|Reactome:R-HSA-8853336|Reactome:R-HSA-8853383|Reactome:R-HSA-8853884|Reactome:R-HSA-8854518|Reactome:R-HSA-8854691|Reactome:R-HSA-8856825|Reactome:R-HSA-8856828|Reactome:R-HSA-8857538|Reactome:R-HSA-8863795|Reactome:R-HSA-8865999|Reactome:R-HSA-8866654|Reactome:R-HSA-8866910|Reactome:R-HSA-8874081|Reactome:R-HSA-8875360|Reactome:R-HSA-8875513|Reactome:R-HSA-8875555|Reactome:R-HSA-8875656|Reactome:R-HSA-8875791|Reactome:R-HSA-8877330|Reactome:R-HSA-8932504|Reactome:R-HSA-8932505|Reactome:R-HSA-8932506|Reactome:R-HSA-8939247|Reactome:R-HSA-8941856|Reactome:R-HSA-8948216|Reactome:R-HSA-8951664|Reactome:R-HSA-8957275|Reactome:R-HSA-8963896|Reactome:R-HSA-8964038|Reactome:R-HSA-8964046|Reactome:R-HSA-8980692|Reactome:R-HSA-8983432|Reactome:R-HSA-8983711|Reactome:R-HSA-8984722|Reactome:R-HSA-8985586|Reactome:R-HSA-8985801|Reactome:R-HSA-8985947|Reactome:R-HSA-9006335|Reactome:R-HSA-9007892|Reactome:R-HSA-9008059|Reactome:R-HSA-9009391|Reactome:R-HSA-9010553|Reactome:R-HSA-9010642|Reactome:R-HSA-9012546|Reactome:R-HSA-9013026|Reactome:R-HSA-9013106|Reactome:R-HSA-9013148|Reactome:R-HSA-9013149|Reactome:R-HSA-9013404|Reactome:R-HSA-9013405|Reactome:R-HSA-9013406|Reactome:R-HSA-9013408|Reactome:R-HSA-9013409|Reactome:R-HSA-9013420|Reactome:R-HSA-9013423|Reactome:R-HSA-9013424|Reactome:R-HSA-9013508|Reactome:R-HSA-9013695|Reactome:R-HSA-9014826|Reactome:R-HSA-9014843|Reactome:R-HSA-9020558|Reactome:R-HSA-9020591|Reactome:R-HSA-9020702|Reactome:R-HSA-9020933|Reactome:R-HSA-9020956|Reactome:R-HSA-9020958|Reactome:R-HSA-9022699|Reactome:R-HSA-9024909|Reactome:R-HSA-9025046|Reactome:R-HSA-9026357|Reactome:R-HSA-9026519|Reactome:R-HSA-9026527|Reactome:R-HSA-9027276|Reactome:R-HSA-9027277|Reactome:R-HSA-9027283|Reactome:R-HSA-9027284|Reactome:R-HSA-9028335|Reactome:R-HSA-9028731|Reactome:R-HSA-9031628|Reactome:R-HSA-9032500|Reactome:R-HSA-9032759|Reactome:R-HSA-9032845|Reactome:R-HSA-9034013|Reactome:R-HSA-9034015|Reactome:R-HSA-9034793|Reactome:R-HSA-9034864|Reactome:R-HSA-9035034|Reactome:R-HSA-909733|Reactome:R-HSA-912526|Reactome:R-HSA-912694|Reactome:R-HSA-917977|Reactome:R-HSA-933542|Reactome:R-HSA-9603381|Reactome:R-HSA-9603505|Reactome:R-HSA-9607240|Reactome:R-HSA-9609523|Reactome:R-HSA-9609690|Reactome:R-HSA-9610379|Reactome:R-HSA-9613354|Reactome:R-HSA-9615017|Reactome:R-HSA-9616222|Reactome:R-HSA-9619483|Reactome:R-HSA-9619665|Reactome:R-HSA-9620244|Reactome:R-HSA-9634597|Reactome:R-HSA-9637628|Reactome:R-HSA-9638334|Reactome:R-HSA-9638630|Reactome:R-HSA-9645135|Reactome:R-HSA-9649948|Reactome:R-HSA-9656223|Reactome:R-HSA-9660826|Reactome:R-HSA-9664323|Reactome:R-HSA-9664422|Reactome:R-HSA-9664565|Reactome:R-HSA-9664873|Reactome:R-HSA-9665686|Reactome:R-HSA-9669914|Reactome:R-HSA-9669917|Reactome:R-HSA-9669921|Reactome:R-HSA-9669924|Reactome:R-HSA-9669926|Reactome:R-HSA-9669929|Reactome:R-HSA-9669933|Reactome:R-HSA-9669934|Reactome:R-HSA-9669935|Reactome:R-HSA-9669936|Reactome:R-HSA-9670439|Reactome:R-HSA-9673767|Reactome:R-HSA-9673768|Reactome:R-HSA-9673770|Reactome:R-HSA-9674396|Reactome:R-HSA-9674401|Reactome:R-HSA-9674403|Reactome:R-HSA-9674404|Reactome:R-HSA-9674428|Reactome:R-HSA-9674555|Reactome:R-HSA-9679191|Reactome:R-HSA-9680187|Reactome:R-HSA-9680350|Reactome:R-HSA-9692916|Reactome:R-HSA-9694614|Reactome:R-HSA-9696264|Reactome:R-HSA-9696270|Reactome:R-HSA-9696273|Reactome:R-HSA-9700645|Reactome:R-HSA-9701898|Reactome:R-HSA-9702509|Reactome:R-HSA-9702518|Reactome:R-HSA-9702569|Reactome:R-HSA-9702577|Reactome:R-HSA-9702581|Reactome:R-HSA-9702590|Reactome:R-HSA-9702596|Reactome:R-HSA-9702600|Reactome:R-HSA-9702605|Reactome:R-HSA-9702614|Reactome:R-HSA-9702620|Reactome:R-HSA-9702624|Reactome:R-HSA-9702632|Reactome:R-HSA-9702636|Reactome:R-HSA-9702998|Reactome:R-HSA-9703009|Reactome:R-HSA-9703648|Reactome:R-HSA-9705462|Reactome:R-HSA-9705671|Reactome:R-HSA-9706369|Reactome:R-HSA-9706374|Reactome:R-HSA-9706377|Reactome:R-HSA-9717207|Reactome:R-HSA-9725370|Reactome:R-HSA-9725371|Reactome:R-HSA-9725554|Reactome:R-HSA-9732724|Reactome:R-HSA-9734091|Reactome:R-HSA-9749641|Reactome:R-HSA-9752946|Reactome:R-HSA-975634|Reactome:R-HSA-9758919|Reactome:R-HSA-977225|Reactome:R-HSA-9772755|Reactome:R-HSA-977443|Reactome:R-HSA-977606|Reactome:R-HSA-9793380|Reactome:R-HSA-9818749|Reactome:R-HSA-9820960|Reactome:R-HSA-9824272|Reactome:R-HSA-9824585|Reactome:R-HSA-9825892|Reactome:R-HSA-982772|Reactome:R-HSA-9830674|Reactome:R-HSA-983168|Reactome:R-HSA-983170|Reactome:R-HSA-9833109|Reactome:R-HSA-9833110|Reactome:R-HSA-983695|Reactome:R-HSA-9843940|Reactome:R-HSA-9843970|Reactome:R-HSA-9844594|Reactome:R-HSA-9851151|Reactome:R-HSA-9854909|Reactome:R-HSA-9856530|Reactome:R-HSA-9856532|Reactome:R-HSA-9856649|Reactome:R-HSA-9860927|Reactome:R-HSA-9909620|Reactome:R-HSA-9909649|Reactome:R-HSA-9913351|Reactome:R-HSA-9918481|Reactome:R-HSA-9918485|Reactome:R-HSA-9920588|Reactome:R-HSA-9925563|Reactome:R-HSA-9926550|Reactome:R-HSA-9927353|Reactome:R-HSA-9927354|Reactome:R-HSA-9927418|Reactome:R-HSA-9927426|Reactome:R-HSA-9929356|Reactome:R-HSA-9929491|Reactome:R-HSA-9931269|Reactome:R-HSA-9931295|Reactome:R-HSA-9939291|Reactome:R-HSA-9942503|Reactome:R-HSA-9953038|Reactome:R-HSA-9953080|Reactome:R-MMU-1059683|Reactome:R-MMU-109704|Reactome:R-MMU-110056|Reactome:R-MMU-112411|Reactome:R-MMU-114604|Reactome:R-MMU-114608|Reactome:R-MMU-1169091|Reactome:R-MMU-1169408|Reactome:R-MMU-1170546|Reactome:R-MMU-1227986|Reactome:R-MMU-1236394|Reactome:R-MMU-1236974|Reactome:R-MMU-1236977|Reactome:R-MMU-1236978|Reactome:R-MMU-1250196|Reactome:R-MMU-1250342|Reactome:R-MMU-1250347|Reactome:R-MMU-1257604|Reactome:R-MMU-1266695|Reactome:R-MMU-1306955|Reactome:R-MMU-1307965|Reactome:R-MMU-1358803|Reactome:R-MMU-140834|Reactome:R-MMU-140837|Reactome:R-MMU-140875|Reactome:R-MMU-1433557|Reactome:R-MMU-1433559|Reactome:R-MMU-1442490|Reactome:R-MMU-1462054|Reactome:R-MMU-1474228|Reactome:R-MMU-1566977|Reactome:R-MMU-163125|Reactome:R-MMU-1632852|Reactome:R-MMU-163680|Reactome:R-MMU-1650814|Reactome:R-MMU-1660499|Reactome:R-MMU-1660514|Reactome:R-MMU-166663|Reactome:R-MMU-166665|Reactome:R-MMU-170968|Reactome:R-MMU-170984|Reactome:R-MMU-173623|Reactome:R-MMU-173736|Reactome:R-MMU-174577|Reactome:R-MMU-177504|Reactome:R-MMU-177929|Reactome:R-MMU-1810476|Reactome:R-MMU-181429|Reactome:R-MMU-181430|Reactome:R-MMU-182971|Reactome:R-MMU-1855183|Reactome:R-MMU-1855204|Reactome:R-MMU-186763|Reactome:R-MMU-186797|Reactome:R-MMU-187042|Reactome:R-MMU-190322|Reactome:R-MMU-190370|Reactome:R-MMU-190371|Reactome:R-MMU-190372|Reactome:R-MMU-190373|Reactome:R-MMU-190374|Reactome:R-MMU-190375|Reactome:R-MMU-190377|Reactome:R-MMU-193634|Reactome:R-MMU-193648|Reactome:R-MMU-193692|Reactome:R-MMU-194306|Reactome:R-MMU-195399|Reactome:R-MMU-196108|Reactome:R-MMU-1963640|Reactome:R-MMU-1963642|Reactome:R-MMU-1971475|Reactome:R-MMU-198203|Reactome:R-MMU-198933|Reactome:R-MMU-200425|Reactome:R-MMU-2022854|Reactome:R-MMU-2022857|Reactome:R-MMU-2022870|Reactome:R-MMU-2022923|Reactome:R-MMU-2024096|Reactome:R-MMU-2024101|Reactome:R-MMU-202424|Reactome:R-MMU-202427|Reactome:R-MMU-202430|Reactome:R-MMU-202433|Reactome:R-MMU-2025928|Reactome:R-MMU-202733|Reactome:R-MMU-2029481|Reactome:R-MMU-2029482|Reactome:R-MMU-2029485|Reactome:R-MMU-204005|Reactome:R-MMU-209560|Reactome:R-MMU-210500|Reactome:R-MMU-210990|Reactome:R-MMU-210991|Reactome:R-MMU-210993|Reactome:R-MMU-2122947|Reactome:R-MMU-212676|Reactome:R-MMU-2129379|Reactome:R-MMU-2132295|Reactome:R-MMU-216083|Reactome:R-MMU-2160916|Reactome:R-MMU-2168880|Reactome:R-MMU-2172127|Reactome:R-MMU-2173791|Reactome:R-MMU-2214320|Reactome:R-MMU-2243919|Reactome:R-MMU-2404192|Reactome:R-MMU-2424491|Reactome:R-MMU-2428928|Reactome:R-MMU-2428933|Reactome:R-MMU-2454202|Reactome:R-MMU-264642|Reactome:R-MMU-264876|Reactome:R-MMU-2672351|Reactome:R-MMU-2682334|Reactome:R-MMU-2730905|Reactome:R-MMU-2871796|Reactome:R-MMU-2871809|Reactome:R-MMU-2871837|Reactome:R-MMU-3000170|Reactome:R-MMU-3000178|Reactome:R-MMU-3134963|Reactome:R-MMU-3214841|Reactome:R-MMU-3214847|Reactome:R-MMU-3322077|Reactome:R-MMU-350054|Reactome:R-MMU-354192|Reactome:R-MMU-354194|Reactome:R-MMU-372708|Reactome:R-MMU-373752|Reactome:R-MMU-373753|Reactome:R-MMU-373756|Reactome:R-MMU-373760|Reactome:R-MMU-375165|Reactome:R-MMU-375276|Reactome:R-MMU-376172|Reactome:R-MMU-376176|Reactome:R-MMU-380972|Reactome:R-MMU-381426|Reactome:R-MMU-388844|Reactome:R-MMU-389356|Reactome:R-MMU-389357|Reactome:R-MMU-389359|Reactome:R-MMU-389513|Reactome:R-MMU-389948|Reactome:R-MMU-390522|Reactome:R-MMU-391160|Reactome:R-MMU-3928662|Reactome:R-MMU-3928663|Reactome:R-MMU-3928664|Reactome:R-MMU-3928665|Reactome:R-MMU-399954|Reactome:R-MMU-399955|Reactome:R-MMU-399956|Reactome:R-MMU-4086398|Reactome:R-MMU-416476|Reactome:R-MMU-416482|Reactome:R-MMU-416550|Reactome:R-MMU-416572|Reactome:R-MMU-416700|Reactome:R-MMU-418594|Reactome:R-MMU-418885|Reactome:R-MMU-418889|Reactome:R-MMU-418990|Reactome:R-MMU-419037|Reactome:R-MMU-420029|Reactome:R-MMU-420597|Reactome:R-MMU-428890|Reactome:R-MMU-430116|Reactome:R-MMU-432142|Reactome:R-MMU-432722|Reactome:R-MMU-433692|Reactome:R-MMU-437239|Reactome:R-MMU-4420097|Reactome:R-MMU-445095|Reactome:R-MMU-445144|Reactome:R-MMU-445355|Reactome:R-MMU-445989|Reactome:R-MMU-446107|Reactome:R-MMU-446353|Reactome:R-MMU-447043|Reactome:R-MMU-448706|Reactome:R-MMU-449836|Reactome:R-MMU-4755510|Reactome:R-MMU-512988|Reactome:R-MMU-5140745|Reactome:R-MMU-5173214|Reactome:R-MMU-5218921|Reactome:R-MMU-5223345|Reactome:R-MMU-525793|Reactome:R-MMU-5607761|Reactome:R-MMU-5607763|Reactome:R-MMU-5607764|Reactome:R-MMU-5620916|Reactome:R-MMU-5621575|Reactome:R-MMU-5627123|Reactome:R-MMU-5628897|Reactome:R-MMU-5632681|Reactome:R-MMU-5635838|Reactome:R-MMU-5654219|Reactome:R-MMU-5654221|Reactome:R-MMU-5654227|Reactome:R-MMU-5654228|Reactome:R-MMU-5654687|Reactome:R-MMU-5654688|Reactome:R-MMU-5654689|Reactome:R-MMU-5654693|Reactome:R-MMU-5654695|Reactome:R-MMU-5654699|Reactome:R-MMU-5654700|Reactome:R-MMU-5654704|Reactome:R-MMU-5654706|Reactome:R-MMU-5654710|Reactome:R-MMU-5654712|Reactome:R-MMU-5654719|Reactome:R-MMU-5654720|Reactome:R-MMU-5654726|Reactome:R-MMU-5654727|Reactome:R-MMU-5654732|Reactome:R-MMU-5654733|Reactome:R-MMU-5658623|Reactome:R-MMU-5660668|Reactome:R-MMU-5673001|Reactome:R-MMU-5674135|Reactome:R-MMU-5676590|Reactome:R-MMU-5683826|Reactome:R-MMU-5684264|Reactome:R-MMU-5687128|Reactome:R-MMU-5689603|Reactome:R-MMU-5690714|Reactome:R-MMU-5694530|Reactome:R-MMU-6783783|Reactome:R-MMU-6785631|Reactome:R-MMU-6785807|Reactome:R-MMU-6788467|Reactome:R-MMU-6798695|Reactome:R-MMU-6804756|Reactome:R-MMU-6806942|Reactome:R-MMU-6807004|Reactome:R-MMU-6809371|Reactome:R-MMU-6811558|Reactome:R-MMU-74713|Reactome:R-MMU-74749|Reactome:R-MMU-74751|Reactome:R-MMU-74752|Reactome:R-MMU-75892|Reactome:R-MMU-77387|Reactome:R-MMU-877300|Reactome:R-MMU-877312|Reactome:R-MMU-879415|Reactome:R-MMU-8847993|Reactome:R-MMU-8849932|Reactome:R-MMU-8851680|Reactome:R-MMU-8851805|Reactome:R-MMU-8851907|Reactome:R-MMU-8852405|Reactome:R-MMU-8853383|Reactome:R-MMU-8854691|Reactome:R-MMU-8856825|Reactome:R-MMU-8856828|Reactome:R-MMU-8857538|Reactome:R-MMU-8863795|Reactome:R-MMU-8865999|Reactome:R-MMU-8874081|Reactome:R-MMU-8875513|Reactome:R-MMU-8875555|Reactome:R-MMU-8875656|Reactome:R-MMU-8875791|Reactome:R-MMU-8932504|Reactome:R-MMU-8932505|Reactome:R-MMU-8932506|Reactome:R-MMU-8941856|Reactome:R-MMU-8948216|Reactome:R-MMU-8957275|Reactome:R-MMU-8963896|Reactome:R-MMU-8980692|Reactome:R-MMU-8983432|Reactome:R-MMU-8984722|Reactome:R-MMU-8985586|Reactome:R-MMU-8985947|Reactome:R-MMU-9006335|Reactome:R-MMU-9007892|Reactome:R-MMU-9009391|Reactome:R-MMU-9010553|Reactome:R-MMU-9012546|Reactome:R-MMU-9013026|Reactome:R-MMU-9013106|Reactome:R-MMU-9013148|Reactome:R-MMU-9013149|Reactome:R-MMU-9013404|Reactome:R-MMU-9013406|Reactome:R-MMU-9013408|Reactome:R-MMU-9013409|Reactome:R-MMU-9013420|Reactome:R-MMU-9013423|Reactome:R-MMU-9013424|Reactome:R-MMU-9014826|Reactome:R-MMU-9014843|Reactome:R-MMU-9020558|Reactome:R-MMU-9020591|Reactome:R-MMU-9020702|Reactome:R-MMU-9020933|Reactome:R-MMU-9020956|Reactome:R-MMU-9020958|Reactome:R-MMU-9026527|Reactome:R-MMU-9027276|Reactome:R-MMU-9027284|Reactome:R-MMU-9028731|Reactome:R-MMU-9032759|Reactome:R-MMU-9034013|Reactome:R-MMU-9034793|Reactome:R-MMU-9035034|Reactome:R-MMU-909733|Reactome:R-MMU-912526|Reactome:R-MMU-912694|Reactome:R-MMU-917977|Reactome:R-MMU-933542|Reactome:R-MMU-9603381|Reactome:R-MMU-9607240|Reactome:R-MMU-9609523|Reactome:R-MMU-9634597|Reactome:R-MMU-9664873|Reactome:R-MMU-9696264|Reactome:R-MMU-9696270|Reactome:R-MMU-9696273|Reactome:R-MMU-9706369|Reactome:R-MMU-9706374|Reactome:R-MMU-9732724|Reactome:R-MMU-9734091|Reactome:R-MMU-9749641|Reactome:R-MMU-9772755|Reactome:R-MMU-977606|Reactome:R-MMU-982772|Reactome:R-MMU-983168|Reactome:R-MMU-983170|Reactome:R-MMU-983695|Reactome:R-MMU-9843940|Reactome:R-MMU-9851151|Reactome:R-MMU-9856649|Reactome:R-MMU-9860927|Reactome:R-MMU-9913351|Reactome:R-MMU-9927353|Reactome:R-MMU-9927354|Reactome:R-MMU-9929356|Reactome:R-MMU-9929491|Reactome:R-MMU-9931269|Reactome:R-MMU-9931295|Reactome:R-MMU-9939291|Reactome:R-MTU-868688|Reactome:R-RNO-1059683|Reactome:R-RNO-109704|Reactome:R-RNO-110056|Reactome:R-RNO-112411|Reactome:R-RNO-114608|Reactome:R-RNO-1169091|Reactome:R-RNO-1170546|Reactome:R-RNO-1227986|Reactome:R-RNO-1236394|Reactome:R-RNO-1236974|Reactome:R-RNO-1236977|Reactome:R-RNO-1250196|Reactome:R-RNO-1250342|Reactome:R-RNO-1250347|Reactome:R-RNO-1257604|Reactome:R-RNO-1306955|Reactome:R-RNO-1307965|Reactome:R-RNO-1358803|Reactome:R-RNO-140834|Reactome:R-RNO-140837|Reactome:R-RNO-140875|Reactome:R-RNO-1462054|Reactome:R-RNO-1474228|Reactome:R-RNO-1566977|Reactome:R-RNO-163125|Reactome:R-RNO-1632852|Reactome:R-RNO-163680|Reactome:R-RNO-1660499|Reactome:R-RNO-1660514|Reactome:R-RNO-166663|Reactome:R-RNO-166665|Reactome:R-RNO-170968|Reactome:R-RNO-170984|Reactome:R-RNO-173623|Reactome:R-RNO-173736|Reactome:R-RNO-174577|Reactome:R-RNO-177504|Reactome:R-RNO-1810476|Reactome:R-RNO-181429|Reactome:R-RNO-181430|Reactome:R-RNO-1855183|Reactome:R-RNO-1855204|Reactome:R-RNO-186763|Reactome:R-RNO-186797|Reactome:R-RNO-187042|Reactome:R-RNO-190322|Reactome:R-RNO-190370|Reactome:R-RNO-190373|Reactome:R-RNO-190374|Reactome:R-RNO-193634|Reactome:R-RNO-193648|Reactome:R-RNO-193692|Reactome:R-RNO-194306|Reactome:R-RNO-195399|Reactome:R-RNO-196108|Reactome:R-RNO-1963640|Reactome:R-RNO-1963642|Reactome:R-RNO-1971475|Reactome:R-RNO-198203|Reactome:R-RNO-198933|Reactome:R-RNO-200425|Reactome:R-RNO-2022854|Reactome:R-RNO-2022857|Reactome:R-RNO-2022870|Reactome:R-RNO-2022923|Reactome:R-RNO-2024101|Reactome:R-RNO-202424|Reactome:R-RNO-202427|Reactome:R-RNO-202430|Reactome:R-RNO-202433|Reactome:R-RNO-2025928|Reactome:R-RNO-202733|Reactome:R-RNO-2029481|Reactome:R-RNO-2029482|Reactome:R-RNO-2029485|Reactome:R-RNO-209560|Reactome:R-RNO-210500|Reactome:R-RNO-210990|Reactome:R-RNO-210991|Reactome:R-RNO-212676|Reactome:R-RNO-2129379|Reactome:R-RNO-2132295|Reactome:R-RNO-216083|Reactome:R-RNO-2160916|Reactome:R-RNO-2172127|Reactome:R-RNO-2173791|Reactome:R-RNO-2404192|Reactome:R-RNO-2424491|Reactome:R-RNO-2428928|Reactome:R-RNO-2428933|Reactome:R-RNO-2454202|Reactome:R-RNO-264642|Reactome:R-RNO-264876|Reactome:R-RNO-2682334|Reactome:R-RNO-2730905|Reactome:R-RNO-2871796|Reactome:R-RNO-2871809|Reactome:R-RNO-2871837|Reactome:R-RNO-3000170|Reactome:R-RNO-3000178|Reactome:R-RNO-3134963|Reactome:R-RNO-3214841|Reactome:R-RNO-3214847|Reactome:R-RNO-354192|Reactome:R-RNO-354194|Reactome:R-RNO-372708|Reactome:R-RNO-373752|Reactome:R-RNO-373753|Reactome:R-RNO-373760|Reactome:R-RNO-375165|Reactome:R-RNO-375276|Reactome:R-RNO-376172|Reactome:R-RNO-380972|Reactome:R-RNO-381426|Reactome:R-RNO-388844|Reactome:R-RNO-389356|Reactome:R-RNO-389357|Reactome:R-RNO-389359|Reactome:R-RNO-389948|Reactome:R-RNO-390522|Reactome:R-RNO-391160|Reactome:R-RNO-3928662|Reactome:R-RNO-3928663|Reactome:R-RNO-3928664|Reactome:R-RNO-3928665|Reactome:R-RNO-399954|Reactome:R-RNO-399955|Reactome:R-RNO-399956|Reactome:R-RNO-416476|Reactome:R-RNO-416482|Reactome:R-RNO-416550|Reactome:R-RNO-416700|Reactome:R-RNO-418594|Reactome:R-RNO-418885|Reactome:R-RNO-418889|Reactome:R-RNO-418990|Reactome:R-RNO-419037|Reactome:R-RNO-420029|Reactome:R-RNO-420597|Reactome:R-RNO-432142|Reactome:R-RNO-432722|Reactome:R-RNO-433692|Reactome:R-RNO-437239|Reactome:R-RNO-4420097|Reactome:R-RNO-445095|Reactome:R-RNO-445144|Reactome:R-RNO-445989|Reactome:R-RNO-446107|Reactome:R-RNO-446353|Reactome:R-RNO-447043|Reactome:R-RNO-448706|Reactome:R-RNO-449836|Reactome:R-RNO-5218921|Reactome:R-RNO-5223345|Reactome:R-RNO-525793|Reactome:R-RNO-5607763|Reactome:R-RNO-5607764|Reactome:R-RNO-5620916|Reactome:R-RNO-5621575|Reactome:R-RNO-5628897|Reactome:R-RNO-5632681|Reactome:R-RNO-5654219|Reactome:R-RNO-5654228|Reactome:R-RNO-5654687|Reactome:R-RNO-5654688|Reactome:R-RNO-5654689|Reactome:R-RNO-5654693|Reactome:R-RNO-5654712|Reactome:R-RNO-5654719|Reactome:R-RNO-5654720|Reactome:R-RNO-5654726|Reactome:R-RNO-5654733|Reactome:R-RNO-5658623|Reactome:R-RNO-5673001|Reactome:R-RNO-5674135|Reactome:R-RNO-5683826|Reactome:R-RNO-5684264|Reactome:R-RNO-5687128|Reactome:R-RNO-5689603|Reactome:R-RNO-6785631|Reactome:R-RNO-6785807|Reactome:R-RNO-6788467|Reactome:R-RNO-6798695|Reactome:R-RNO-6804756|Reactome:R-RNO-6806942|Reactome:R-RNO-6807004|Reactome:R-RNO-6809371|Reactome:R-RNO-6811558|Reactome:R-RNO-74713|Reactome:R-RNO-74749|Reactome:R-RNO-74751|Reactome:R-RNO-74752|Reactome:R-RNO-77387|Reactome:R-RNO-879415|Reactome:R-RNO-8847993|Reactome:R-RNO-8849932|Reactome:R-RNO-8851680|Reactome:R-RNO-8851805|Reactome:R-RNO-8851907|Reactome:R-RNO-8853383|Reactome:R-RNO-8854691|Reactome:R-RNO-8856825|Reactome:R-RNO-8856828|Reactome:R-RNO-8857538|Reactome:R-RNO-8863795|Reactome:R-RNO-8865999|Reactome:R-RNO-8874081|Reactome:R-RNO-8875513|Reactome:R-RNO-8875555|Reactome:R-RNO-8875656|Reactome:R-RNO-8875791|Reactome:R-RNO-8932505|Reactome:R-RNO-8951664|Reactome:R-RNO-8957275|Reactome:R-RNO-8963896|Reactome:R-RNO-8980692|Reactome:R-RNO-8983432|Reactome:R-RNO-8984722|Reactome:R-RNO-9006335|Reactome:R-RNO-9007892|Reactome:R-RNO-9009391|Reactome:R-RNO-9013026|Reactome:R-RNO-9013106|Reactome:R-RNO-9013148|Reactome:R-RNO-9013149|Reactome:R-RNO-9013404|Reactome:R-RNO-9013408|Reactome:R-RNO-9013409|Reactome:R-RNO-9013423|Reactome:R-RNO-9014826|Reactome:R-RNO-9014843|Reactome:R-RNO-9020558|Reactome:R-RNO-9020702|Reactome:R-RNO-9020956|Reactome:R-RNO-9026527|Reactome:R-RNO-9027276|Reactome:R-RNO-9027284|Reactome:R-RNO-9028731|Reactome:R-RNO-9032759|Reactome:R-RNO-9034013|Reactome:R-RNO-9034793|Reactome:R-RNO-9035034|Reactome:R-RNO-912526|Reactome:R-RNO-917977|Reactome:R-RNO-933542|Reactome:R-RNO-9603381|Reactome:R-RNO-9609523|Reactome:R-RNO-9634597|Reactome:R-RNO-9664873|Reactome:R-RNO-9734091|Reactome:R-RNO-9749641|Reactome:R-RNO-9772755|Reactome:R-RNO-977606|Reactome:R-RNO-982772|Reactome:R-RNO-983168|Reactome:R-RNO-983170|Reactome:R-RNO-9851151|Reactome:R-RNO-9860927|Reactome:R-RNO-9927353|Reactome:R-RNO-9927354|Reactome:R-RNO-9931269|Reactome:R-SCE-1632852|Reactome:R-SCE-163680|Reactome:R-SCE-200425|Reactome:R-SCE-3322077|Reactome:R-SCE-380972|Reactome:R-SCE-6798695|Reactome:R-SCE-8948751|Reactome:R-SCE-9013106|Reactome:R-SCE-9609523|Reactome:R-SPO-1632852|Reactome:R-SPO-163680|Reactome:R-SPO-200425|Reactome:R-SPO-380972|Reactome:R-SPO-5628897|Reactome:R-SPO-6798695|Reactome:R-SPO-9609523|Reactome:R-SPO-9664873|Reactome:R-SSC-114608|Reactome:R-SSC-1170546|Reactome:R-SSC-1236974|Reactome:R-SSC-1236977|Reactome:R-SSC-1257604|Reactome:R-SSC-1474228|Reactome:R-SSC-173623|Reactome:R-SSC-198933|Reactome:R-SSC-2022854|Reactome:R-SSC-2022857|Reactome:R-SSC-2024101|Reactome:R-SSC-202424|Reactome:R-SSC-202427|Reactome:R-SSC-202430|Reactome:R-SSC-202433|Reactome:R-SSC-202733|Reactome:R-SSC-2029481|Reactome:R-SSC-2029482|Reactome:R-SSC-2029485|Reactome:R-SSC-210990|Reactome:R-SSC-2132295|Reactome:R-SSC-216083|Reactome:R-SSC-2160916|Reactome:R-SSC-2168880|Reactome:R-SSC-2424491|Reactome:R-SSC-2454202|Reactome:R-SSC-2730905|Reactome:R-SSC-2871796|Reactome:R-SSC-2871809|Reactome:R-SSC-2871837|Reactome:R-SSC-3000178|Reactome:R-SSC-389948|Reactome:R-SSC-391160|Reactome:R-SSC-416550|Reactome:R-SSC-432142|Reactome:R-SSC-5673001|Reactome:R-SSC-5690714|Reactome:R-SSC-6798695|Reactome:R-SSC-6806942|Reactome:R-SSC-6807004|Reactome:R-SSC-6811558|Reactome:R-SSC-8851805|Reactome:R-SSC-8851907|Reactome:R-SSC-8856825|Reactome:R-SSC-8856828|Reactome:R-SSC-8865999|Reactome:R-SSC-8874081|Reactome:R-SSC-8875513|Reactome:R-SSC-8875555|Reactome:R-SSC-8875656|Reactome:R-SSC-8875791|Reactome:R-SSC-8980692|Reactome:R-SSC-9006335|Reactome:R-SSC-9013106|Reactome:R-SSC-9013404|Reactome:R-SSC-9013408|Reactome:R-SSC-9020591|Reactome:R-SSC-9020933|Reactome:R-SSC-9027276|Reactome:R-SSC-9027284|Reactome:R-SSC-9734091|Reactome:R-SSC-977606|Reactome:R-SSC-982772|Reactome:R-SSC-983170|Reactome:R-SSC-983695|Reactome:R-XTR-202433|Reactome:R-XTR-418990|Reactome:R-XTR-5654687
D_purpureum_EGC36612	d1d09141fb3339aa7137abdb934fd2e6	2102	SUPERFAMILY	SSF53756	UDP-Glycosyltransferase/glycogen phosphorylase	121	515	8.9E-32	T	26-08-2026	-	-	-	-
D_purpureum_EGC36612	d1d09141fb3339aa7137abdb934fd2e6	2102	Phobius	TRANSMEMBRANE	Region of a membrane-bound protein predicted to be embedded in the membrane.	1857	1881	-	T	26-08-2026	-	-	-	-
D_purpureum_EGC36612	d1d09141fb3339aa7137abdb934fd2e6	2102	Phobius	SIGNAL_PEPTIDE_H_REGION	Hydrophobic region of a signal peptide.	4	14	-	T	26-08-2026	-	-	-	-
D_purpureum_EGC36612	d1d09141fb3339aa7137abdb934fd2e6	2102	SUPERFAMILY	SSF81296	E set domains	817	899	2.1E-11	T	26-08-2026	IPR014756	Immunoglobulin E-set	-	Reactome:R-BTA-1296041|Reactome:R-BTA-1296053|Reactome:R-BTA-1632852|Reactome:R-BTA-2514859|Reactome:R-BTA-350054|Reactome:R-BTA-380972|Reactome:R-BTA-418555|Reactome:R-BTA-432720|Reactome:R-BTA-432722|Reactome:R-BTA-456926|Reactome:R-BTA-5576886|Reactome:R-BTA-5624958|Reactome:R-BTA-5628897|Reactome:R-BTA-5635838|Reactome:R-BTA-5674135|Reactome:R-BTA-5689880|Reactome:R-BTA-6798695|Reactome:R-BTA-6804756|Reactome:R-BTA-8856825|Reactome:R-BTA-8856828|Reactome:R-BTA-8941856|Reactome:R-BTA-8964038|Reactome:R-BTA-9013148|Reactome:R-BTA-9013407|Reactome:R-BTA-9013408|Reactome:R-BTA-9648002|Reactome:R-BTA-9839389|Reactome:R-BTA-9931269|Reactome:R-BTA-9954716|Reactome:R-BTA-997272|Reactome:R-CEL-1296041|Reactome:R-CEL-1296053|Reactome:R-CEL-1296067|Reactome:R-CEL-264876|Reactome:R-CEL-416482|Reactome:R-CEL-416572|Reactome:R-CEL-416700|Reactome:R-CEL-432720|Reactome:R-CEL-432722|Reactome:R-CEL-456926|Reactome:R-CEL-5099900|Reactome:R-CEL-5576886|Reactome:R-CEL-5620916|Reactome:R-CEL-5624138|Reactome:R-CEL-5674135|Reactome:R-CEL-6798695|Reactome:R-CEL-72163|Reactome:R-CEL-72165|Reactome:R-CEL-844456|Reactome:R-CEL-8856825|Reactome:R-CEL-8856828|Reactome:R-CEL-8964038|Reactome:R-CEL-8980692|Reactome:R-CEL-9013148|Reactome:R-CEL-9013149|Reactome:R-CEL-9013407|Reactome:R-CEL-9013423|Reactome:R-CEL-913709|Reactome:R-CEL-9648002|Reactome:R-CEL-997272|Reactome:R-CFA-1296041|Reactome:R-CFA-1296053|Reactome:R-CFA-5576886|Reactome:R-CFA-5624958|Reactome:R-CFA-9648002|Reactome:R-CFA-997272|Reactome:R-DDI-3295583|Reactome:R-DDI-5213460|Reactome:R-DDI-5673000|Reactome:R-DDI-5674135|Reactome:R-DDI-5675221|Reactome:R-DDI-5675482|Reactome:R-DDI-6798695|Reactome:R-DDI-72163|Reactome:R-DDI-8964038|Reactome:R-DDI-9013149|Reactome:R-DDI-9013404|Reactome:R-DDI-9013423|Reactome:R-DDI-9954716|Reactome:R-DME-114608|Reactome:R-DME-1169091|Reactome:R-DME-1614517|Reactome:R-DME-1810476|Reactome:R-DME-202424|Reactome:R-DME-209394|Reactome:R-DME-209400|Reactome:R-DME-209406|Reactome:R-DME-209560|Reactome:R-DME-214399|Reactome:R-DME-214411|Reactome:R-DME-214416|Reactome:R-DME-214842|Reactome:R-DME-214844|Reactome:R-DME-214869|Reactome:R-DME-264876|Reactome:R-DME-2871837|Reactome:R-DME-3134963|Reactome:R-DME-350054|Reactome:R-DME-416482|Reactome:R-DME-416572|Reactome:R-DME-416700|Reactome:R-DME-418555|Reactome:R-DME-432720|Reactome:R-DME-432722|Reactome:R-DME-445989|Reactome:R-DME-446353|Reactome:R-DME-4755510|Reactome:R-DME-5607761|Reactome:R-DME-5607764|Reactome:R-DME-5620916|Reactome:R-DME-5621575|Reactome:R-DME-5627123|Reactome:R-DME-5674135|Reactome:R-DME-5676590|Reactome:R-DME-5689880|Reactome:R-DME-6798695|Reactome:R-DME-72163|Reactome:R-DME-72165|Reactome:R-DME-8856825|Reactome:R-DME-8856828|Reactome:R-DME-9020702|Reactome:R-DME-913709|Reactome:R-DME-933542|Reactome:R-DME-9648002|Reactome:R-DME-977068|Reactome:R-DME-9839389|Reactome:R-DME-9860927|Reactome:R-DRE-399954|Reactome:R-DRE-399956|Reactome:R-DRE-5624138|Reactome:R-DRE-6798695|Reactome:R-DRE-8964038|Reactome:R-DRE-983168|Reactome:R-GGA-1227892|Reactome:R-GGA-1296041|Reactome:R-GGA-1296053|Reactome:R-GGA-434001|Reactome:R-GGA-434131|Reactome:R-GGA-5576886|Reactome:R-GGA-9954716|Reactome:R-GGA-997272|Reactome:R-HSA-112126|Reactome:R-HSA-114608|Reactome:R-HSA-1169091|Reactome:R-HSA-1169408|Reactome:R-HSA-1236974|Reactome:R-HSA-1257604|Reactome:R-HSA-1296025|Reactome:R-HSA-1296041|Reactome:R-HSA-1296053|Reactome:R-HSA-1296067|Reactome:R-HSA-140534|Reactome:R-HSA-140837|Reactome:R-HSA-140875|Reactome:R-HSA-1445148|Reactome:R-HSA-1474228|Reactome:R-HSA-1614517|Reactome:R-HSA-163125|Reactome:R-HSA-1632852|Reactome:R-HSA-163680|Reactome:R-HSA-166016|Reactome:R-HSA-166058|Reactome:R-HSA-166166|Reactome:R-HSA-1810476|Reactome:R-HSA-1912408|Reactome:R-HSA-193634|Reactome:R-HSA-193692|Reactome:R-HSA-200425|Reactome:R-HSA-202424|Reactome:R-HSA-2025928|Reactome:R-HSA-209560|Reactome:R-HSA-209563|Reactome:R-HSA-210744|Reactome:R-HSA-2122947|Reactome:R-HSA-2122948|Reactome:R-HSA-2151209|Reactome:R-HSA-2197563|Reactome:R-HSA-2219530|Reactome:R-HSA-2485179|Reactome:R-HSA-2514859|Reactome:R-HSA-2559582|Reactome:R-HSA-2562578|Reactome:R-HSA-2644606|Reactome:R-HSA-264876|Reactome:R-HSA-2871809|Reactome:R-HSA-2871837|Reactome:R-HSA-2894862|Reactome:R-HSA-3134963|Reactome:R-HSA-3214841|Reactome:R-HSA-3322077|Reactome:R-HSA-350054|Reactome:R-HSA-380972|Reactome:R-HSA-381340|Reactome:R-HSA-382556|Reactome:R-HSA-3878781|Reactome:R-HSA-399954|Reactome:R-HSA-399955|Reactome:R-HSA-399956|Reactome:R-HSA-4086398|Reactome:R-HSA-416482|Reactome:R-HSA-416550|Reactome:R-HSA-416572|Reactome:R-HSA-416700|Reactome:R-HSA-418555|Reactome:R-HSA-422356|Reactome:R-HSA-430116|Reactome:R-HSA-432720|Reactome:R-HSA-432722|Reactome:R-HSA-445989|Reactome:R-HSA-446353|Reactome:R-HSA-448706|Reactome:R-HSA-456926|Reactome:R-HSA-4755510|Reactome:R-HSA-5099900|Reactome:R-HSA-5223345|Reactome:R-HSA-5576886|Reactome:R-HSA-5578775|Reactome:R-HSA-5602498|Reactome:R-HSA-5603029|Reactome:R-HSA-5603041|Reactome:R-HSA-5607761|Reactome:R-HSA-5607763|Reactome:R-HSA-5607764|Reactome:R-HSA-5620916|Reactome:R-HSA-5621575|Reactome:R-HSA-5624138|Reactome:R-HSA-5624958|Reactome:R-HSA-5627123|Reactome:R-HSA-5628897|Reactome:R-HSA-5635838|Reactome:R-HSA-5660668|Reactome:R-HSA-5673001|Reactome:R-HSA-5674135|Reactome:R-HSA-5676590|Reactome:R-HSA-5678420|Reactome:R-HSA-5683177|Reactome:R-HSA-5684264|Reactome:R-HSA-5686938|Reactome:R-HSA-5689880|Reactome:R-HSA-6785807|Reactome:R-HSA-6798695|Reactome:R-HSA-6802946|Reactome:R-HSA-6802948|Reactome:R-HSA-6802952|Reactome:R-HSA-6802955|Reactome:R-HSA-6804756|Reactome:R-HSA-6806942|Reactome:R-HSA-6807004|Reactome:R-HSA-6809371|Reactome:R-HSA-6811558|Reactome:R-HSA-72163|Reactome:R-HSA-72165|Reactome:R-HSA-844456|Reactome:R-HSA-877300|Reactome:R-HSA-8851805|Reactome:R-HSA-8851907|Reactome:R-HSA-8852405|Reactome:R-HSA-8853884|Reactome:R-HSA-8856825|Reactome:R-HSA-8856828|Reactome:R-HSA-8865999|Reactome:R-HSA-8874081|Reactome:R-HSA-8875360|Reactome:R-HSA-8875513|Reactome:R-HSA-8875555|Reactome:R-HSA-8875656|Reactome:R-HSA-8875791|Reactome:R-HSA-8876493|Reactome:R-HSA-8877330|Reactome:R-HSA-8941856|Reactome:R-HSA-8963896|Reactome:R-HSA-8964038|Reactome:R-HSA-8980692|Reactome:R-HSA-8983711|Reactome:R-HSA-9013026|Reactome:R-HSA-9013106|Reactome:R-HSA-9013148|Reactome:R-HSA-9013149|Reactome:R-HSA-9013404|Reactome:R-HSA-9013405|Reactome:R-HSA-9013407|Reactome:R-HSA-9013408|Reactome:R-HSA-9013423|Reactome:R-HSA-9013508|Reactome:R-HSA-9013695|Reactome:R-HSA-9020702|Reactome:R-HSA-9022699|Reactome:R-HSA-933542|Reactome:R-HSA-936964|Reactome:R-HSA-937041|Reactome:R-HSA-937072|Reactome:R-HSA-9609690|Reactome:R-HSA-9613354|Reactome:R-HSA-9615017|Reactome:R-HSA-9617629|Reactome:R-HSA-9619483|Reactome:R-HSA-9638334|Reactome:R-HSA-9648002|Reactome:R-HSA-9649948|Reactome:R-HSA-9656223|Reactome:R-HSA-9660826|Reactome:R-HSA-9692916|Reactome:R-HSA-9696270|Reactome:R-HSA-9696273|Reactome:R-HSA-9707564|Reactome:R-HSA-9707616|Reactome:R-HSA-9729555|Reactome:R-HSA-9734091|Reactome:R-HSA-975163|Reactome:R-HSA-9752946|Reactome:R-HSA-9793380|Reactome:R-HSA-9818749|Reactome:R-HSA-9820960|Reactome:R-HSA-9824272|Reactome:R-HSA-9824878|Reactome:R-HSA-9825892|Reactome:R-HSA-983168|Reactome:R-HSA-9833110|Reactome:R-HSA-9839389|Reactome:R-HSA-9844594|Reactome:R-HSA-9860927|Reactome:R-HSA-9909649|Reactome:R-HSA-9918432|Reactome:R-HSA-9918476|Reactome:R-HSA-9918481|Reactome:R-HSA-9918485|Reactome:R-HSA-9918487|Reactome:R-HSA-9920588|Reactome:R-HSA-9920951|Reactome:R-HSA-9931269|Reactome:R-HSA-9942503|Reactome:R-HSA-9954716|Reactome:R-HSA-997272|Reactome:R-MMU-114608|Reactome:R-MMU-1169091|Reactome:R-MMU-1169408|Reactome:R-MMU-1257604|Reactome:R-MMU-1296025|Reactome:R-MMU-1296041|Reactome:R-MMU-1296053|Reactome:R-MMU-1296067|Reactome:R-MMU-140534|Reactome:R-MMU-140837|Reactome:R-MMU-140875|Reactome:R-MMU-1474228|Reactome:R-MMU-1614517|Reactome:R-MMU-163125|Reactome:R-MMU-1632852|Reactome:R-MMU-163680|Reactome:R-MMU-166016|Reactome:R-MMU-166166|Reactome:R-MMU-1810476|Reactome:R-MMU-193634|Reactome:R-MMU-193692|Reactome:R-MMU-200425|Reactome:R-MMU-202424|Reactome:R-MMU-2025928|Reactome:R-MMU-209560|Reactome:R-MMU-209563|Reactome:R-MMU-2122947|Reactome:R-MMU-2514859|Reactome:R-MMU-2562578|Reactome:R-MMU-264876|Reactome:R-MMU-2871809|Reactome:R-MMU-2871837|Reactome:R-MMU-3134963|Reactome:R-MMU-3214841|Reactome:R-MMU-3322077|Reactome:R-MMU-350054|Reactome:R-MMU-380972|Reactome:R-MMU-382556|Reactome:R-MMU-399954|Reactome:R-MMU-399955|Reactome:R-MMU-399956|Reactome:R-MMU-4086398|Reactome:R-MMU-416482|Reactome:R-MMU-416550|Reactome:R-MMU-416572|Reactome:R-MMU-416700|Reactome:R-MMU-418555|Reactome:R-MMU-422356|Reactome:R-MMU-430116|Reactome:R-MMU-432720|Reactome:R-MMU-432722|Reactome:R-MMU-445989|Reactome:R-MMU-446353|Reactome:R-MMU-448706|Reactome:R-MMU-456926|Reactome:R-MMU-4755510|Reactome:R-MMU-5099900|Reactome:R-MMU-5223345|Reactome:R-MMU-5576886|Reactome:R-MMU-5578775|Reactome:R-MMU-5607761|Reactome:R-MMU-5607763|Reactome:R-MMU-5607764|Reactome:R-MMU-5620916|Reactome:R-MMU-5621575|Reactome:R-MMU-5624138|Reactome:R-MMU-5624958|Reactome:R-MMU-5627123|Reactome:R-MMU-5628897|Reactome:R-MMU-5635838|Reactome:R-MMU-5673001|Reactome:R-MMU-5674135|Reactome:R-MMU-5676590|Reactome:R-MMU-5684264|Reactome:R-MMU-5686938|Reactome:R-MMU-5689880|Reactome:R-MMU-6798695|Reactome:R-MMU-6804756|Reactome:R-MMU-6806942|Reactome:R-MMU-6807004|Reactome:R-MMU-6809371|Reactome:R-MMU-6811558|Reactome:R-MMU-72163|Reactome:R-MMU-72165|Reactome:R-MMU-844456|Reactome:R-MMU-8851805|Reactome:R-MMU-8851907|Reactome:R-MMU-8852405|Reactome:R-MMU-8856825|Reactome:R-MMU-8856828|Reactome:R-MMU-8865999|Reactome:R-MMU-8874081|Reactome:R-MMU-8875513|Reactome:R-MMU-8875555|Reactome:R-MMU-8875656|Reactome:R-MMU-8875791|Reactome:R-MMU-8941856|Reactome:R-MMU-8963896|Reactome:R-MMU-8964038|Reactome:R-MMU-8980692|Reactome:R-MMU-9013026|Reactome:R-MMU-9013106|Reactome:R-MMU-9013148|Reactome:R-MMU-9013149|Reactome:R-MMU-9013404|Reactome:R-MMU-9013407|Reactome:R-MMU-9013408|Reactome:R-MMU-9013423|Reactome:R-MMU-9020702|Reactome:R-MMU-933542|Reactome:R-MMU-936964|Reactome:R-MMU-937041|Reactome:R-MMU-937072|Reactome:R-MMU-9648002|Reactome:R-MMU-9696270|Reactome:R-MMU-9696273|Reactome:R-MMU-9707616|Reactome:R-MMU-9734091|Reactome:R-MMU-975163|Reactome:R-MMU-9824878|Reactome:R-MMU-983168|Reactome:R-MMU-9839389|Reactome:R-MMU-9860927|Reactome:R-MMU-9931269|Reactome:R-MMU-9954716|Reactome:R-MMU-997272|Reactome:R-MTU-868688|Reactome:R-RNO-114608|Reactome:R-RNO-1169091|Reactome:R-RNO-1257604|Reactome:R-RNO-1296025|Reactome:R-RNO-1296041|Reactome:R-RNO-1296053|Reactome:R-RNO-1296067|Reactome:R-RNO-140837|Reactome:R-RNO-140875|Reactome:R-RNO-1474228|Reactome:R-RNO-1614517|Reactome:R-RNO-1632852|Reactome:R-RNO-163680|Reactome:R-RNO-1810476|Reactome:R-RNO-193634|Reactome:R-RNO-193692|Reactome:R-RNO-200425|Reactome:R-RNO-202424|Reactome:R-RNO-2025928|Reactome:R-RNO-209560|Reactome:R-RNO-209563|Reactome:R-RNO-2514859|Reactome:R-RNO-264876|Reactome:R-RNO-2871809|Reactome:R-RNO-2871837|Reactome:R-RNO-3134963|Reactome:R-RNO-3214841|Reactome:R-RNO-380972|Reactome:R-RNO-382556|Reactome:R-RNO-399954|Reactome:R-RNO-399955|Reactome:R-RNO-399956|Reactome:R-RNO-416550|Reactome:R-RNO-416700|Reactome:R-RNO-418555|Reactome:R-RNO-422356|Reactome:R-RNO-432720|Reactome:R-RNO-432722|Reactome:R-RNO-445989|Reactome:R-RNO-446353|Reactome:R-RNO-448706|Reactome:R-RNO-456926|Reactome:R-RNO-5099900|Reactome:R-RNO-5223345|Reactome:R-RNO-5576886|Reactome:R-RNO-5578775|Reactome:R-RNO-5607763|Reactome:R-RNO-5607764|Reactome:R-RNO-5620916|Reactome:R-RNO-5621575|Reactome:R-RNO-5628897|Reactome:R-RNO-5673001|Reactome:R-RNO-5674135|Reactome:R-RNO-5684264|Reactome:R-RNO-5689880|Reactome:R-RNO-6798695|Reactome:R-RNO-6804756|Reactome:R-RNO-6806942|Reactome:R-RNO-6807004|Reactome:R-RNO-6809371|Reactome:R-RNO-6811558|Reactome:R-RNO-72163|Reactome:R-RNO-72165|Reactome:R-RNO-844456|Reactome:R-RNO-8851805|Reactome:R-RNO-8851907|Reactome:R-RNO-8856825|Reactome:R-RNO-8856828|Reactome:R-RNO-8865999|Reactome:R-RNO-8874081|Reactome:R-RNO-8875513|Reactome:R-RNO-8875555|Reactome:R-RNO-8875656|Reactome:R-RNO-8875791|Reactome:R-RNO-8963896|Reactome:R-RNO-8980692|Reactome:R-RNO-9013106|Reactome:R-RNO-9013148|Reactome:R-RNO-9013149|Reactome:R-RNO-9013404|Reactome:R-RNO-9013407|Reactome:R-RNO-9013408|Reactome:R-RNO-9020702|Reactome:R-RNO-933542|Reactome:R-RNO-9734091|Reactome:R-RNO-983168|Reactome:R-RNO-9839389|Reactome:R-RNO-9860927|Reactome:R-RNO-9931269|Reactome:R-RNO-9954716|Reactome:R-RNO-997272|Reactome:R-SCE-1632852|Reactome:R-SCE-163680|Reactome:R-SCE-200425|Reactome:R-SCE-3238698|Reactome:R-SCE-3322077|Reactome:R-SCE-380972|Reactome:R-SCE-6798695|Reactome:R-SCE-8948751|Reactome:R-SCE-8964038|Reactome:R-SCE-8980692|Reactome:R-SCE-9013106|Reactome:R-SCE-9013148|Reactome:R-SCE-9013149|Reactome:R-SCE-9013423|Reactome:R-SPO-1632852|Reactome:R-SPO-163680|Reactome:R-SPO-200425|Reactome:R-SPO-380972|Reactome:R-SPO-5628897|Reactome:R-SPO-6798695|Reactome:R-SPO-72163|Reactome:R-SPO-8964038|Reactome:R-SPO-8980692|Reactome:R-SPO-9013106|Reactome:R-SPO-9013148|Reactome:R-SSC-1257604|Reactome:R-SSC-1296041|Reactome:R-SSC-1296053|Reactome:R-SSC-416550|Reactome:R-SSC-5576886|Reactome:R-SSC-5673001|Reactome:R-SSC-6798695|Reactome:R-SSC-6806942|Reactome:R-SSC-6807004|Reactome:R-SSC-6811558|Reactome:R-SSC-844456|Reactome:R-SSC-8851805|Reactome:R-SSC-8851907|Reactome:R-SSC-8865999|Reactome:R-SSC-8874081|Reactome:R-SSC-8875513|Reactome:R-SSC-8875555|Reactome:R-SSC-8875656|Reactome:R-SSC-8875791|Reactome:R-SSC-8964038|Reactome:R-SSC-9734091|Reactome:R-SSC-997272
D_purpureum_EGC36612	d1d09141fb3339aa7137abdb934fd2e6	2102	Phobius	NON_CYTOPLASMIC_DOMAIN	Region of a membrane-bound protein predicted to be outside the membrane, in the extracellular region.	22	1856	-	T	26-08-2026	-	-	-	-
D_purpureum_EGC36612	d1d09141fb3339aa7137abdb934fd2e6	2102	SUPERFAMILY	SSF53448	Nucleotide-diphospho-sugar transferases	549	761	5.44E-42	T	26-08-2026	IPR029044	Nucleotide-diphospho-sugar transferases	-	Reactome:R-BTA-1650814|Reactome:R-BTA-173599|Reactome:R-BTA-2022854|Reactome:R-BTA-2022928|Reactome:R-BTA-2534343|Reactome:R-BTA-3322077|Reactome:R-BTA-4085001|Reactome:R-BTA-5653890|Reactome:R-BTA-6798695|Reactome:R-BTA-6811436|Reactome:R-BTA-913709|Reactome:R-BTA-975577|Reactome:R-CEL-1650814|Reactome:R-CEL-1971475|Reactome:R-CEL-2022928|Reactome:R-CEL-3322077|Reactome:R-CEL-446205|Reactome:R-CEL-446210|Reactome:R-CEL-6798695|Reactome:R-CEL-6811436|Reactome:R-CEL-70221|Reactome:R-CEL-72731|Reactome:R-CEL-913709|Reactome:R-CEL-964739|Reactome:R-CEL-975577|Reactome:R-CEL-9840309|Reactome:R-CFA-1971475|Reactome:R-DDI-162699|Reactome:R-DDI-173599|Reactome:R-DDI-3322077|Reactome:R-DDI-446205|Reactome:R-DDI-446210|Reactome:R-DDI-480985|Reactome:R-DDI-72731|Reactome:R-DME-162699|Reactome:R-DME-1650814|Reactome:R-DME-190372|Reactome:R-DME-1971475|Reactome:R-DME-2022854|Reactome:R-DME-2022928|Reactome:R-DME-446205|Reactome:R-DME-480985|Reactome:R-DME-6811436|Reactome:R-DME-9037629|Reactome:R-DME-913709|Reactome:R-DME-975577|Reactome:R-DME-9840309|Reactome:R-DRE-1650814|Reactome:R-DRE-2022854|Reactome:R-DRE-2022928|Reactome:R-DRE-4085001|Reactome:R-DRE-446205|Reactome:R-DRE-913709|Reactome:R-DRE-975577|Reactome:R-DRE-9840309|Reactome:R-DRE-9939291|Reactome:R-HSA-162699|Reactome:R-HSA-1650814|Reactome:R-HSA-173599|Reactome:R-HSA-190372|Reactome:R-HSA-1912420|Reactome:R-HSA-1971475|Reactome:R-HSA-2022854|Reactome:R-HSA-2022870|Reactome:R-HSA-2022928|Reactome:R-HSA-2142845|Reactome:R-HSA-2534343|Reactome:R-HSA-3322077|Reactome:R-HSA-3560783|Reactome:R-HSA-3560801|Reactome:R-HSA-3595177|Reactome:R-HSA-3656237|Reactome:R-HSA-3656244|Reactome:R-HSA-3656253|Reactome:R-HSA-3785653|Reactome:R-HSA-381038|Reactome:R-HSA-3814836|Reactome:R-HSA-3828062|Reactome:R-HSA-3858516|Reactome:R-HSA-3878781|Reactome:R-HSA-4085001|Reactome:R-HSA-446203|Reactome:R-HSA-446205|Reactome:R-HSA-446210|Reactome:R-HSA-4717374|Reactome:R-HSA-4719360|Reactome:R-HSA-4719377|Reactome:R-HSA-4793952|Reactome:R-HSA-4793953|Reactome:R-HSA-480985|Reactome:R-HSA-5083625|Reactome:R-HSA-5083627|Reactome:R-HSA-5083628|Reactome:R-HSA-5083635|Reactome:R-HSA-5083636|Reactome:R-HSA-5173214|Reactome:R-HSA-5357609|Reactome:R-HSA-5653890|Reactome:R-HSA-6798695|Reactome:R-HSA-6811436|Reactome:R-HSA-70221|Reactome:R-HSA-72731|Reactome:R-HSA-8932504|Reactome:R-HSA-8932506|Reactome:R-HSA-901032|Reactome:R-HSA-9033807|Reactome:R-HSA-9037629|Reactome:R-HSA-913709|Reactome:R-HSA-964739|Reactome:R-HSA-9683673|Reactome:R-HSA-9683686|Reactome:R-HSA-9694548|Reactome:R-HSA-9694719|Reactome:R-HSA-975577|Reactome:R-HSA-975578|Reactome:R-HSA-9840309|Reactome:R-HSA-9918432|Reactome:R-HSA-9926550|Reactome:R-HSA-9931953|Reactome:R-HSA-9939291|Reactome:R-MMU-162699|Reactome:R-MMU-1650814|Reactome:R-MMU-173599|Reactome:R-MMU-190372|Reactome:R-MMU-1971475|Reactome:R-MMU-2022854|Reactome:R-MMU-2022870|Reactome:R-MMU-2022928|Reactome:R-MMU-2142845|Reactome:R-MMU-2534343|Reactome:R-MMU-3322077|Reactome:R-MMU-4085001|Reactome:R-MMU-446203|Reactome:R-MMU-446205|Reactome:R-MMU-446210|Reactome:R-MMU-480985|Reactome:R-MMU-5173214|Reactome:R-MMU-5653890|Reactome:R-MMU-6798695|Reactome:R-MMU-6811436|Reactome:R-MMU-70221|Reactome:R-MMU-72731|Reactome:R-MMU-8932504|Reactome:R-MMU-8932506|Reactome:R-MMU-9033807|Reactome:R-MMU-9037629|Reactome:R-MMU-913709|Reactome:R-MMU-964739|Reactome:R-MMU-975577|Reactome:R-MMU-975578|Reactome:R-MMU-9840309|Reactome:R-MMU-9939291|Reactome:R-RNO-1650814|Reactome:R-RNO-2022854|Reactome:R-RNO-2142845|Reactome:R-RNO-3322077|Reactome:R-RNO-4085001|Reactome:R-RNO-446205|Reactome:R-RNO-6798695|Reactome:R-RNO-6811436|Reactome:R-RNO-70221|Reactome:R-RNO-72731|Reactome:R-RNO-8932504|Reactome:R-RNO-8932506|Reactome:R-RNO-9033807|Reactome:R-RNO-913709|Reactome:R-RNO-964739|Reactome:R-RNO-975577|Reactome:R-RNO-975578|Reactome:R-RNO-9840309|Reactome:R-RNO-9939291|Reactome:R-SCE-173599|Reactome:R-SCE-3322077|Reactome:R-SCE-446210|Reactome:R-SCE-480985|Reactome:R-SCE-6798695|Reactome:R-SCE-70221|Reactome:R-SCE-72731|Reactome:R-SPO-162699|Reactome:R-SPO-173599|Reactome:R-SPO-3322077|Reactome:R-SPO-446205|Reactome:R-SPO-446210|Reactome:R-SPO-480985|Reactome:R-SPO-6798695|Reactome:R-SPO-70221|Reactome:R-SPO-72731|Reactome:R-SSC-162699|Reactome:R-SSC-2022854|Reactome:R-SSC-913709|Reactome:R-SSC-975577|Reactome:R-SSC-9840309|Reactome:R-XTR-446205|Reactome:R-XTR-913709|Reactome:R-XTR-9840309|Reactome:R-XTR-9939291
D_purpureum_EGC36612	d1d09141fb3339aa7137abdb934fd2e6	2102	Pfam	PF00534	Glycosyl transferases group 1	330	494	2.6E-9	T	26-08-2026	IPR001296	Glycosyl transferase, family 1	GO:0016757(InterPro)	Reactome:R-DDI-446193|Reactome:R-HSA-162710|Reactome:R-HSA-446193|Reactome:R-HSA-4549349|Reactome:R-HSA-4549380|Reactome:R-HSA-4551295|Reactome:R-MMU-162710|Reactome:R-MMU-446193|Reactome:R-MTU-879299|Reactome:R-SCE-446193|Reactome:R-SPO-162710|Reactome:R-SPO-446193
D_purpureum_EGC36612	d1d09141fb3339aa7137abdb934fd2e6	2102	Gene3D	G3DSA:3.40.50.2000	Glycogen Phosphorylase B;	110	310	4.6E-12	T	26-08-2026	-	-	-	-
D_purpureum_EGC36612	d1d09141fb3339aa7137abdb934fd2e6	2102	CDD	cd00761	Glyco_tranf_GTA_type	553	745	9.93264E-28	T	26-08-2026	-	-	-	-
D_dimigraforme_KAN0053237	96d2fa31128adb83b359a4d2eda0e734	2198	ProSiteProfiles	PS50221	GAIN-B domain profile.	1764	1917	15.509763	T	26-08-2026	IPR057244	GAIN, subdomain B	-	Reactome:R-CEL-373080|Reactome:R-CEL-6798695|Reactome:R-CEL-9619665|Reactome:R-DME-350368|Reactome:R-DME-350376|Reactome:R-DME-350379|Reactome:R-DME-350411|Reactome:R-DME-350480|Reactome:R-DME-373080|Reactome:R-DME-450728|Reactome:R-DME-6798695|Reactome:R-DME-9619665|Reactome:R-DRE-9619665|Reactome:R-HSA-373080|Reactome:R-HSA-5620916|Reactome:R-HSA-5683826|Reactome:R-HSA-6798695|Reactome:R-HSA-9619665|Reactome:R-MMU-373080|Reactome:R-MMU-5620916|Reactome:R-MMU-5683826|Reactome:R-MMU-6798695|Reactome:R-MMU-9619665|Reactome:R-RNO-373080|Reactome:R-RNO-5683826
D_dimigraforme_KAN0053237	96d2fa31128adb83b359a4d2eda0e734	2198	SMART	SM00303	GPS_3	1869	1916	3.4E-4	T	26-08-2026	IPR000203	GPS motif	-	Reactome:R-CEL-373080|Reactome:R-CEL-6798695|Reactome:R-CEL-9619665|Reactome:R-DME-350368|Reactome:R-DME-350376|Reactome:R-DME-350379|Reactome:R-DME-350411|Reactome:R-DME-350480|Reactome:R-DME-373080|Reactome:R-DME-450728|Reactome:R-DME-6798695|Reactome:R-DME-9619665|Reactome:R-DRE-9619665|Reactome:R-HSA-373080|Reactome:R-HSA-5620916|Reactome:R-HSA-5683826|Reactome:R-HSA-6798695|Reactome:R-HSA-9619665|Reactome:R-MMU-373080|Reactome:R-MMU-5620916|Reactome:R-MMU-5683826|Reactome:R-MMU-6798695|Reactome:R-MMU-9619665|Reactome:R-RNO-373080|Reactome:R-RNO-5683826
D_dimigraforme_KAN0053237	96d2fa31128adb83b359a4d2eda0e734	2198	MobiDBLite	mobidb-lite	consensus disorder prediction	2090	2104	-	T	26-08-2026	-	-	-	-
D_dimigraforme_KAN0053237	96d2fa31128adb83b359a4d2eda0e734	2198	Pfam	PF00534	Glycosyl transferases group 1	331	491	1.3E-4	T	26-08-2026	IPR001296	Glycosyl transferase, family 1	GO:0016757(InterPro)	Reactome:R-DDI-446193|Reactome:R-HSA-162710|Reactome:R-HSA-446193|Reactome:R-HSA-4549349|Reactome:R-HSA-4549380|Reactome:R-HSA-4551295|Reactome:R-MMU-162710|Reactome:R-MMU-446193|Reactome:R-MTU-879299|Reactome:R-SCE-446193|Reactome:R-SPO-162710|Reactome:R-SPO-446193
D_dimigraforme_KAN0053237	96d2fa31128adb83b359a4d2eda0e734	2198	SUPERFAMILY	SSF53448	Nucleotide-diphospho-sugar transferases	546	758	2.06E-42	T	26-08-2026	IPR029044	Nucleotide-diphospho-sugar transferases	-	Reactome:R-BTA-1650814|Reactome:R-BTA-173599|Reactome:R-BTA-2022854|Reactome:R-BTA-2022928|Reactome:R-BTA-2534343|Reactome:R-BTA-3322077|Reactome:R-BTA-4085001|Reactome:R-BTA-5653890|Reactome:R-BTA-6798695|Reactome:R-BTA-6811436|Reactome:R-BTA-913709|Reactome:R-BTA-975577|Reactome:R-CEL-1650814|Reactome:R-CEL-1971475|Reactome:R-CEL-2022928|Reactome:R-CEL-3322077|Reactome:R-CEL-446205|Reactome:R-CEL-446210|Reactome:R-CEL-6798695|Reactome:R-CEL-6811436|Reactome:R-CEL-70221|Reactome:R-CEL-72731|Reactome:R-CEL-913709|Reactome:R-CEL-964739|Reactome:R-CEL-975577|Reactome:R-CEL-9840309|Reactome:R-CFA-1971475|Reactome:R-DDI-162699|Reactome:R-DDI-173599|Reactome:R-DDI-3322077|Reactome:R-DDI-446205|Reactome:R-DDI-446210|Reactome:R-DDI-480985|Reactome:R-DDI-72731|Reactome:R-DME-162699|Reactome:R-DME-1650814|Reactome:R-DME-190372|Reactome:R-DME-1971475|Reactome:R-DME-2022854|Reactome:R-DME-2022928|Reactome:R-DME-446205|Reactome:R-DME-480985|Reactome:R-DME-6811436|Reactome:R-DME-9037629|Reactome:R-DME-913709|Reactome:R-DME-975577|Reactome:R-DME-9840309|Reactome:R-DRE-1650814|Reactome:R-DRE-2022854|Reactome:R-DRE-2022928|Reactome:R-DRE-4085001|Reactome:R-DRE-446205|Reactome:R-DRE-913709|Reactome:R-DRE-975577|Reactome:R-DRE-9840309|Reactome:R-DRE-9939291|Reactome:R-HSA-162699|Reactome:R-HSA-1650814|Reactome:R-HSA-173599|Reactome:R-HSA-190372|Reactome:R-HSA-1912420|Reactome:R-HSA-1971475|Reactome:R-HSA-2022854|Reactome:R-HSA-2022870|Reactome:R-HSA-2022928|Reactome:R-HSA-2142845|Reactome:R-HSA-2534343|Reactome:R-HSA-3322077|Reactome:R-HSA-3560783|Reactome:R-HSA-3560801|Reactome:R-HSA-3595177|Reactome:R-HSA-3656237|Reactome:R-HSA-3656244|Reactome:R-HSA-3656253|Reactome:R-HSA-3785653|Reactome:R-HSA-381038|Reactome:R-HSA-3814836|Reactome:R-HSA-3828062|Reactome:R-HSA-3858516|Reactome:R-HSA-3878781|Reactome:R-HSA-4085001|Reactome:R-HSA-446203|Reactome:R-HSA-446205|Reactome:R-HSA-446210|Reactome:R-HSA-4717374|Reactome:R-HSA-4719360|Reactome:R-HSA-4719377|Reactome:R-HSA-4793952|Reactome:R-HSA-4793953|Reactome:R-HSA-480985|Reactome:R-HSA-5083625|Reactome:R-HSA-5083627|Reactome:R-HSA-5083628|Reactome:R-HSA-5083635|Reactome:R-HSA-5083636|Reactome:R-HSA-5173214|Reactome:R-HSA-5357609|Reactome:R-HSA-5653890|Reactome:R-HSA-6798695|Reactome:R-HSA-6811436|Reactome:R-HSA-70221|Reactome:R-HSA-72731|Reactome:R-HSA-8932504|Reactome:R-HSA-8932506|Reactome:R-HSA-901032|Reactome:R-HSA-9033807|Reactome:R-HSA-9037629|Reactome:R-HSA-913709|Reactome:R-HSA-964739|Reactome:R-HSA-9683673|Reactome:R-HSA-9683686|Reactome:R-HSA-9694548|Reactome:R-HSA-9694719|Reactome:R-HSA-975577|Reactome:R-HSA-975578|Reactome:R-HSA-9840309|Reactome:R-HSA-9918432|Reactome:R-HSA-9926550|Reactome:R-HSA-9931953|Reactome:R-HSA-9939291|Reactome:R-MMU-162699|Reactome:R-MMU-1650814|Reactome:R-MMU-173599|Reactome:R-MMU-190372|Reactome:R-MMU-1971475|Reactome:R-MMU-2022854|Reactome:R-MMU-2022870|Reactome:R-MMU-2022928|Reactome:R-MMU-2142845|Reactome:R-MMU-2534343|Reactome:R-MMU-3322077|Reactome:R-MMU-4085001|Reactome:R-MMU-446203|Reactome:R-MMU-446205|Reactome:R-MMU-446210|Reactome:R-MMU-480985|Reactome:R-MMU-5173214|Reactome:R-MMU-5653890|Reactome:R-MMU-6798695|Reactome:R-MMU-6811436|Reactome:R-MMU-70221|Reactome:R-MMU-72731|Reactome:R-MMU-8932504|Reactome:R-MMU-8932506|Reactome:R-MMU-9033807|Reactome:R-MMU-9037629|Reactome:R-MMU-913709|Reactome:R-MMU-964739|Reactome:R-MMU-975577|Reactome:R-MMU-975578|Reactome:R-MMU-9840309|Reactome:R-MMU-9939291|Reactome:R-RNO-1650814|Reactome:R-RNO-2022854|Reactome:R-RNO-2142845|Reactome:R-RNO-3322077|Reactome:R-RNO-4085001|Reactome:R-RNO-446205|Reactome:R-RNO-6798695|Reactome:R-RNO-6811436|Reactome:R-RNO-70221|Reactome:R-RNO-72731|Reactome:R-RNO-8932504|Reactome:R-RNO-8932506|Reactome:R-RNO-9033807|Reactome:R-RNO-913709|Reactome:R-RNO-964739|Reactome:R-RNO-975577|Reactome:R-RNO-975578|Reactome:R-RNO-9840309|Reactome:R-RNO-9939291|Reactome:R-SCE-173599|Reactome:R-SCE-3322077|Reactome:R-SCE-446210|Reactome:R-SCE-480985|Reactome:R-SCE-6798695|Reactome:R-SCE-70221|Reactome:R-SCE-72731|Reactome:R-SPO-162699|Reactome:R-SPO-173599|Reactome:R-SPO-3322077|Reactome:R-SPO-446205|Reactome:R-SPO-446210|Reactome:R-SPO-480985|Reactome:R-SPO-6798695|Reactome:R-SPO-70221|Reactome:R-SPO-72731|Reactome:R-SSC-162699|Reactome:R-SSC-2022854|Reactome:R-SSC-913709|Reactome:R-SSC-975577|Reactome:R-SSC-9840309|Reactome:R-XTR-446205|Reactome:R-XTR-913709|Reactome:R-XTR-9840309|Reactome:R-XTR-9939291
D_dimigraforme_KAN0053237	96d2fa31128adb83b359a4d2eda0e734	2198	Phobius	SIGNAL_PEPTIDE	Signal peptide region	1	19	-	T	26-08-2026	-	-	-	-
D_dimigraforme_KAN0053237	96d2fa31128adb83b359a4d2eda0e734	2198	MobiDBLite	mobidb-lite	consensus disorder prediction	2058	2112	-	T	26-08-2026	-	-	-	-
D_dimigraforme_KAN0053237	96d2fa31128adb83b359a4d2eda0e734	2198	SUPERFAMILY	SSF53756	UDP-Glycosyltransferase/glycogen phosphorylase	115	491	3.96E-20	T	26-08-2026	-	-	-	-
D_dimigraforme_KAN0053237	96d2fa31128adb83b359a4d2eda0e734	2198	Gene3D	G3DSA:3.40.50.2000	Glycogen Phosphorylase B;	104	303	1.3E-8	T	26-08-2026	-	-	-	-
D_dimigraforme_KAN0053237	96d2fa31128adb83b359a4d2eda0e734	2198	Gene3D	G3DSA:3.90.550.10	Spore Coat Polysaccharide Biosynthesis Protein SpsA; Chain A	520	763	1.0E-42	T	26-08-2026	IPR029044	Nucleotide-diphospho-sugar transferases	-	Reactome:R-BTA-1650814|Reactome:R-BTA-173599|Reactome:R-BTA-2022854|Reactome:R-BTA-2022928|Reactome:R-BTA-2534343|Reactome:R-BTA-3322077|Reactome:R-BTA-4085001|Reactome:R-BTA-5653890|Reactome:R-BTA-6798695|Reactome:R-BTA-6811436|Reactome:R-BTA-913709|Reactome:R-BTA-975577|Reactome:R-CEL-1650814|Reactome:R-CEL-1971475|Reactome:R-CEL-2022928|Reactome:R-CEL-3322077|Reactome:R-CEL-446205|Reactome:R-CEL-446210|Reactome:R-CEL-6798695|Reactome:R-CEL-6811436|Reactome:R-CEL-70221|Reactome:R-CEL-72731|Reactome:R-CEL-913709|Reactome:R-CEL-964739|Reactome:R-CEL-975577|Reactome:R-CEL-9840309|Reactome:R-CFA-1971475|Reactome:R-DDI-162699|Reactome:R-DDI-173599|Reactome:R-DDI-3322077|Reactome:R-DDI-446205|Reactome:R-DDI-446210|Reactome:R-DDI-480985|Reactome:R-DDI-72731|Reactome:R-DME-162699|Reactome:R-DME-1650814|Reactome:R-DME-190372|Reactome:R-DME-1971475|Reactome:R-DME-2022854|Reactome:R-DME-2022928|Reactome:R-DME-446205|Reactome:R-DME-480985|Reactome:R-DME-6811436|Reactome:R-DME-9037629|Reactome:R-DME-913709|Reactome:R-DME-975577|Reactome:R-DME-9840309|Reactome:R-DRE-1650814|Reactome:R-DRE-2022854|Reactome:R-DRE-2022928|Reactome:R-DRE-4085001|Reactome:R-DRE-446205|Reactome:R-DRE-913709|Reactome:R-DRE-975577|Reactome:R-DRE-9840309|Reactome:R-DRE-9939291|Reactome:R-HSA-162699|Reactome:R-HSA-1650814|Reactome:R-HSA-173599|Reactome:R-HSA-190372|Reactome:R-HSA-1912420|Reactome:R-HSA-1971475|Reactome:R-HSA-2022854|Reactome:R-HSA-2022870|Reactome:R-HSA-2022928|Reactome:R-HSA-2142845|Reactome:R-HSA-2534343|Reactome:R-HSA-3322077|Reactome:R-HSA-3560783|Reactome:R-HSA-3560801|Reactome:R-HSA-3595177|Reactome:R-HSA-3656237|Reactome:R-HSA-3656244|Reactome:R-HSA-3656253|Reactome:R-HSA-3785653|Reactome:R-HSA-381038|Reactome:R-HSA-3814836|Reactome:R-HSA-3828062|Reactome:R-HSA-3858516|Reactome:R-HSA-3878781|Reactome:R-HSA-4085001|Reactome:R-HSA-446203|Reactome:R-HSA-446205|Reactome:R-HSA-446210|Reactome:R-HSA-4717374|Reactome:R-HSA-4719360|Reactome:R-HSA-4719377|Reactome:R-HSA-4793952|Reactome:R-HSA-4793953|Reactome:R-HSA-480985|Reactome:R-HSA-5083625|Reactome:R-HSA-5083627|Reactome:R-HSA-5083628|Reactome:R-HSA-5083635|Reactome:R-HSA-5083636|Reactome:R-HSA-5173214|Reactome:R-HSA-5357609|Reactome:R-HSA-5653890|Reactome:R-HSA-6798695|Reactome:R-HSA-6811436|Reactome:R-HSA-70221|Reactome:R-HSA-72731|Reactome:R-HSA-8932504|Reactome:R-HSA-8932506|Reactome:R-HSA-901032|Reactome:R-HSA-9033807|Reactome:R-HSA-9037629|Reactome:R-HSA-913709|Reactome:R-HSA-964739|Reactome:R-HSA-9683673|Reactome:R-HSA-9683686|Reactome:R-HSA-9694548|Reactome:R-HSA-9694719|Reactome:R-HSA-975577|Reactome:R-HSA-975578|Reactome:R-HSA-9840309|Reactome:R-HSA-9918432|Reactome:R-HSA-9926550|Reactome:R-HSA-9931953|Reactome:R-HSA-9939291|Reactome:R-MMU-162699|Reactome:R-MMU-1650814|Reactome:R-MMU-173599|Reactome:R-MMU-190372|Reactome:R-MMU-1971475|Reactome:R-MMU-2022854|Reactome:R-MMU-2022870|Reactome:R-MMU-2022928|Reactome:R-MMU-2142845|Reactome:R-MMU-2534343|Reactome:R-MMU-3322077|Reactome:R-MMU-4085001|Reactome:R-MMU-446203|Reactome:R-MMU-446205|Reactome:R-MMU-446210|Reactome:R-MMU-480985|Reactome:R-MMU-5173214|Reactome:R-MMU-5653890|Reactome:R-MMU-6798695|Reactome:R-MMU-6811436|Reactome:R-MMU-70221|Reactome:R-MMU-72731|Reactome:R-MMU-8932504|Reactome:R-MMU-8932506|Reactome:R-MMU-9033807|Reactome:R-MMU-9037629|Reactome:R-MMU-913709|Reactome:R-MMU-964739|Reactome:R-MMU-975577|Reactome:R-MMU-975578|Reactome:R-MMU-9840309|Reactome:R-MMU-9939291|Reactome:R-RNO-1650814|Reactome:R-RNO-2022854|Reactome:R-RNO-2142845|Reactome:R-RNO-3322077|Reactome:R-RNO-4085001|Reactome:R-RNO-446205|Reactome:R-RNO-6798695|Reactome:R-RNO-6811436|Reactome:R-RNO-70221|Reactome:R-RNO-72731|Reactome:R-RNO-8932504|Reactome:R-RNO-8932506|Reactome:R-RNO-9033807|Reactome:R-RNO-913709|Reactome:R-RNO-964739|Reactome:R-RNO-975577|Reactome:R-RNO-975578|Reactome:R-RNO-9840309|Reactome:R-RNO-9939291|Reactome:R-SCE-173599|Reactome:R-SCE-3322077|Reactome:R-SCE-446210|Reactome:R-SCE-480985|Reactome:R-SCE-6798695|Reactome:R-SCE-70221|Reactome:R-SCE-72731|Reactome:R-SPO-162699|Reactome:R-SPO-173599|Reactome:R-SPO-3322077|Reactome:R-SPO-446205|Reactome:R-SPO-446210|Reactome:R-SPO-480985|Reactome:R-SPO-6798695|Reactome:R-SPO-70221|Reactome:R-SPO-72731|Reactome:R-SSC-162699|Reactome:R-SSC-2022854|Reactome:R-SSC-913709|Reactome:R-SSC-975577|Reactome:R-SSC-9840309|Reactome:R-XTR-446205|Reactome:R-XTR-913709|Reactome:R-XTR-9840309|Reactome:R-XTR-9939291
D_dimigraforme_KAN0053237	96d2fa31128adb83b359a4d2eda0e734	2198	MobiDBLite	mobidb-lite	consensus disorder prediction	522	541	-	T	26-08-2026	-	-	-	-
D_dimigraforme_KAN0053237	96d2fa31128adb83b359a4d2eda0e734	2198	MobiDBLite	mobidb-lite	consensus disorder prediction	1947	2022	-	T	26-08-2026	-	-	-	-
D_dimigraforme_KAN0053237	96d2fa31128adb83b359a4d2eda0e734	2198	Pfam	PF00535	Glycosyl transferase family 2	549	672	1.9E-20	T	26-08-2026	IPR001173	Glycosyltransferase 2-like	-	Reactome:R-BTA-6811436|Reactome:R-BTA-913709|Reactome:R-CEL-6811436|Reactome:R-CEL-913709|Reactome:R-DDI-162699|Reactome:R-DDI-480985|Reactome:R-DME-162699|Reactome:R-DME-190372|Reactome:R-DME-480985|Reactome:R-DME-6811436|Reactome:R-DME-913709|Reactome:R-DRE-913709|Reactome:R-HSA-162699|Reactome:R-HSA-190372|Reactome:R-HSA-446203|Reactome:R-HSA-4717374|Reactome:R-HSA-4719360|Reactome:R-HSA-4719377|Reactome:R-HSA-480985|Reactome:R-HSA-5083625|Reactome:R-HSA-5083636|Reactome:R-HSA-6811436|Reactome:R-HSA-9037629|Reactome:R-HSA-913709|Reactome:R-HSA-9683673|Reactome:R-HSA-9694719|Reactome:R-HSA-9840309|Reactome:R-HSA-9918432|Reactome:R-HSA-9931953|Reactome:R-MMU-162699|Reactome:R-MMU-190372|Reactome:R-MMU-2142845|Reactome:R-MMU-446203|Reactome:R-MMU-480985|Reactome:R-MMU-6811436|Reactome:R-MMU-9037629|Reactome:R-MMU-913709|Reactome:R-MMU-9840309|Reactome:R-RNO-6811436|Reactome:R-RNO-913709|Reactome:R-RNO-9840309|Reactome:R-SCE-480985|Reactome:R-SPO-162699|Reactome:R-SPO-480985|Reactome:R-SSC-162699|Reactome:R-XTR-913709
D_dimigraforme_KAN0053237	96d2fa31128adb83b359a4d2eda0e734	2198	Pfam	PF01825	GAIN subdomain B	1768	1909	1.0E-9	T	26-08-2026	IPR000203	GPS motif	-	Reactome:R-CEL-373080|Reactome:R-CEL-6798695|Reactome:R-CEL-9619665|Reactome:R-DME-350368|Reactome:R-DME-350376|Reactome:R-DME-350379|Reactome:R-DME-350411|Reactome:R-DME-350480|Reactome:R-DME-373080|Reactome:R-DME-450728|Reactome:R-DME-6798695|Reactome:R-DME-9619665|Reactome:R-DRE-9619665|Reactome:R-HSA-373080|Reactome:R-HSA-5620916|Reactome:R-HSA-5683826|Reactome:R-HSA-6798695|Reactome:R-HSA-9619665|Reactome:R-MMU-373080|Reactome:R-MMU-5620916|Reactome:R-MMU-5683826|Reactome:R-MMU-6798695|Reactome:R-MMU-9619665|Reactome:R-RNO-373080|Reactome:R-RNO-5683826
D_dimigraforme_KAN0053237	96d2fa31128adb83b359a4d2eda0e734	2198	MobiDBLite	mobidb-lite	consensus disorder prediction	2067	2083	-	T	26-08-2026	-	-	-	-
D_dimigraforme_KAN0053237	96d2fa31128adb83b359a4d2eda0e734	2198	Phobius	TRANSMEMBRANE	Region of a membrane-bound protein predicted to be embedded in the membrane.	1919	1943	-	T	26-08-2026	-	-	-	-
D_dimigraforme_KAN0053237	96d2fa31128adb83b359a4d2eda0e734	2198	MobiDBLite	mobidb-lite	consensus disorder prediction	1958	2003	-	T	26-08-2026	-	-	-	-
D_dimigraforme_KAN0053237	96d2fa31128adb83b359a4d2eda0e734	2198	CDD	cd00603	IPT_PCSR	814	892	5.80947E-11	T	26-08-2026	-	-	-	-
D_dimigraforme_KAN0053237	96d2fa31128adb83b359a4d2eda0e734	2198	MobiDBLite	mobidb-lite	consensus disorder prediction	1947	1957	-	T	26-08-2026	-	-	-	-
D_dimigraforme_KAN0053237	96d2fa31128adb83b359a4d2eda0e734	2198	Phobius	NON_CYTOPLASMIC_DOMAIN	Region of a membrane-bound protein predicted to be outside the membrane, in the extracellular region.	20	1918	-	T	26-08-2026	-	-	-	-
D_dimigraforme_KAN0053237	96d2fa31128adb83b359a4d2eda0e734	2198	Coils	Coil	Coil	1945	2007	-	T	26-08-2026	-	-	-	-
D_dimigraforme_KAN0053237	96d2fa31128adb83b359a4d2eda0e734	2198	Phobius	SIGNAL_PEPTIDE_N_REGION	N-terminal region of a signal peptide.	1	3	-	T	26-08-2026	-	-	-	-
D_dimigraforme_KAN0053237	96d2fa31128adb83b359a4d2eda0e734	2198	CDD	cd00761	Glyco_tranf_GTA_type	555	742	1.43226E-27	T	26-08-2026	-	-	-	-
D_dimigraforme_KAN0053237	96d2fa31128adb83b359a4d2eda0e734	2198	Gene3D	G3DSA:2.60.40.10	Immunoglobulins	807	908	1.2E-16	T	26-08-2026	IPR013783	Immunoglobulin-like fold	-	Reactome:R-BTA-114608|Reactome:R-BTA-1236974|Reactome:R-BTA-1236977|Reactome:R-BTA-1257604|Reactome:R-BTA-1266695|Reactome:R-BTA-140834|Reactome:R-BTA-163125|Reactome:R-BTA-1632852|Reactome:R-BTA-1660661|Reactome:R-BTA-173736|Reactome:R-BTA-174577|Reactome:R-BTA-1971475|Reactome:R-BTA-198933|Reactome:R-BTA-2022870|Reactome:R-BTA-2022923|Reactome:R-BTA-2024101|Reactome:R-BTA-202424|Reactome:R-BTA-202427|Reactome:R-BTA-202430|Reactome:R-BTA-202433|Reactome:R-BTA-202733|Reactome:R-BTA-210993|Reactome:R-BTA-216083|Reactome:R-BTA-2173791|Reactome:R-BTA-2424491|Reactome:R-BTA-3000178|Reactome:R-BTA-350054|Reactome:R-BTA-375276|Reactome:R-BTA-380972|Reactome:R-BTA-381426|Reactome:R-BTA-388844|Reactome:R-BTA-389948|Reactome:R-BTA-418594|Reactome:R-BTA-420029|Reactome:R-BTA-445355|Reactome:R-BTA-5576892|Reactome:R-BTA-5627123|Reactome:R-BTA-5628897|Reactome:R-BTA-5673001|Reactome:R-BTA-5690714|Reactome:R-BTA-6785807|Reactome:R-BTA-6798695|Reactome:R-BTA-6804756|Reactome:R-BTA-6811558|Reactome:R-BTA-77387|Reactome:R-BTA-8849932|Reactome:R-BTA-8856825|Reactome:R-BTA-8856828|Reactome:R-BTA-8932505|Reactome:R-BTA-8941856|Reactome:R-BTA-8957275|Reactome:R-BTA-8980692|Reactome:R-BTA-8983432|Reactome:R-BTA-8985947|Reactome:R-BTA-9013106|Reactome:R-BTA-9013404|Reactome:R-BTA-9013408|Reactome:R-BTA-9020558|Reactome:R-BTA-9020958|Reactome:R-BTA-909733|Reactome:R-BTA-912526|Reactome:R-BTA-912694|Reactome:R-BTA-9609523|Reactome:R-BTA-977606|Reactome:R-BTA-983168|Reactome:R-BTA-983170|Reactome:R-BTA-983695|Reactome:R-BTA-9927354|Reactome:R-BTA-9931269|Reactome:R-CEL-1257604|Reactome:R-CEL-1433557|Reactome:R-CEL-1433559|Reactome:R-CEL-1474228|Reactome:R-CEL-186763|Reactome:R-CEL-186797|Reactome:R-CEL-190322|Reactome:R-CEL-190370|Reactome:R-CEL-190371|Reactome:R-CEL-190372|Reactome:R-CEL-190373|Reactome:R-CEL-190375|Reactome:R-CEL-190377|Reactome:R-CEL-1971475|Reactome:R-CEL-2022928|Reactome:R-CEL-2024096|Reactome:R-CEL-209968|Reactome:R-CEL-210991|Reactome:R-CEL-216083|Reactome:R-CEL-2243919|Reactome:R-CEL-264876|Reactome:R-CEL-2682334|Reactome:R-CEL-3000171|Reactome:R-CEL-3000178|Reactome:R-CEL-373752|Reactome:R-CEL-373753|Reactome:R-CEL-375165|Reactome:R-CEL-376176|Reactome:R-CEL-388844|Reactome:R-CEL-3928662|Reactome:R-CEL-3928663|Reactome:R-CEL-3928664|Reactome:R-CEL-3928665|Reactome:R-CEL-399955|Reactome:R-CEL-399956|Reactome:R-CEL-416482|Reactome:R-CEL-416572|Reactome:R-CEL-416700|Reactome:R-CEL-418885|Reactome:R-CEL-419037|Reactome:R-CEL-428542|Reactome:R-CEL-433692|Reactome:R-CEL-4420097|Reactome:R-CEL-445144|Reactome:R-CEL-447043|Reactome:R-CEL-5140745|Reactome:R-CEL-5218920|Reactome:R-CEL-525793|Reactome:R-CEL-5620916|Reactome:R-CEL-5654219|Reactome:R-CEL-5654221|Reactome:R-CEL-5654227|Reactome:R-CEL-5654228|Reactome:R-CEL-5654689|Reactome:R-CEL-5654693|Reactome:R-CEL-5654695|Reactome:R-CEL-5654699|Reactome:R-CEL-5654700|Reactome:R-CEL-5654704|Reactome:R-CEL-5654706|Reactome:R-CEL-5654710|Reactome:R-CEL-5654712|Reactome:R-CEL-5654720|Reactome:R-CEL-5654726|Reactome:R-CEL-5654727|Reactome:R-CEL-5654732|Reactome:R-CEL-5654733|Reactome:R-CEL-5673001|Reactome:R-CEL-6798695|Reactome:R-CEL-6809371|Reactome:R-CEL-6811558|Reactome:R-CEL-77387|Reactome:R-CEL-8849932|Reactome:R-CEL-8853383|Reactome:R-CEL-8863795|Reactome:R-CEL-8941413|Reactome:R-CEL-9013149|Reactome:R-CEL-9013420|Reactome:R-CEL-9013423|Reactome:R-CEL-9013424|Reactome:R-CEL-913709|Reactome:R-CEL-9607240|Reactome:R-CEL-9749641|Reactome:R-CEL-9764561|Reactome:R-CEL-9772755|Reactome:R-CEL-9913351|Reactome:R-CFA-1257604|Reactome:R-CFA-1433557|Reactome:R-CFA-1433559|Reactome:R-CFA-198933|Reactome:R-CFA-2024096|Reactome:R-CFA-2024101|Reactome:R-CFA-202424|Reactome:R-CFA-202427|Reactome:R-CFA-202430|Reactome:R-CFA-202433|Reactome:R-CFA-216083|Reactome:R-CFA-389948|Reactome:R-CFA-5673001|Reactome:R-CFA-5690714|Reactome:R-CFA-6785807|Reactome:R-CFA-6788467|Reactome:R-CFA-6811558|Reactome:R-CFA-8932504|Reactome:R-CFA-8932505|Reactome:R-CFA-8932506|Reactome:R-CFA-9010553|Reactome:R-CFA-983170|Reactome:R-CFA-983695|Reactome:R-CFA-9856649|Reactome:R-CFA-9913351|Reactome:R-CFA-9927354|Reactome:R-CFA-9939291|Reactome:R-DDI-3295583|Reactome:R-DDI-5213460|Reactome:R-DDI-5673000|Reactome:R-DDI-5674135|Reactome:R-DDI-5675221|Reactome:R-DDI-5675482|Reactome:R-DME-109704|Reactome:R-DME-110478|Reactome:R-DME-114608|Reactome:R-DME-1169091|Reactome:R-DME-1227986|Reactome:R-DME-1236394|Reactome:R-DME-1250196|Reactome:R-DME-1250342|Reactome:R-DME-1250347|Reactome:R-DME-1257604|Reactome:R-DME-1307965|Reactome:R-DME-1358803|Reactome:R-DME-1474228|Reactome:R-DME-1810476|Reactome:R-DME-190322|Reactome:R-DME-190370|Reactome:R-DME-190371|Reactome:R-DME-190372|Reactome:R-DME-190373|Reactome:R-DME-190374|Reactome:R-DME-190375|Reactome:R-DME-190377|Reactome:R-DME-1963640|Reactome:R-DME-1963642|Reactome:R-DME-1971475|Reactome:R-DME-2022928|Reactome:R-DME-2024096|Reactome:R-DME-2024101|Reactome:R-DME-202424|Reactome:R-DME-202733|Reactome:R-DME-209209|Reactome:R-DME-209228|Reactome:R-DME-209338|Reactome:R-DME-209394|Reactome:R-DME-209400|Reactome:R-DME-209406|Reactome:R-DME-209560|Reactome:R-DME-209968|Reactome:R-DME-210688|Reactome:R-DME-210991|Reactome:R-DME-214399|Reactome:R-DME-214411|Reactome:R-DME-214416|Reactome:R-DME-214842|Reactome:R-DME-214844|Reactome:R-DME-214869|Reactome:R-DME-216083|Reactome:R-DME-264876|Reactome:R-DME-2871837|Reactome:R-DME-3000171|Reactome:R-DME-3000178|Reactome:R-DME-3134963|Reactome:R-DME-3214847|Reactome:R-DME-350054|Reactome:R-DME-373080|Reactome:R-DME-373752|Reactome:R-DME-373753|Reactome:R-DME-375165|Reactome:R-DME-376172|Reactome:R-DME-388844|Reactome:R-DME-416482|Reactome:R-DME-416572|Reactome:R-DME-416700|Reactome:R-DME-418990|Reactome:R-DME-419037|Reactome:R-DME-420597|Reactome:R-DME-428542|Reactome:R-DME-433692|Reactome:R-DME-445144|Reactome:R-DME-445989|Reactome:R-DME-446353|Reactome:R-DME-447043|Reactome:R-DME-4755510|Reactome:R-DME-5607761|Reactome:R-DME-5607764|Reactome:R-DME-5620916|Reactome:R-DME-5621575|Reactome:R-DME-5627123|Reactome:R-DME-5654219|Reactome:R-DME-5654221|Reactome:R-DME-5654227|Reactome:R-DME-5654228|Reactome:R-DME-5654687|Reactome:R-DME-5654688|Reactome:R-DME-5654689|Reactome:R-DME-5654693|Reactome:R-DME-5654695|Reactome:R-DME-5654699|Reactome:R-DME-5654700|Reactome:R-DME-5654704|Reactome:R-DME-5654706|Reactome:R-DME-5654710|Reactome:R-DME-5654712|Reactome:R-DME-5654719|Reactome:R-DME-5654720|Reactome:R-DME-5654726|Reactome:R-DME-5654727|Reactome:R-DME-5654732|Reactome:R-DME-5654733|Reactome:R-DME-5658623|Reactome:R-DME-5673001|Reactome:R-DME-5676590|Reactome:R-DME-5689603|Reactome:R-DME-6785631|Reactome:R-DME-6798695|Reactome:R-DME-6807878|Reactome:R-DME-6811558|Reactome:R-DME-77387|Reactome:R-DME-8849932|Reactome:R-DME-8863795|Reactome:R-DME-8941413|Reactome:R-DME-9009391|Reactome:R-DME-9020702|Reactome:R-DME-913709|Reactome:R-DME-933542|Reactome:R-DME-9749641|Reactome:R-DME-977068|Reactome:R-DME-9772755|Reactome:R-DME-983168|Reactome:R-DME-9860927|Reactome:R-DME-9913351|Reactome:R-DRE-109704|Reactome:R-DRE-1257604|Reactome:R-DRE-1300645|Reactome:R-DRE-1307965|Reactome:R-DRE-1433557|Reactome:R-DRE-1433559|Reactome:R-DRE-186763|Reactome:R-DRE-186797|Reactome:R-DRE-190322|Reactome:R-DRE-190370|Reactome:R-DRE-190371|Reactome:R-DRE-190372|Reactome:R-DRE-190373|Reactome:R-DRE-190374|Reactome:R-DRE-190375|Reactome:R-DRE-190377|Reactome:R-DRE-193648|Reactome:R-DRE-194306|Reactome:R-DRE-195399|Reactome:R-DRE-198933|Reactome:R-DRE-202733|Reactome:R-DRE-210993|Reactome:R-DRE-2132295|Reactome:R-DRE-216083|Reactome:R-DRE-2682334|Reactome:R-DRE-3214841|Reactome:R-DRE-381426|Reactome:R-DRE-388844|Reactome:R-DRE-3928662|Reactome:R-DRE-3928663|Reactome:R-DRE-3928664|Reactome:R-DRE-3928665|Reactome:R-DRE-399954|Reactome:R-DRE-399956|Reactome:R-DRE-416476|Reactome:R-DRE-416482|Reactome:R-DRE-416550|Reactome:R-DRE-416572|Reactome:R-DRE-418990|Reactome:R-DRE-420597|Reactome:R-DRE-4420097|Reactome:R-DRE-449836|Reactome:R-DRE-5218921|Reactome:R-DRE-5654219|Reactome:R-DRE-5654221|Reactome:R-DRE-5654227|Reactome:R-DRE-5654228|Reactome:R-DRE-5654687|Reactome:R-DRE-5654688|Reactome:R-DRE-5654689|Reactome:R-DRE-5654693|Reactome:R-DRE-5654695|Reactome:R-DRE-5654699|Reactome:R-DRE-5654700|Reactome:R-DRE-5654704|Reactome:R-DRE-5654706|Reactome:R-DRE-5654710|Reactome:R-DRE-5654712|Reactome:R-DRE-5654719|Reactome:R-DRE-5654720|Reactome:R-DRE-5654726|Reactome:R-DRE-5654727|Reactome:R-DRE-5654732|Reactome:R-DRE-5654733|Reactome:R-DRE-5673001|Reactome:R-DRE-6811558|Reactome:R-DRE-8849932|Reactome:R-DRE-8932505|Reactome:R-DRE-8957275|Reactome:R-DRE-8980692|Reactome:R-DRE-9007892|Reactome:R-DRE-9013148|Reactome:R-DRE-9013149|Reactome:R-DRE-9013404|Reactome:R-DRE-9013408|Reactome:R-DRE-9013409|Reactome:R-DRE-9013423|Reactome:R-DRE-983168|Reactome:R-DRE-9843940|Reactome:R-DRE-9843970|Reactome:R-DRE-9856649|Reactome:R-GGA-114608|Reactome:R-GGA-1227892|Reactome:R-GGA-1227986|Reactome:R-GGA-1236394|Reactome:R-GGA-1236974|Reactome:R-GGA-1236977|Reactome:R-GGA-1250196|Reactome:R-GGA-1250342|Reactome:R-GGA-1250347|Reactome:R-GGA-1257604|Reactome:R-GGA-1306955|Reactome:R-GGA-1358803|Reactome:R-GGA-1433557|Reactome:R-GGA-1433559|Reactome:R-GGA-1474228|Reactome:R-GGA-1566977|Reactome:R-GGA-163125|Reactome:R-GGA-190373|Reactome:R-GGA-193634|Reactome:R-GGA-1963640|Reactome:R-GGA-1963642|Reactome:R-GGA-198933|Reactome:R-GGA-202733|Reactome:R-GGA-210991|Reactome:R-GGA-2129379|Reactome:R-GGA-2132263|Reactome:R-GGA-2132286|Reactome:R-GGA-216083|Reactome:R-GGA-3000170|Reactome:R-GGA-3000178|Reactome:R-GGA-3214841|Reactome:R-GGA-354192|Reactome:R-GGA-354194|Reactome:R-GGA-372708|Reactome:R-GGA-373920|Reactome:R-GGA-381426|Reactome:R-GGA-388844|Reactome:R-GGA-433692|Reactome:R-GGA-434001|Reactome:R-GGA-434131|Reactome:R-GGA-449836|Reactome:R-GGA-5654726|Reactome:R-GGA-5673001|Reactome:R-GGA-5674135|Reactome:R-GGA-6785631|Reactome:R-GGA-6798695|Reactome:R-GGA-6811558|Reactome:R-GGA-8854691|Reactome:R-GGA-8863795|Reactome:R-GGA-8932505|Reactome:R-GGA-8957275|Reactome:R-GGA-9634597|Reactome:R-GGA-9749641|Reactome:R-GGA-983170|Reactome:R-GGA-9843940|Reactome:R-GGA-9843970|Reactome:R-GGA-9856649|Reactome:R-GGA-9860927|Reactome:R-HSA-1059683|Reactome:R-HSA-109704|Reactome:R-HSA-110056|Reactome:R-HSA-112411|Reactome:R-HSA-114604|Reactome:R-HSA-114608|Reactome:R-HSA-1169091|Reactome:R-HSA-1169408|Reactome:R-HSA-1170546|Reactome:R-HSA-1227986|Reactome:R-HSA-1236394|Reactome:R-HSA-1236974|Reactome:R-HSA-1236977|Reactome:R-HSA-1236978|Reactome:R-HSA-1250196|Reactome:R-HSA-1250342|Reactome:R-HSA-1250347|Reactome:R-HSA-1251985|Reactome:R-HSA-1257604|Reactome:R-HSA-1266695|Reactome:R-HSA-1300645|Reactome:R-HSA-1306955|Reactome:R-HSA-1307965|Reactome:R-HSA-1358803|Reactome:R-HSA-140834|Reactome:R-HSA-140837|Reactome:R-HSA-140875|Reactome:R-HSA-1433557|Reactome:R-HSA-1433559|Reactome:R-HSA-1442490|Reactome:R-HSA-1445148|Reactome:R-HSA-1462054|Reactome:R-HSA-1474228|Reactome:R-HSA-1483115|Reactome:R-HSA-1483152|Reactome:R-HSA-1566977|Reactome:R-HSA-163125|Reactome:R-HSA-1632852|Reactome:R-HSA-163680|Reactome:R-HSA-164939|Reactome:R-HSA-164940|Reactome:R-HSA-1650814|Reactome:R-HSA-1660499|Reactome:R-HSA-1660514|Reactome:R-HSA-166058|Reactome:R-HSA-1660661|Reactome:R-HSA-166663|Reactome:R-HSA-166665|Reactome:R-HSA-167021|Reactome:R-HSA-167044|Reactome:R-HSA-167590|Reactome:R-HSA-170968|Reactome:R-HSA-170984|Reactome:R-HSA-173107|Reactome:R-HSA-173623|Reactome:R-HSA-173736|Reactome:R-HSA-174577|Reactome:R-HSA-177504|Reactome:R-HSA-177929|Reactome:R-HSA-180534|Reactome:R-HSA-1810476|Reactome:R-HSA-181429|Reactome:R-HSA-181430|Reactome:R-HSA-182218|Reactome:R-HSA-182971|Reactome:R-HSA-1839120|Reactome:R-HSA-1839122|Reactome:R-HSA-1839128|Reactome:R-HSA-1839130|Reactome:R-HSA-1855183|Reactome:R-HSA-1855204|Reactome:R-HSA-186763|Reactome:R-HSA-186797|Reactome:R-HSA-187024|Reactome:R-HSA-187042|Reactome:R-HSA-187706|Reactome:R-HSA-190322|Reactome:R-HSA-190370|Reactome:R-HSA-190371|Reactome:R-HSA-190372|Reactome:R-HSA-190373|Reactome:R-HSA-190374|Reactome:R-HSA-190375|Reactome:R-HSA-190377|Reactome:R-HSA-1912408|Reactome:R-HSA-193634|Reactome:R-HSA-193648|Reactome:R-HSA-193692|Reactome:R-HSA-194306|Reactome:R-HSA-195399|Reactome:R-HSA-196108|Reactome:R-HSA-1963640|Reactome:R-HSA-1963642|Reactome:R-HSA-1971475|Reactome:R-HSA-198203|Reactome:R-HSA-198745|Reactome:R-HSA-198933|Reactome:R-HSA-200425|Reactome:R-HSA-2022090|Reactome:R-HSA-2022854|Reactome:R-HSA-2022857|Reactome:R-HSA-2022870|Reactome:R-HSA-2022923|Reactome:R-HSA-2022928|Reactome:R-HSA-2023837|Reactome:R-HSA-2024096|Reactome:R-HSA-2024101|Reactome:R-HSA-202424|Reactome:R-HSA-202427|Reactome:R-HSA-202430|Reactome:R-HSA-202433|Reactome:R-HSA-2025928|Reactome:R-HSA-202733|Reactome:R-HSA-2029481|Reactome:R-HSA-2029482|Reactome:R-HSA-2029485|Reactome:R-HSA-2033515|Reactome:R-HSA-2033519|Reactome:R-HSA-204005|Reactome:R-HSA-209560|Reactome:R-HSA-210500|Reactome:R-HSA-210744|Reactome:R-HSA-210990|Reactome:R-HSA-210991|Reactome:R-HSA-210993|Reactome:R-HSA-2122947|Reactome:R-HSA-2122948|Reactome:R-HSA-212676|Reactome:R-HSA-2129379|Reactome:R-HSA-2132295|Reactome:R-HSA-2151201|Reactome:R-HSA-2151209|Reactome:R-HSA-216083|Reactome:R-HSA-2160916|Reactome:R-HSA-2168880|Reactome:R-HSA-2172127|Reactome:R-HSA-2173791|Reactome:R-HSA-2197563|Reactome:R-HSA-2206292|Reactome:R-HSA-2206302|Reactome:R-HSA-2214320|Reactome:R-HSA-2219530|Reactome:R-HSA-2243919|Reactome:R-HSA-2404192|Reactome:R-HSA-2424491|Reactome:R-HSA-2428928|Reactome:R-HSA-2428933|Reactome:R-HSA-2454202|Reactome:R-HSA-2559582|Reactome:R-HSA-2565942|Reactome:R-HSA-2586552|Reactome:R-HSA-2644606|Reactome:R-HSA-264642|Reactome:R-HSA-264876|Reactome:R-HSA-2672351|Reactome:R-HSA-2682334|Reactome:R-HSA-2730905|Reactome:R-HSA-2871796|Reactome:R-HSA-2871809|Reactome:R-HSA-2871837|Reactome:R-HSA-2892247|Reactome:R-HSA-2894862|Reactome:R-HSA-2979096|Reactome:R-HSA-3000157|Reactome:R-HSA-3000170|Reactome:R-HSA-3000171|Reactome:R-HSA-3000178|Reactome:R-HSA-3134963|Reactome:R-HSA-3214841|Reactome:R-HSA-3214847|Reactome:R-HSA-3322077|Reactome:R-HSA-350054|Reactome:R-HSA-354192|Reactome:R-HSA-354194|Reactome:R-HSA-3560783|Reactome:R-HSA-3560801|Reactome:R-HSA-3595172|Reactome:R-HSA-3595174|Reactome:R-HSA-3595177|Reactome:R-HSA-3656225|Reactome:R-HSA-3656237|Reactome:R-HSA-3656243|Reactome:R-HSA-3656244|Reactome:R-HSA-3656253|Reactome:R-HSA-372708|Reactome:R-HSA-373752|Reactome:R-HSA-373753|Reactome:R-HSA-373756|Reactome:R-HSA-373760|Reactome:R-HSA-375165|Reactome:R-HSA-375276|Reactome:R-HSA-376172|Reactome:R-HSA-376176|Reactome:R-HSA-3785653|Reactome:R-HSA-380259|Reactome:R-HSA-380270|Reactome:R-HSA-380284|Reactome:R-HSA-380320|Reactome:R-HSA-380972|Reactome:R-HSA-381340|Reactome:R-HSA-381426|Reactome:R-HSA-3878781|Reactome:R-HSA-388844|Reactome:R-HSA-389356|Reactome:R-HSA-389357|Reactome:R-HSA-389359|Reactome:R-HSA-389513|Reactome:R-HSA-389948|Reactome:R-HSA-390522|Reactome:R-HSA-391160|Reactome:R-HSA-3928662|Reactome:R-HSA-3928663|Reactome:R-HSA-3928664|Reactome:R-HSA-3928665|Reactome:R-HSA-399954|Reactome:R-HSA-399955|Reactome:R-HSA-399956|Reactome:R-HSA-4086398|Reactome:R-HSA-4086400|Reactome:R-HSA-416476|Reactome:R-HSA-416482|Reactome:R-HSA-416550|Reactome:R-HSA-416572|Reactome:R-HSA-416700|Reactome:R-HSA-418594|Reactome:R-HSA-418885|Reactome:R-HSA-418886|Reactome:R-HSA-418889|Reactome:R-HSA-418890|Reactome:R-HSA-418990|Reactome:R-HSA-419037|Reactome:R-HSA-420029|Reactome:R-HSA-420597|Reactome:R-HSA-428540|Reactome:R-HSA-428542|Reactome:R-HSA-428543|Reactome:R-HSA-428890|Reactome:R-HSA-430116|Reactome:R-HSA-432142|Reactome:R-HSA-432722|Reactome:R-HSA-433692|Reactome:R-HSA-437239|Reactome:R-HSA-4420097|Reactome:R-HSA-4420332|Reactome:R-HSA-445095|Reactome:R-HSA-445144|Reactome:R-HSA-445355|Reactome:R-HSA-445989|Reactome:R-HSA-446107|Reactome:R-HSA-446353|Reactome:R-HSA-447038|Reactome:R-HSA-447041|Reactome:R-HSA-447043|Reactome:R-HSA-448706|Reactome:R-HSA-449836|Reactome:R-HSA-451927|Reactome:R-HSA-4755510|Reactome:R-HSA-5083628|Reactome:R-HSA-5083629|Reactome:R-HSA-5083633|Reactome:R-HSA-5083635|Reactome:R-HSA-512988|Reactome:R-HSA-5140745|Reactome:R-HSA-5173214|Reactome:R-HSA-5218921|Reactome:R-HSA-5223345|Reactome:R-HSA-525793|Reactome:R-HSA-5576892|Reactome:R-HSA-5603029|Reactome:R-HSA-5607761|Reactome:R-HSA-5607763|Reactome:R-HSA-5607764|Reactome:R-HSA-5619070|Reactome:R-HSA-5620912|Reactome:R-HSA-5620916|Reactome:R-HSA-5621575|Reactome:R-HSA-5627123|Reactome:R-HSA-5628897|Reactome:R-HSA-5632681|Reactome:R-HSA-5635838|Reactome:R-HSA-5654219|Reactome:R-HSA-5654221|Reactome:R-HSA-5654227|Reactome:R-HSA-5654228|Reactome:R-HSA-5654687|Reactome:R-HSA-5654688|Reactome:R-HSA-5654689|Reactome:R-HSA-5654693|Reactome:R-HSA-5654695|Reactome:R-HSA-5654699|Reactome:R-HSA-5654700|Reactome:R-HSA-5654704|Reactome:R-HSA-5654706|Reactome:R-HSA-5654710|Reactome:R-HSA-5654712|Reactome:R-HSA-5654719|Reactome:R-HSA-5654720|Reactome:R-HSA-5654726|Reactome:R-HSA-5654727|Reactome:R-HSA-5654732|Reactome:R-HSA-5654733|Reactome:R-HSA-5655253|Reactome:R-HSA-5655291|Reactome:R-HSA-5655302|Reactome:R-HSA-5655332|Reactome:R-HSA-5658623|Reactome:R-HSA-5660668|Reactome:R-HSA-5673001|Reactome:R-HSA-5674135|Reactome:R-HSA-5676590|Reactome:R-HSA-5683826|Reactome:R-HSA-5684264|Reactome:R-HSA-5687128|Reactome:R-HSA-5688849|Reactome:R-HSA-5688890|Reactome:R-HSA-5689603|Reactome:R-HSA-5690714|Reactome:R-HSA-5694530|Reactome:R-HSA-6783783|Reactome:R-HSA-6785631|Reactome:R-HSA-6785807|Reactome:R-HSA-6788467|Reactome:R-HSA-6798695|Reactome:R-HSA-6802946|Reactome:R-HSA-6802948|Reactome:R-HSA-6802952|Reactome:R-HSA-6802955|Reactome:R-HSA-6804756|Reactome:R-HSA-6806942|Reactome:R-HSA-6807004|Reactome:R-HSA-6809371|Reactome:R-HSA-6811558|Reactome:R-HSA-74713|Reactome:R-HSA-74749|Reactome:R-HSA-74751|Reactome:R-HSA-74752|Reactome:R-HSA-75892|Reactome:R-HSA-76009|Reactome:R-HSA-77387|Reactome:R-HSA-844456|Reactome:R-HSA-877300|Reactome:R-HSA-877312|Reactome:R-HSA-879415|Reactome:R-HSA-8847993|Reactome:R-HSA-8849932|Reactome:R-HSA-8851680|Reactome:R-HSA-8851708|Reactome:R-HSA-8851805|Reactome:R-HSA-8851907|Reactome:R-HSA-8852405|Reactome:R-HSA-8853333|Reactome:R-HSA-8853334|Reactome:R-HSA-8853336|Reactome:R-HSA-8853383|Reactome:R-HSA-8853884|Reactome:R-HSA-8854518|Reactome:R-HSA-8854691|Reactome:R-HSA-8856825|Reactome:R-HSA-8856828|Reactome:R-HSA-8857538|Reactome:R-HSA-8863795|Reactome:R-HSA-8865999|Reactome:R-HSA-8866654|Reactome:R-HSA-8866910|Reactome:R-HSA-8874081|Reactome:R-HSA-8875360|Reactome:R-HSA-8875513|Reactome:R-HSA-8875555|Reactome:R-HSA-8875656|Reactome:R-HSA-8875791|Reactome:R-HSA-8877330|Reactome:R-HSA-8932504|Reactome:R-HSA-8932505|Reactome:R-HSA-8932506|Reactome:R-HSA-8939247|Reactome:R-HSA-8941856|Reactome:R-HSA-8948216|Reactome:R-HSA-8951664|Reactome:R-HSA-8957275|Reactome:R-HSA-8963896|Reactome:R-HSA-8964038|Reactome:R-HSA-8964046|Reactome:R-HSA-8980692|Reactome:R-HSA-8983432|Reactome:R-HSA-8983711|Reactome:R-HSA-8984722|Reactome:R-HSA-8985586|Reactome:R-HSA-8985801|Reactome:R-HSA-8985947|Reactome:R-HSA-9006335|Reactome:R-HSA-9007892|Reactome:R-HSA-9008059|Reactome:R-HSA-9009391|Reactome:R-HSA-9010553|Reactome:R-HSA-9010642|Reactome:R-HSA-9012546|Reactome:R-HSA-9013026|Reactome:R-HSA-9013106|Reactome:R-HSA-9013148|Reactome:R-HSA-9013149|Reactome:R-HSA-9013404|Reactome:R-HSA-9013405|Reactome:R-HSA-9013406|Reactome:R-HSA-9013408|Reactome:R-HSA-9013409|Reactome:R-HSA-9013420|Reactome:R-HSA-9013423|Reactome:R-HSA-9013424|Reactome:R-HSA-9013508|Reactome:R-HSA-9013695|Reactome:R-HSA-9014826|Reactome:R-HSA-9014843|Reactome:R-HSA-9020558|Reactome:R-HSA-9020591|Reactome:R-HSA-9020702|Reactome:R-HSA-9020933|Reactome:R-HSA-9020956|Reactome:R-HSA-9020958|Reactome:R-HSA-9022699|Reactome:R-HSA-9024909|Reactome:R-HSA-9025046|Reactome:R-HSA-9026357|Reactome:R-HSA-9026519|Reactome:R-HSA-9026527|Reactome:R-HSA-9027276|Reactome:R-HSA-9027277|Reactome:R-HSA-9027283|Reactome:R-HSA-9027284|Reactome:R-HSA-9028335|Reactome:R-HSA-9028731|Reactome:R-HSA-9031628|Reactome:R-HSA-9032500|Reactome:R-HSA-9032759|Reactome:R-HSA-9032845|Reactome:R-HSA-9034013|Reactome:R-HSA-9034015|Reactome:R-HSA-9034793|Reactome:R-HSA-9034864|Reactome:R-HSA-9035034|Reactome:R-HSA-909733|Reactome:R-HSA-912526|Reactome:R-HSA-912694|Reactome:R-HSA-917977|Reactome:R-HSA-933542|Reactome:R-HSA-9603381|Reactome:R-HSA-9603505|Reactome:R-HSA-9607240|Reactome:R-HSA-9609523|Reactome:R-HSA-9609690|Reactome:R-HSA-9610379|Reactome:R-HSA-9613354|Reactome:R-HSA-9615017|Reactome:R-HSA-9616222|Reactome:R-HSA-9619483|Reactome:R-HSA-9619665|Reactome:R-HSA-9620244|Reactome:R-HSA-9634597|Reactome:R-HSA-9637628|Reactome:R-HSA-9638334|Reactome:R-HSA-9638630|Reactome:R-HSA-9645135|Reactome:R-HSA-9649948|Reactome:R-HSA-9656223|Reactome:R-HSA-9660826|Reactome:R-HSA-9664323|Reactome:R-HSA-9664422|Reactome:R-HSA-9664565|Reactome:R-HSA-9664873|Reactome:R-HSA-9665686|Reactome:R-HSA-9669914|Reactome:R-HSA-9669917|Reactome:R-HSA-9669921|Reactome:R-HSA-9669924|Reactome:R-HSA-9669926|Reactome:R-HSA-9669929|Reactome:R-HSA-9669933|Reactome:R-HSA-9669934|Reactome:R-HSA-9669935|Reactome:R-HSA-9669936|Reactome:R-HSA-9670439|Reactome:R-HSA-9673767|Reactome:R-HSA-9673768|Reactome:R-HSA-9673770|Reactome:R-HSA-9674396|Reactome:R-HSA-9674401|Reactome:R-HSA-9674403|Reactome:R-HSA-9674404|Reactome:R-HSA-9674428|Reactome:R-HSA-9674555|Reactome:R-HSA-9679191|Reactome:R-HSA-9680187|Reactome:R-HSA-9680350|Reactome:R-HSA-9692916|Reactome:R-HSA-9694614|Reactome:R-HSA-9696264|Reactome:R-HSA-9696270|Reactome:R-HSA-9696273|Reactome:R-HSA-9700645|Reactome:R-HSA-9701898|Reactome:R-HSA-9702509|Reactome:R-HSA-9702518|Reactome:R-HSA-9702569|Reactome:R-HSA-9702577|Reactome:R-HSA-9702581|Reactome:R-HSA-9702590|Reactome:R-HSA-9702596|Reactome:R-HSA-9702600|Reactome:R-HSA-9702605|Reactome:R-HSA-9702614|Reactome:R-HSA-9702620|Reactome:R-HSA-9702624|Reactome:R-HSA-9702632|Reactome:R-HSA-9702636|Reactome:R-HSA-9702998|Reactome:R-HSA-9703009|Reactome:R-HSA-9703648|Reactome:R-HSA-9705462|Reactome:R-HSA-9705671|Reactome:R-HSA-9706369|Reactome:R-HSA-9706374|Reactome:R-HSA-9706377|Reactome:R-HSA-9717207|Reactome:R-HSA-9725370|Reactome:R-HSA-9725371|Reactome:R-HSA-9725554|Reactome:R-HSA-9732724|Reactome:R-HSA-9734091|Reactome:R-HSA-9749641|Reactome:R-HSA-9752946|Reactome:R-HSA-975634|Reactome:R-HSA-9758919|Reactome:R-HSA-977225|Reactome:R-HSA-9772755|Reactome:R-HSA-977443|Reactome:R-HSA-977606|Reactome:R-HSA-9793380|Reactome:R-HSA-9818749|Reactome:R-HSA-9820960|Reactome:R-HSA-9824272|Reactome:R-HSA-9824585|Reactome:R-HSA-9825892|Reactome:R-HSA-982772|Reactome:R-HSA-9830674|Reactome:R-HSA-983168|Reactome:R-HSA-983170|Reactome:R-HSA-9833109|Reactome:R-HSA-9833110|Reactome:R-HSA-983695|Reactome:R-HSA-9843940|Reactome:R-HSA-9843970|Reactome:R-HSA-9844594|Reactome:R-HSA-9851151|Reactome:R-HSA-9854909|Reactome:R-HSA-9856530|Reactome:R-HSA-9856532|Reactome:R-HSA-9856649|Reactome:R-HSA-9860927|Reactome:R-HSA-9909620|Reactome:R-HSA-9909649|Reactome:R-HSA-9913351|Reactome:R-HSA-9918481|Reactome:R-HSA-9918485|Reactome:R-HSA-9920588|Reactome:R-HSA-9925563|Reactome:R-HSA-9926550|Reactome:R-HSA-9927353|Reactome:R-HSA-9927354|Reactome:R-HSA-9927418|Reactome:R-HSA-9927426|Reactome:R-HSA-9929356|Reactome:R-HSA-9929491|Reactome:R-HSA-9931269|Reactome:R-HSA-9931295|Reactome:R-HSA-9939291|Reactome:R-HSA-9942503|Reactome:R-HSA-9953038|Reactome:R-HSA-9953080|Reactome:R-MMU-1059683|Reactome:R-MMU-109704|Reactome:R-MMU-110056|Reactome:R-MMU-112411|Reactome:R-MMU-114604|Reactome:R-MMU-114608|Reactome:R-MMU-1169091|Reactome:R-MMU-1169408|Reactome:R-MMU-1170546|Reactome:R-MMU-1227986|Reactome:R-MMU-1236394|Reactome:R-MMU-1236974|Reactome:R-MMU-1236977|Reactome:R-MMU-1236978|Reactome:R-MMU-1250196|Reactome:R-MMU-1250342|Reactome:R-MMU-1250347|Reactome:R-MMU-1257604|Reactome:R-MMU-1266695|Reactome:R-MMU-1306955|Reactome:R-MMU-1307965|Reactome:R-MMU-1358803|Reactome:R-MMU-140834|Reactome:R-MMU-140837|Reactome:R-MMU-140875|Reactome:R-MMU-1433557|Reactome:R-MMU-1433559|Reactome:R-MMU-1442490|Reactome:R-MMU-1462054|Reactome:R-MMU-1474228|Reactome:R-MMU-1566977|Reactome:R-MMU-163125|Reactome:R-MMU-1632852|Reactome:R-MMU-163680|Reactome:R-MMU-1650814|Reactome:R-MMU-1660499|Reactome:R-MMU-1660514|Reactome:R-MMU-166663|Reactome:R-MMU-166665|Reactome:R-MMU-170968|Reactome:R-MMU-170984|Reactome:R-MMU-173623|Reactome:R-MMU-173736|Reactome:R-MMU-174577|Reactome:R-MMU-177504|Reactome:R-MMU-177929|Reactome:R-MMU-1810476|Reactome:R-MMU-181429|Reactome:R-MMU-181430|Reactome:R-MMU-182971|Reactome:R-MMU-1855183|Reactome:R-MMU-1855204|Reactome:R-MMU-186763|Reactome:R-MMU-186797|Reactome:R-MMU-187042|Reactome:R-MMU-190322|Reactome:R-MMU-190370|Reactome:R-MMU-190371|Reactome:R-MMU-190372|Reactome:R-MMU-190373|Reactome:R-MMU-190374|Reactome:R-MMU-190375|Reactome:R-MMU-190377|Reactome:R-MMU-193634|Reactome:R-MMU-193648|Reactome:R-MMU-193692|Reactome:R-MMU-194306|Reactome:R-MMU-195399|Reactome:R-MMU-196108|Reactome:R-MMU-1963640|Reactome:R-MMU-1963642|Reactome:R-MMU-1971475|Reactome:R-MMU-198203|Reactome:R-MMU-198933|Reactome:R-MMU-200425|Reactome:R-MMU-2022854|Reactome:R-MMU-2022857|Reactome:R-MMU-2022870|Reactome:R-MMU-2022923|Reactome:R-MMU-2024096|Reactome:R-MMU-2024101|Reactome:R-MMU-202424|Reactome:R-MMU-202427|Reactome:R-MMU-202430|Reactome:R-MMU-202433|Reactome:R-MMU-2025928|Reactome:R-MMU-202733|Reactome:R-MMU-2029481|Reactome:R-MMU-2029482|Reactome:R-MMU-2029485|Reactome:R-MMU-204005|Reactome:R-MMU-209560|Reactome:R-MMU-210500|Reactome:R-MMU-210990|Reactome:R-MMU-210991|Reactome:R-MMU-210993|Reactome:R-MMU-2122947|Reactome:R-MMU-212676|Reactome:R-MMU-2129379|Reactome:R-MMU-2132295|Reactome:R-MMU-216083|Reactome:R-MMU-2160916|Reactome:R-MMU-2168880|Reactome:R-MMU-2172127|Reactome:R-MMU-2173791|Reactome:R-MMU-2214320|Reactome:R-MMU-2243919|Reactome:R-MMU-2404192|Reactome:R-MMU-2424491|Reactome:R-MMU-2428928|Reactome:R-MMU-2428933|Reactome:R-MMU-2454202|Reactome:R-MMU-264642|Reactome:R-MMU-264876|Reactome:R-MMU-2672351|Reactome:R-MMU-2682334|Reactome:R-MMU-2730905|Reactome:R-MMU-2871796|Reactome:R-MMU-2871809|Reactome:R-MMU-2871837|Reactome:R-MMU-3000170|Reactome:R-MMU-3000178|Reactome:R-MMU-3134963|Reactome:R-MMU-3214841|Reactome:R-MMU-3214847|Reactome:R-MMU-3322077|Reactome:R-MMU-350054|Reactome:R-MMU-354192|Reactome:R-MMU-354194|Reactome:R-MMU-372708|Reactome:R-MMU-373752|Reactome:R-MMU-373753|Reactome:R-MMU-373756|Reactome:R-MMU-373760|Reactome:R-MMU-375165|Reactome:R-MMU-375276|Reactome:R-MMU-376172|Reactome:R-MMU-376176|Reactome:R-MMU-380972|Reactome:R-MMU-381426|Reactome:R-MMU-388844|Reactome:R-MMU-389356|Reactome:R-MMU-389357|Reactome:R-MMU-389359|Reactome:R-MMU-389513|Reactome:R-MMU-389948|Reactome:R-MMU-390522|Reactome:R-MMU-391160|Reactome:R-MMU-3928662|Reactome:R-MMU-3928663|Reactome:R-MMU-3928664|Reactome:R-MMU-3928665|Reactome:R-MMU-399954|Reactome:R-MMU-399955|Reactome:R-MMU-399956|Reactome:R-MMU-4086398|Reactome:R-MMU-416476|Reactome:R-MMU-416482|Reactome:R-MMU-416550|Reactome:R-MMU-416572|Reactome:R-MMU-416700|Reactome:R-MMU-418594|Reactome:R-MMU-418885|Reactome:R-MMU-418889|Reactome:R-MMU-418990|Reactome:R-MMU-419037|Reactome:R-MMU-420029|Reactome:R-MMU-420597|Reactome:R-MMU-428890|Reactome:R-MMU-430116|Reactome:R-MMU-432142|Reactome:R-MMU-432722|Reactome:R-MMU-433692|Reactome:R-MMU-437239|Reactome:R-MMU-4420097|Reactome:R-MMU-445095|Reactome:R-MMU-445144|Reactome:R-MMU-445355|Reactome:R-MMU-445989|Reactome:R-MMU-446107|Reactome:R-MMU-446353|Reactome:R-MMU-447043|Reactome:R-MMU-448706|Reactome:R-MMU-449836|Reactome:R-MMU-4755510|Reactome:R-MMU-512988|Reactome:R-MMU-5140745|Reactome:R-MMU-5173214|Reactome:R-MMU-5218921|Reactome:R-MMU-5223345|Reactome:R-MMU-525793|Reactome:R-MMU-5607761|Reactome:R-MMU-5607763|Reactome:R-MMU-5607764|Reactome:R-MMU-5620916|Reactome:R-MMU-5621575|Reactome:R-MMU-5627123|Reactome:R-MMU-5628897|Reactome:R-MMU-5632681|Reactome:R-MMU-5635838|Reactome:R-MMU-5654219|Reactome:R-MMU-5654221|Reactome:R-MMU-5654227|Reactome:R-MMU-5654228|Reactome:R-MMU-5654687|Reactome:R-MMU-5654688|Reactome:R-MMU-5654689|Reactome:R-MMU-5654693|Reactome:R-MMU-5654695|Reactome:R-MMU-5654699|Reactome:R-MMU-5654700|Reactome:R-MMU-5654704|Reactome:R-MMU-5654706|Reactome:R-MMU-5654710|Reactome:R-MMU-5654712|Reactome:R-MMU-5654719|Reactome:R-MMU-5654720|Reactome:R-MMU-5654726|Reactome:R-MMU-5654727|Reactome:R-MMU-5654732|Reactome:R-MMU-5654733|Reactome:R-MMU-5658623|Reactome:R-MMU-5660668|Reactome:R-MMU-5673001|Reactome:R-MMU-5674135|Reactome:R-MMU-5676590|Reactome:R-MMU-5683826|Reactome:R-MMU-5684264|Reactome:R-MMU-5687128|Reactome:R-MMU-5689603|Reactome:R-MMU-5690714|Reactome:R-MMU-5694530|Reactome:R-MMU-6783783|Reactome:R-MMU-6785631|Reactome:R-MMU-6785807|Reactome:R-MMU-6788467|Reactome:R-MMU-6798695|Reactome:R-MMU-6804756|Reactome:R-MMU-6806942|Reactome:R-MMU-6807004|Reactome:R-MMU-6809371|Reactome:R-MMU-6811558|Reactome:R-MMU-74713|Reactome:R-MMU-74749|Reactome:R-MMU-74751|Reactome:R-MMU-74752|Reactome:R-MMU-75892|Reactome:R-MMU-77387|Reactome:R-MMU-877300|Reactome:R-MMU-877312|Reactome:R-MMU-879415|Reactome:R-MMU-8847993|Reactome:R-MMU-8849932|Reactome:R-MMU-8851680|Reactome:R-MMU-8851805|Reactome:R-MMU-8851907|Reactome:R-MMU-8852405|Reactome:R-MMU-8853383|Reactome:R-MMU-8854691|Reactome:R-MMU-8856825|Reactome:R-MMU-8856828|Reactome:R-MMU-8857538|Reactome:R-MMU-8863795|Reactome:R-MMU-8865999|Reactome:R-MMU-8874081|Reactome:R-MMU-8875513|Reactome:R-MMU-8875555|Reactome:R-MMU-8875656|Reactome:R-MMU-8875791|Reactome:R-MMU-8932504|Reactome:R-MMU-8932505|Reactome:R-MMU-8932506|Reactome:R-MMU-8941856|Reactome:R-MMU-8948216|Reactome:R-MMU-8957275|Reactome:R-MMU-8963896|Reactome:R-MMU-8980692|Reactome:R-MMU-8983432|Reactome:R-MMU-8984722|Reactome:R-MMU-8985586|Reactome:R-MMU-8985947|Reactome:R-MMU-9006335|Reactome:R-MMU-9007892|Reactome:R-MMU-9009391|Reactome:R-MMU-9010553|Reactome:R-MMU-9012546|Reactome:R-MMU-9013026|Reactome:R-MMU-9013106|Reactome:R-MMU-9013148|Reactome:R-MMU-9013149|Reactome:R-MMU-9013404|Reactome:R-MMU-9013406|Reactome:R-MMU-9013408|Reactome:R-MMU-9013409|Reactome:R-MMU-9013420|Reactome:R-MMU-9013423|Reactome:R-MMU-9013424|Reactome:R-MMU-9014826|Reactome:R-MMU-9014843|Reactome:R-MMU-9020558|Reactome:R-MMU-9020591|Reactome:R-MMU-9020702|Reactome:R-MMU-9020933|Reactome:R-MMU-9020956|Reactome:R-MMU-9020958|Reactome:R-MMU-9026527|Reactome:R-MMU-9027276|Reactome:R-MMU-9027284|Reactome:R-MMU-9028731|Reactome:R-MMU-9032759|Reactome:R-MMU-9034013|Reactome:R-MMU-9034793|Reactome:R-MMU-9035034|Reactome:R-MMU-909733|Reactome:R-MMU-912526|Reactome:R-MMU-912694|Reactome:R-MMU-917977|Reactome:R-MMU-933542|Reactome:R-MMU-9603381|Reactome:R-MMU-9607240|Reactome:R-MMU-9609523|Reactome:R-MMU-9634597|Reactome:R-MMU-9664873|Reactome:R-MMU-9696264|Reactome:R-MMU-9696270|Reactome:R-MMU-9696273|Reactome:R-MMU-9706369|Reactome:R-MMU-9706374|Reactome:R-MMU-9732724|Reactome:R-MMU-9734091|Reactome:R-MMU-9749641|Reactome:R-MMU-9772755|Reactome:R-MMU-977606|Reactome:R-MMU-982772|Reactome:R-MMU-983168|Reactome:R-MMU-983170|Reactome:R-MMU-983695|Reactome:R-MMU-9843940|Reactome:R-MMU-9851151|Reactome:R-MMU-9856649|Reactome:R-MMU-9860927|Reactome:R-MMU-9913351|Reactome:R-MMU-9927353|Reactome:R-MMU-9927354|Reactome:R-MMU-9929356|Reactome:R-MMU-9929491|Reactome:R-MMU-9931269|Reactome:R-MMU-9931295|Reactome:R-MMU-9939291|Reactome:R-MTU-868688|Reactome:R-RNO-1059683|Reactome:R-RNO-109704|Reactome:R-RNO-110056|Reactome:R-RNO-112411|Reactome:R-RNO-114608|Reactome:R-RNO-1169091|Reactome:R-RNO-1170546|Reactome:R-RNO-1227986|Reactome:R-RNO-1236394|Reactome:R-RNO-1236974|Reactome:R-RNO-1236977|Reactome:R-RNO-1250196|Reactome:R-RNO-1250342|Reactome:R-RNO-1250347|Reactome:R-RNO-1257604|Reactome:R-RNO-1306955|Reactome:R-RNO-1307965|Reactome:R-RNO-1358803|Reactome:R-RNO-140834|Reactome:R-RNO-140837|Reactome:R-RNO-140875|Reactome:R-RNO-1462054|Reactome:R-RNO-1474228|Reactome:R-RNO-1566977|Reactome:R-RNO-163125|Reactome:R-RNO-1632852|Reactome:R-RNO-163680|Reactome:R-RNO-1660499|Reactome:R-RNO-1660514|Reactome:R-RNO-166663|Reactome:R-RNO-166665|Reactome:R-RNO-170968|Reactome:R-RNO-170984|Reactome:R-RNO-173623|Reactome:R-RNO-173736|Reactome:R-RNO-174577|Reactome:R-RNO-177504|Reactome:R-RNO-1810476|Reactome:R-RNO-181429|Reactome:R-RNO-181430|Reactome:R-RNO-1855183|Reactome:R-RNO-1855204|Reactome:R-RNO-186763|Reactome:R-RNO-186797|Reactome:R-RNO-187042|Reactome:R-RNO-190322|Reactome:R-RNO-190370|Reactome:R-RNO-190373|Reactome:R-RNO-190374|Reactome:R-RNO-193634|Reactome:R-RNO-193648|Reactome:R-RNO-193692|Reactome:R-RNO-194306|Reactome:R-RNO-195399|Reactome:R-RNO-196108|Reactome:R-RNO-1963640|Reactome:R-RNO-1963642|Reactome:R-RNO-1971475|Reactome:R-RNO-198203|Reactome:R-RNO-198933|Reactome:R-RNO-200425|Reactome:R-RNO-2022854|Reactome:R-RNO-2022857|Reactome:R-RNO-2022870|Reactome:R-RNO-2022923|Reactome:R-RNO-2024101|Reactome:R-RNO-202424|Reactome:R-RNO-202427|Reactome:R-RNO-202430|Reactome:R-RNO-202433|Reactome:R-RNO-2025928|Reactome:R-RNO-202733|Reactome:R-RNO-2029481|Reactome:R-RNO-2029482|Reactome:R-RNO-2029485|Reactome:R-RNO-209560|Reactome:R-RNO-210500|Reactome:R-RNO-210990|Reactome:R-RNO-210991|Reactome:R-RNO-212676|Reactome:R-RNO-2129379|Reactome:R-RNO-2132295|Reactome:R-RNO-216083|Reactome:R-RNO-2160916|Reactome:R-RNO-2172127|Reactome:R-RNO-2173791|Reactome:R-RNO-2404192|Reactome:R-RNO-2424491|Reactome:R-RNO-2428928|Reactome:R-RNO-2428933|Reactome:R-RNO-2454202|Reactome:R-RNO-264642|Reactome:R-RNO-264876|Reactome:R-RNO-2682334|Reactome:R-RNO-2730905|Reactome:R-RNO-2871796|Reactome:R-RNO-2871809|Reactome:R-RNO-2871837|Reactome:R-RNO-3000170|Reactome:R-RNO-3000178|Reactome:R-RNO-3134963|Reactome:R-RNO-3214841|Reactome:R-RNO-3214847|Reactome:R-RNO-354192|Reactome:R-RNO-354194|Reactome:R-RNO-372708|Reactome:R-RNO-373752|Reactome:R-RNO-373753|Reactome:R-RNO-373760|Reactome:R-RNO-375165|Reactome:R-RNO-375276|Reactome:R-RNO-376172|Reactome:R-RNO-380972|Reactome:R-RNO-381426|Reactome:R-RNO-388844|Reactome:R-RNO-389356|Reactome:R-RNO-389357|Reactome:R-RNO-389359|Reactome:R-RNO-389948|Reactome:R-RNO-390522|Reactome:R-RNO-391160|Reactome:R-RNO-3928662|Reactome:R-RNO-3928663|Reactome:R-RNO-3928664|Reactome:R-RNO-3928665|Reactome:R-RNO-399954|Reactome:R-RNO-399955|Reactome:R-RNO-399956|Reactome:R-RNO-416476|Reactome:R-RNO-416482|Reactome:R-RNO-416550|Reactome:R-RNO-416700|Reactome:R-RNO-418594|Reactome:R-RNO-418885|Reactome:R-RNO-418889|Reactome:R-RNO-418990|Reactome:R-RNO-419037|Reactome:R-RNO-420029|Reactome:R-RNO-420597|Reactome:R-RNO-432142|Reactome:R-RNO-432722|Reactome:R-RNO-433692|Reactome:R-RNO-437239|Reactome:R-RNO-4420097|Reactome:R-RNO-445095|Reactome:R-RNO-445144|Reactome:R-RNO-445989|Reactome:R-RNO-446107|Reactome:R-RNO-446353|Reactome:R-RNO-447043|Reactome:R-RNO-448706|Reactome:R-RNO-449836|Reactome:R-RNO-5218921|Reactome:R-RNO-5223345|Reactome:R-RNO-525793|Reactome:R-RNO-5607763|Reactome:R-RNO-5607764|Reactome:R-RNO-5620916|Reactome:R-RNO-5621575|Reactome:R-RNO-5628897|Reactome:R-RNO-5632681|Reactome:R-RNO-5654219|Reactome:R-RNO-5654228|Reactome:R-RNO-5654687|Reactome:R-RNO-5654688|Reactome:R-RNO-5654689|Reactome:R-RNO-5654693|Reactome:R-RNO-5654712|Reactome:R-RNO-5654719|Reactome:R-RNO-5654720|Reactome:R-RNO-5654726|Reactome:R-RNO-5654733|Reactome:R-RNO-5658623|Reactome:R-RNO-5673001|Reactome:R-RNO-5674135|Reactome:R-RNO-5683826|Reactome:R-RNO-5684264|Reactome:R-RNO-5687128|Reactome:R-RNO-5689603|Reactome:R-RNO-6785631|Reactome:R-RNO-6785807|Reactome:R-RNO-6788467|Reactome:R-RNO-6798695|Reactome:R-RNO-6804756|Reactome:R-RNO-6806942|Reactome:R-RNO-6807004|Reactome:R-RNO-6809371|Reactome:R-RNO-6811558|Reactome:R-RNO-74713|Reactome:R-RNO-74749|Reactome:R-RNO-74751|Reactome:R-RNO-74752|Reactome:R-RNO-77387|Reactome:R-RNO-879415|Reactome:R-RNO-8847993|Reactome:R-RNO-8849932|Reactome:R-RNO-8851680|Reactome:R-RNO-8851805|Reactome:R-RNO-8851907|Reactome:R-RNO-8853383|Reactome:R-RNO-8854691|Reactome:R-RNO-8856825|Reactome:R-RNO-8856828|Reactome:R-RNO-8857538|Reactome:R-RNO-8863795|Reactome:R-RNO-8865999|Reactome:R-RNO-8874081|Reactome:R-RNO-8875513|Reactome:R-RNO-8875555|Reactome:R-RNO-8875656|Reactome:R-RNO-8875791|Reactome:R-RNO-8932505|Reactome:R-RNO-8951664|Reactome:R-RNO-8957275|Reactome:R-RNO-8963896|Reactome:R-RNO-8980692|Reactome:R-RNO-8983432|Reactome:R-RNO-8984722|Reactome:R-RNO-9006335|Reactome:R-RNO-9007892|Reactome:R-RNO-9009391|Reactome:R-RNO-9013026|Reactome:R-RNO-9013106|Reactome:R-RNO-9013148|Reactome:R-RNO-9013149|Reactome:R-RNO-9013404|Reactome:R-RNO-9013408|Reactome:R-RNO-9013409|Reactome:R-RNO-9013423|Reactome:R-RNO-9014826|Reactome:R-RNO-9014843|Reactome:R-RNO-9020558|Reactome:R-RNO-9020702|Reactome:R-RNO-9020956|Reactome:R-RNO-9026527|Reactome:R-RNO-9027276|Reactome:R-RNO-9027284|Reactome:R-RNO-9028731|Reactome:R-RNO-9032759|Reactome:R-RNO-9034013|Reactome:R-RNO-9034793|Reactome:R-RNO-9035034|Reactome:R-RNO-912526|Reactome:R-RNO-917977|Reactome:R-RNO-933542|Reactome:R-RNO-9603381|Reactome:R-RNO-9609523|Reactome:R-RNO-9634597|Reactome:R-RNO-9664873|Reactome:R-RNO-9734091|Reactome:R-RNO-9749641|Reactome:R-RNO-9772755|Reactome:R-RNO-977606|Reactome:R-RNO-982772|Reactome:R-RNO-983168|Reactome:R-RNO-983170|Reactome:R-RNO-9851151|Reactome:R-RNO-9860927|Reactome:R-RNO-9927353|Reactome:R-RNO-9927354|Reactome:R-RNO-9931269|Reactome:R-SCE-1632852|Reactome:R-SCE-163680|Reactome:R-SCE-200425|Reactome:R-SCE-3322077|Reactome:R-SCE-380972|Reactome:R-SCE-6798695|Reactome:R-SCE-8948751|Reactome:R-SCE-9013106|Reactome:R-SCE-9609523|Reactome:R-SPO-1632852|Reactome:R-SPO-163680|Reactome:R-SPO-200425|Reactome:R-SPO-380972|Reactome:R-SPO-5628897|Reactome:R-SPO-6798695|Reactome:R-SPO-9609523|Reactome:R-SPO-9664873|Reactome:R-SSC-114608|Reactome:R-SSC-1170546|Reactome:R-SSC-1236974|Reactome:R-SSC-1236977|Reactome:R-SSC-1257604|Reactome:R-SSC-1474228|Reactome:R-SSC-173623|Reactome:R-SSC-198933|Reactome:R-SSC-2022854|Reactome:R-SSC-2022857|Reactome:R-SSC-2024101|Reactome:R-SSC-202424|Reactome:R-SSC-202427|Reactome:R-SSC-202430|Reactome:R-SSC-202433|Reactome:R-SSC-202733|Reactome:R-SSC-2029481|Reactome:R-SSC-2029482|Reactome:R-SSC-2029485|Reactome:R-SSC-210990|Reactome:R-SSC-2132295|Reactome:R-SSC-216083|Reactome:R-SSC-2160916|Reactome:R-SSC-2168880|Reactome:R-SSC-2424491|Reactome:R-SSC-2454202|Reactome:R-SSC-2730905|Reactome:R-SSC-2871796|Reactome:R-SSC-2871809|Reactome:R-SSC-2871837|Reactome:R-SSC-3000178|Reactome:R-SSC-389948|Reactome:R-SSC-391160|Reactome:R-SSC-416550|Reactome:R-SSC-432142|Reactome:R-SSC-5673001|Reactome:R-SSC-5690714|Reactome:R-SSC-6798695|Reactome:R-SSC-6806942|Reactome:R-SSC-6807004|Reactome:R-SSC-6811558|Reactome:R-SSC-8851805|Reactome:R-SSC-8851907|Reactome:R-SSC-8856825|Reactome:R-SSC-8856828|Reactome:R-SSC-8865999|Reactome:R-SSC-8874081|Reactome:R-SSC-8875513|Reactome:R-SSC-8875555|Reactome:R-SSC-8875656|Reactome:R-SSC-8875791|Reactome:R-SSC-8980692|Reactome:R-SSC-9006335|Reactome:R-SSC-9013106|Reactome:R-SSC-9013404|Reactome:R-SSC-9013408|Reactome:R-SSC-9020591|Reactome:R-SSC-9020933|Reactome:R-SSC-9027276|Reactome:R-SSC-9027284|Reactome:R-SSC-9734091|Reactome:R-SSC-977606|Reactome:R-SSC-982772|Reactome:R-SSC-983170|Reactome:R-SSC-983695|Reactome:R-XTR-202433|Reactome:R-XTR-418990|Reactome:R-XTR-5654687
D_dimigraforme_KAN0053237	96d2fa31128adb83b359a4d2eda0e734	2198	Phobius	SIGNAL_PEPTIDE_H_REGION	Hydrophobic region of a signal peptide.	4	14	-	T	26-08-2026	-	-	-	-
D_dimigraforme_KAN0053237	96d2fa31128adb83b359a4d2eda0e734	2198	Phobius	CYTOPLASMIC_DOMAIN	Region of a membrane-bound protein predicted to be outside the membrane, in the cytoplasm.	1944	2198	-	T	26-08-2026	-	-	-	-
D_dimigraforme_KAN0053237	96d2fa31128adb83b359a4d2eda0e734	2198	SUPERFAMILY	SSF81296	E set domains	810	889	1.65E-11	T	26-08-2026	IPR014756	Immunoglobulin E-set	-	Reactome:R-BTA-1296041|Reactome:R-BTA-1296053|Reactome:R-BTA-1632852|Reactome:R-BTA-2514859|Reactome:R-BTA-350054|Reactome:R-BTA-380972|Reactome:R-BTA-418555|Reactome:R-BTA-432720|Reactome:R-BTA-432722|Reactome:R-BTA-456926|Reactome:R-BTA-5576886|Reactome:R-BTA-5624958|Reactome:R-BTA-5628897|Reactome:R-BTA-5635838|Reactome:R-BTA-5674135|Reactome:R-BTA-5689880|Reactome:R-BTA-6798695|Reactome:R-BTA-6804756|Reactome:R-BTA-8856825|Reactome:R-BTA-8856828|Reactome:R-BTA-8941856|Reactome:R-BTA-8964038|Reactome:R-BTA-9013148|Reactome:R-BTA-9013407|Reactome:R-BTA-9013408|Reactome:R-BTA-9648002|Reactome:R-BTA-9839389|Reactome:R-BTA-9931269|Reactome:R-BTA-9954716|Reactome:R-BTA-997272|Reactome:R-CEL-1296041|Reactome:R-CEL-1296053|Reactome:R-CEL-1296067|Reactome:R-CEL-264876|Reactome:R-CEL-416482|Reactome:R-CEL-416572|Reactome:R-CEL-416700|Reactome:R-CEL-432720|Reactome:R-CEL-432722|Reactome:R-CEL-456926|Reactome:R-CEL-5099900|Reactome:R-CEL-5576886|Reactome:R-CEL-5620916|Reactome:R-CEL-5624138|Reactome:R-CEL-5674135|Reactome:R-CEL-6798695|Reactome:R-CEL-72163|Reactome:R-CEL-72165|Reactome:R-CEL-844456|Reactome:R-CEL-8856825|Reactome:R-CEL-8856828|Reactome:R-CEL-8964038|Reactome:R-CEL-8980692|Reactome:R-CEL-9013148|Reactome:R-CEL-9013149|Reactome:R-CEL-9013407|Reactome:R-CEL-9013423|Reactome:R-CEL-913709|Reactome:R-CEL-9648002|Reactome:R-CEL-997272|Reactome:R-CFA-1296041|Reactome:R-CFA-1296053|Reactome:R-CFA-5576886|Reactome:R-CFA-5624958|Reactome:R-CFA-9648002|Reactome:R-CFA-997272|Reactome:R-DDI-3295583|Reactome:R-DDI-5213460|Reactome:R-DDI-5673000|Reactome:R-DDI-5674135|Reactome:R-DDI-5675221|Reactome:R-DDI-5675482|Reactome:R-DDI-6798695|Reactome:R-DDI-72163|Reactome:R-DDI-8964038|Reactome:R-DDI-9013149|Reactome:R-DDI-9013404|Reactome:R-DDI-9013423|Reactome:R-DDI-9954716|Reactome:R-DME-114608|Reactome:R-DME-1169091|Reactome:R-DME-1614517|Reactome:R-DME-1810476|Reactome:R-DME-202424|Reactome:R-DME-209394|Reactome:R-DME-209400|Reactome:R-DME-209406|Reactome:R-DME-209560|Reactome:R-DME-214399|Reactome:R-DME-214411|Reactome:R-DME-214416|Reactome:R-DME-214842|Reactome:R-DME-214844|Reactome:R-DME-214869|Reactome:R-DME-264876|Reactome:R-DME-2871837|Reactome:R-DME-3134963|Reactome:R-DME-350054|Reactome:R-DME-416482|Reactome:R-DME-416572|Reactome:R-DME-416700|Reactome:R-DME-418555|Reactome:R-DME-432720|Reactome:R-DME-432722|Reactome:R-DME-445989|Reactome:R-DME-446353|Reactome:R-DME-4755510|Reactome:R-DME-5607761|Reactome:R-DME-5607764|Reactome:R-DME-5620916|Reactome:R-DME-5621575|Reactome:R-DME-5627123|Reactome:R-DME-5674135|Reactome:R-DME-5676590|Reactome:R-DME-5689880|Reactome:R-DME-6798695|Reactome:R-DME-72163|Reactome:R-DME-72165|Reactome:R-DME-8856825|Reactome:R-DME-8856828|Reactome:R-DME-9020702|Reactome:R-DME-913709|Reactome:R-DME-933542|Reactome:R-DME-9648002|Reactome:R-DME-977068|Reactome:R-DME-9839389|Reactome:R-DME-9860927|Reactome:R-DRE-399954|Reactome:R-DRE-399956|Reactome:R-DRE-5624138|Reactome:R-DRE-6798695|Reactome:R-DRE-8964038|Reactome:R-DRE-983168|Reactome:R-GGA-1227892|Reactome:R-GGA-1296041|Reactome:R-GGA-1296053|Reactome:R-GGA-434001|Reactome:R-GGA-434131|Reactome:R-GGA-5576886|Reactome:R-GGA-9954716|Reactome:R-GGA-997272|Reactome:R-HSA-112126|Reactome:R-HSA-114608|Reactome:R-HSA-1169091|Reactome:R-HSA-1169408|Reactome:R-HSA-1236974|Reactome:R-HSA-1257604|Reactome:R-HSA-1296025|Reactome:R-HSA-1296041|Reactome:R-HSA-1296053|Reactome:R-HSA-1296067|Reactome:R-HSA-140534|Reactome:R-HSA-140837|Reactome:R-HSA-140875|Reactome:R-HSA-1445148|Reactome:R-HSA-1474228|Reactome:R-HSA-1614517|Reactome:R-HSA-163125|Reactome:R-HSA-1632852|Reactome:R-HSA-163680|Reactome:R-HSA-166016|Reactome:R-HSA-166058|Reactome:R-HSA-166166|Reactome:R-HSA-1810476|Reactome:R-HSA-1912408|Reactome:R-HSA-193634|Reactome:R-HSA-193692|Reactome:R-HSA-200425|Reactome:R-HSA-202424|Reactome:R-HSA-2025928|Reactome:R-HSA-209560|Reactome:R-HSA-209563|Reactome:R-HSA-210744|Reactome:R-HSA-2122947|Reactome:R-HSA-2122948|Reactome:R-HSA-2151209|Reactome:R-HSA-2197563|Reactome:R-HSA-2219530|Reactome:R-HSA-2485179|Reactome:R-HSA-2514859|Reactome:R-HSA-2559582|Reactome:R-HSA-2562578|Reactome:R-HSA-2644606|Reactome:R-HSA-264876|Reactome:R-HSA-2871809|Reactome:R-HSA-2871837|Reactome:R-HSA-2894862|Reactome:R-HSA-3134963|Reactome:R-HSA-3214841|Reactome:R-HSA-3322077|Reactome:R-HSA-350054|Reactome:R-HSA-380972|Reactome:R-HSA-381340|Reactome:R-HSA-382556|Reactome:R-HSA-3878781|Reactome:R-HSA-399954|Reactome:R-HSA-399955|Reactome:R-HSA-399956|Reactome:R-HSA-4086398|Reactome:R-HSA-416482|Reactome:R-HSA-416550|Reactome:R-HSA-416572|Reactome:R-HSA-416700|Reactome:R-HSA-418555|Reactome:R-HSA-422356|Reactome:R-HSA-430116|Reactome:R-HSA-432720|Reactome:R-HSA-432722|Reactome:R-HSA-445989|Reactome:R-HSA-446353|Reactome:R-HSA-448706|Reactome:R-HSA-456926|Reactome:R-HSA-4755510|Reactome:R-HSA-5099900|Reactome:R-HSA-5223345|Reactome:R-HSA-5576886|Reactome:R-HSA-5578775|Reactome:R-HSA-5602498|Reactome:R-HSA-5603029|Reactome:R-HSA-5603041|Reactome:R-HSA-5607761|Reactome:R-HSA-5607763|Reactome:R-HSA-5607764|Reactome:R-HSA-5620916|Reactome:R-HSA-5621575|Reactome:R-HSA-5624138|Reactome:R-HSA-5624958|Reactome:R-HSA-5627123|Reactome:R-HSA-5628897|Reactome:R-HSA-5635838|Reactome:R-HSA-5660668|Reactome:R-HSA-5673001|Reactome:R-HSA-5674135|Reactome:R-HSA-5676590|Reactome:R-HSA-5678420|Reactome:R-HSA-5683177|Reactome:R-HSA-5684264|Reactome:R-HSA-5686938|Reactome:R-HSA-5689880|Reactome:R-HSA-6785807|Reactome:R-HSA-6798695|Reactome:R-HSA-6802946|Reactome:R-HSA-6802948|Reactome:R-HSA-6802952|Reactome:R-HSA-6802955|Reactome:R-HSA-6804756|Reactome:R-HSA-6806942|Reactome:R-HSA-6807004|Reactome:R-HSA-6809371|Reactome:R-HSA-6811558|Reactome:R-HSA-72163|Reactome:R-HSA-72165|Reactome:R-HSA-844456|Reactome:R-HSA-877300|Reactome:R-HSA-8851805|Reactome:R-HSA-8851907|Reactome:R-HSA-8852405|Reactome:R-HSA-8853884|Reactome:R-HSA-8856825|Reactome:R-HSA-8856828|Reactome:R-HSA-8865999|Reactome:R-HSA-8874081|Reactome:R-HSA-8875360|Reactome:R-HSA-8875513|Reactome:R-HSA-8875555|Reactome:R-HSA-8875656|Reactome:R-HSA-8875791|Reactome:R-HSA-8876493|Reactome:R-HSA-8877330|Reactome:R-HSA-8941856|Reactome:R-HSA-8963896|Reactome:R-HSA-8964038|Reactome:R-HSA-8980692|Reactome:R-HSA-8983711|Reactome:R-HSA-9013026|Reactome:R-HSA-9013106|Reactome:R-HSA-9013148|Reactome:R-HSA-9013149|Reactome:R-HSA-9013404|Reactome:R-HSA-9013405|Reactome:R-HSA-9013407|Reactome:R-HSA-9013408|Reactome:R-HSA-9013423|Reactome:R-HSA-9013508|Reactome:R-HSA-9013695|Reactome:R-HSA-9020702|Reactome:R-HSA-9022699|Reactome:R-HSA-933542|Reactome:R-HSA-936964|Reactome:R-HSA-937041|Reactome:R-HSA-937072|Reactome:R-HSA-9609690|Reactome:R-HSA-9613354|Reactome:R-HSA-9615017|Reactome:R-HSA-9617629|Reactome:R-HSA-9619483|Reactome:R-HSA-9638334|Reactome:R-HSA-9648002|Reactome:R-HSA-9649948|Reactome:R-HSA-9656223|Reactome:R-HSA-9660826|Reactome:R-HSA-9692916|Reactome:R-HSA-9696270|Reactome:R-HSA-9696273|Reactome:R-HSA-9707564|Reactome:R-HSA-9707616|Reactome:R-HSA-9729555|Reactome:R-HSA-9734091|Reactome:R-HSA-975163|Reactome:R-HSA-9752946|Reactome:R-HSA-9793380|Reactome:R-HSA-9818749|Reactome:R-HSA-9820960|Reactome:R-HSA-9824272|Reactome:R-HSA-9824878|Reactome:R-HSA-9825892|Reactome:R-HSA-983168|Reactome:R-HSA-9833110|Reactome:R-HSA-9839389|Reactome:R-HSA-9844594|Reactome:R-HSA-9860927|Reactome:R-HSA-9909649|Reactome:R-HSA-9918432|Reactome:R-HSA-9918476|Reactome:R-HSA-9918481|Reactome:R-HSA-9918485|Reactome:R-HSA-9918487|Reactome:R-HSA-9920588|Reactome:R-HSA-9920951|Reactome:R-HSA-9931269|Reactome:R-HSA-9942503|Reactome:R-HSA-9954716|Reactome:R-HSA-997272|Reactome:R-MMU-114608|Reactome:R-MMU-1169091|Reactome:R-MMU-1169408|Reactome:R-MMU-1257604|Reactome:R-MMU-1296025|Reactome:R-MMU-1296041|Reactome:R-MMU-1296053|Reactome:R-MMU-1296067|Reactome:R-MMU-140534|Reactome:R-MMU-140837|Reactome:R-MMU-140875|Reactome:R-MMU-1474228|Reactome:R-MMU-1614517|Reactome:R-MMU-163125|Reactome:R-MMU-1632852|Reactome:R-MMU-163680|Reactome:R-MMU-166016|Reactome:R-MMU-166166|Reactome:R-MMU-1810476|Reactome:R-MMU-193634|Reactome:R-MMU-193692|Reactome:R-MMU-200425|Reactome:R-MMU-202424|Reactome:R-MMU-2025928|Reactome:R-MMU-209560|Reactome:R-MMU-209563|Reactome:R-MMU-2122947|Reactome:R-MMU-2514859|Reactome:R-MMU-2562578|Reactome:R-MMU-264876|Reactome:R-MMU-2871809|Reactome:R-MMU-2871837|Reactome:R-MMU-3134963|Reactome:R-MMU-3214841|Reactome:R-MMU-3322077|Reactome:R-MMU-350054|Reactome:R-MMU-380972|Reactome:R-MMU-382556|Reactome:R-MMU-399954|Reactome:R-MMU-399955|Reactome:R-MMU-399956|Reactome:R-MMU-4086398|Reactome:R-MMU-416482|Reactome:R-MMU-416550|Reactome:R-MMU-416572|Reactome:R-MMU-416700|Reactome:R-MMU-418555|Reactome:R-MMU-422356|Reactome:R-MMU-430116|Reactome:R-MMU-432720|Reactome:R-MMU-432722|Reactome:R-MMU-445989|Reactome:R-MMU-446353|Reactome:R-MMU-448706|Reactome:R-MMU-456926|Reactome:R-MMU-4755510|Reactome:R-MMU-5099900|Reactome:R-MMU-5223345|Reactome:R-MMU-5576886|Reactome:R-MMU-5578775|Reactome:R-MMU-5607761|Reactome:R-MMU-5607763|Reactome:R-MMU-5607764|Reactome:R-MMU-5620916|Reactome:R-MMU-5621575|Reactome:R-MMU-5624138|Reactome:R-MMU-5624958|Reactome:R-MMU-5627123|Reactome:R-MMU-5628897|Reactome:R-MMU-5635838|Reactome:R-MMU-5673001|Reactome:R-MMU-5674135|Reactome:R-MMU-5676590|Reactome:R-MMU-5684264|Reactome:R-MMU-5686938|Reactome:R-MMU-5689880|Reactome:R-MMU-6798695|Reactome:R-MMU-6804756|Reactome:R-MMU-6806942|Reactome:R-MMU-6807004|Reactome:R-MMU-6809371|Reactome:R-MMU-6811558|Reactome:R-MMU-72163|Reactome:R-MMU-72165|Reactome:R-MMU-844456|Reactome:R-MMU-8851805|Reactome:R-MMU-8851907|Reactome:R-MMU-8852405|Reactome:R-MMU-8856825|Reactome:R-MMU-8856828|Reactome:R-MMU-8865999|Reactome:R-MMU-8874081|Reactome:R-MMU-8875513|Reactome:R-MMU-8875555|Reactome:R-MMU-8875656|Reactome:R-MMU-8875791|Reactome:R-MMU-8941856|Reactome:R-MMU-8963896|Reactome:R-MMU-8964038|Reactome:R-MMU-8980692|Reactome:R-MMU-9013026|Reactome:R-MMU-9013106|Reactome:R-MMU-9013148|Reactome:R-MMU-9013149|Reactome:R-MMU-9013404|Reactome:R-MMU-9013407|Reactome:R-MMU-9013408|Reactome:R-MMU-9013423|Reactome:R-MMU-9020702|Reactome:R-MMU-933542|Reactome:R-MMU-936964|Reactome:R-MMU-937041|Reactome:R-MMU-937072|Reactome:R-MMU-9648002|Reactome:R-MMU-9696270|Reactome:R-MMU-9696273|Reactome:R-MMU-9707616|Reactome:R-MMU-9734091|Reactome:R-MMU-975163|Reactome:R-MMU-9824878|Reactome:R-MMU-983168|Reactome:R-MMU-9839389|Reactome:R-MMU-9860927|Reactome:R-MMU-9931269|Reactome:R-MMU-9954716|Reactome:R-MMU-997272|Reactome:R-MTU-868688|Reactome:R-RNO-114608|Reactome:R-RNO-1169091|Reactome:R-RNO-1257604|Reactome:R-RNO-1296025|Reactome:R-RNO-1296041|Reactome:R-RNO-1296053|Reactome:R-RNO-1296067|Reactome:R-RNO-140837|Reactome:R-RNO-140875|Reactome:R-RNO-1474228|Reactome:R-RNO-1614517|Reactome:R-RNO-1632852|Reactome:R-RNO-163680|Reactome:R-RNO-1810476|Reactome:R-RNO-193634|Reactome:R-RNO-193692|Reactome:R-RNO-200425|Reactome:R-RNO-202424|Reactome:R-RNO-2025928|Reactome:R-RNO-209560|Reactome:R-RNO-209563|Reactome:R-RNO-2514859|Reactome:R-RNO-264876|Reactome:R-RNO-2871809|Reactome:R-RNO-2871837|Reactome:R-RNO-3134963|Reactome:R-RNO-3214841|Reactome:R-RNO-380972|Reactome:R-RNO-382556|Reactome:R-RNO-399954|Reactome:R-RNO-399955|Reactome:R-RNO-399956|Reactome:R-RNO-416550|Reactome:R-RNO-416700|Reactome:R-RNO-418555|Reactome:R-RNO-422356|Reactome:R-RNO-432720|Reactome:R-RNO-432722|Reactome:R-RNO-445989|Reactome:R-RNO-446353|Reactome:R-RNO-448706|Reactome:R-RNO-456926|Reactome:R-RNO-5099900|Reactome:R-RNO-5223345|Reactome:R-RNO-5576886|Reactome:R-RNO-5578775|Reactome:R-RNO-5607763|Reactome:R-RNO-5607764|Reactome:R-RNO-5620916|Reactome:R-RNO-5621575|Reactome:R-RNO-5628897|Reactome:R-RNO-5673001|Reactome:R-RNO-5674135|Reactome:R-RNO-5684264|Reactome:R-RNO-5689880|Reactome:R-RNO-6798695|Reactome:R-RNO-6804756|Reactome:R-RNO-6806942|Reactome:R-RNO-6807004|Reactome:R-RNO-6809371|Reactome:R-RNO-6811558|Reactome:R-RNO-72163|Reactome:R-RNO-72165|Reactome:R-RNO-844456|Reactome:R-RNO-8851805|Reactome:R-RNO-8851907|Reactome:R-RNO-8856825|Reactome:R-RNO-8856828|Reactome:R-RNO-8865999|Reactome:R-RNO-8874081|Reactome:R-RNO-8875513|Reactome:R-RNO-8875555|Reactome:R-RNO-8875656|Reactome:R-RNO-8875791|Reactome:R-RNO-8963896|Reactome:R-RNO-8980692|Reactome:R-RNO-9013106|Reactome:R-RNO-9013148|Reactome:R-RNO-9013149|Reactome:R-RNO-9013404|Reactome:R-RNO-9013407|Reactome:R-RNO-9013408|Reactome:R-RNO-9020702|Reactome:R-RNO-933542|Reactome:R-RNO-9734091|Reactome:R-RNO-983168|Reactome:R-RNO-9839389|Reactome:R-RNO-9860927|Reactome:R-RNO-9931269|Reactome:R-RNO-9954716|Reactome:R-RNO-997272|Reactome:R-SCE-1632852|Reactome:R-SCE-163680|Reactome:R-SCE-200425|Reactome:R-SCE-3238698|Reactome:R-SCE-3322077|Reactome:R-SCE-380972|Reactome:R-SCE-6798695|Reactome:R-SCE-8948751|Reactome:R-SCE-8964038|Reactome:R-SCE-8980692|Reactome:R-SCE-9013106|Reactome:R-SCE-9013148|Reactome:R-SCE-9013149|Reactome:R-SCE-9013423|Reactome:R-SPO-1632852|Reactome:R-SPO-163680|Reactome:R-SPO-200425|Reactome:R-SPO-380972|Reactome:R-SPO-5628897|Reactome:R-SPO-6798695|Reactome:R-SPO-72163|Reactome:R-SPO-8964038|Reactome:R-SPO-8980692|Reactome:R-SPO-9013106|Reactome:R-SPO-9013148|Reactome:R-SSC-1257604|Reactome:R-SSC-1296041|Reactome:R-SSC-1296053|Reactome:R-SSC-416550|Reactome:R-SSC-5576886|Reactome:R-SSC-5673001|Reactome:R-SSC-6798695|Reactome:R-SSC-6806942|Reactome:R-SSC-6807004|Reactome:R-SSC-6811558|Reactome:R-SSC-844456|Reactome:R-SSC-8851805|Reactome:R-SSC-8851907|Reactome:R-SSC-8865999|Reactome:R-SSC-8874081|Reactome:R-SSC-8875513|Reactome:R-SSC-8875555|Reactome:R-SSC-8875656|Reactome:R-SSC-8875791|Reactome:R-SSC-8964038|Reactome:R-SSC-9734091|Reactome:R-SSC-997272
D_dimigraforme_KAN0053237	96d2fa31128adb83b359a4d2eda0e734	2198	PANTHER	PTHR22916	GLYCOSYLTRANSFERASE	543	1962	7.3E-93	T	26-08-2026	-	-	-	-
D_dimigraforme_KAN0053237	96d2fa31128adb83b359a4d2eda0e734	2198	MobiDBLite	mobidb-lite	consensus disorder prediction	2145	2198	-	T	26-08-2026	-	-	-	-
D_dimigraforme_KAN0053237	96d2fa31128adb83b359a4d2eda0e734	2198	MobiDBLite	mobidb-lite	consensus disorder prediction	2180	2198	-	T	26-08-2026	-	-	-	-
D_dimigraforme_KAN0053237	96d2fa31128adb83b359a4d2eda0e734	2198	Phobius	SIGNAL_PEPTIDE_C_REGION	C-terminal region of a signal peptide.	15	19	-	T	26-08-2026	-	-	-	-
D_dimigraforme_KAN0053237	96d2fa31128adb83b359a4d2eda0e734	2198	Gene3D	G3DSA:2.60.40.10	Immunoglobulins	998	1095	1.3E-7	T	26-08-2026	IPR013783	Immunoglobulin-like fold	-	Reactome:R-BTA-114608|Reactome:R-BTA-1236974|Reactome:R-BTA-1236977|Reactome:R-BTA-1257604|Reactome:R-BTA-1266695|Reactome:R-BTA-140834|Reactome:R-BTA-163125|Reactome:R-BTA-1632852|Reactome:R-BTA-1660661|Reactome:R-BTA-173736|Reactome:R-BTA-174577|Reactome:R-BTA-1971475|Reactome:R-BTA-198933|Reactome:R-BTA-2022870|Reactome:R-BTA-2022923|Reactome:R-BTA-2024101|Reactome:R-BTA-202424|Reactome:R-BTA-202427|Reactome:R-BTA-202430|Reactome:R-BTA-202433|Reactome:R-BTA-202733|Reactome:R-BTA-210993|Reactome:R-BTA-216083|Reactome:R-BTA-2173791|Reactome:R-BTA-2424491|Reactome:R-BTA-3000178|Reactome:R-BTA-350054|Reactome:R-BTA-375276|Reactome:R-BTA-380972|Reactome:R-BTA-381426|Reactome:R-BTA-388844|Reactome:R-BTA-389948|Reactome:R-BTA-418594|Reactome:R-BTA-420029|Reactome:R-BTA-445355|Reactome:R-BTA-5576892|Reactome:R-BTA-5627123|Reactome:R-BTA-5628897|Reactome:R-BTA-5673001|Reactome:R-BTA-5690714|Reactome:R-BTA-6785807|Reactome:R-BTA-6798695|Reactome:R-BTA-6804756|Reactome:R-BTA-6811558|Reactome:R-BTA-77387|Reactome:R-BTA-8849932|Reactome:R-BTA-8856825|Reactome:R-BTA-8856828|Reactome:R-BTA-8932505|Reactome:R-BTA-8941856|Reactome:R-BTA-8957275|Reactome:R-BTA-8980692|Reactome:R-BTA-8983432|Reactome:R-BTA-8985947|Reactome:R-BTA-9013106|Reactome:R-BTA-9013404|Reactome:R-BTA-9013408|Reactome:R-BTA-9020558|Reactome:R-BTA-9020958|Reactome:R-BTA-909733|Reactome:R-BTA-912526|Reactome:R-BTA-912694|Reactome:R-BTA-9609523|Reactome:R-BTA-977606|Reactome:R-BTA-983168|Reactome:R-BTA-983170|Reactome:R-BTA-983695|Reactome:R-BTA-9927354|Reactome:R-BTA-9931269|Reactome:R-CEL-1257604|Reactome:R-CEL-1433557|Reactome:R-CEL-1433559|Reactome:R-CEL-1474228|Reactome:R-CEL-186763|Reactome:R-CEL-186797|Reactome:R-CEL-190322|Reactome:R-CEL-190370|Reactome:R-CEL-190371|Reactome:R-CEL-190372|Reactome:R-CEL-190373|Reactome:R-CEL-190375|Reactome:R-CEL-190377|Reactome:R-CEL-1971475|Reactome:R-CEL-2022928|Reactome:R-CEL-2024096|Reactome:R-CEL-209968|Reactome:R-CEL-210991|Reactome:R-CEL-216083|Reactome:R-CEL-2243919|Reactome:R-CEL-264876|Reactome:R-CEL-2682334|Reactome:R-CEL-3000171|Reactome:R-CEL-3000178|Reactome:R-CEL-373752|Reactome:R-CEL-373753|Reactome:R-CEL-375165|Reactome:R-CEL-376176|Reactome:R-CEL-388844|Reactome:R-CEL-3928662|Reactome:R-CEL-3928663|Reactome:R-CEL-3928664|Reactome:R-CEL-3928665|Reactome:R-CEL-399955|Reactome:R-CEL-399956|Reactome:R-CEL-416482|Reactome:R-CEL-416572|Reactome:R-CEL-416700|Reactome:R-CEL-418885|Reactome:R-CEL-419037|Reactome:R-CEL-428542|Reactome:R-CEL-433692|Reactome:R-CEL-4420097|Reactome:R-CEL-445144|Reactome:R-CEL-447043|Reactome:R-CEL-5140745|Reactome:R-CEL-5218920|Reactome:R-CEL-525793|Reactome:R-CEL-5620916|Reactome:R-CEL-5654219|Reactome:R-CEL-5654221|Reactome:R-CEL-5654227|Reactome:R-CEL-5654228|Reactome:R-CEL-5654689|Reactome:R-CEL-5654693|Reactome:R-CEL-5654695|Reactome:R-CEL-5654699|Reactome:R-CEL-5654700|Reactome:R-CEL-5654704|Reactome:R-CEL-5654706|Reactome:R-CEL-5654710|Reactome:R-CEL-5654712|Reactome:R-CEL-5654720|Reactome:R-CEL-5654726|Reactome:R-CEL-5654727|Reactome:R-CEL-5654732|Reactome:R-CEL-5654733|Reactome:R-CEL-5673001|Reactome:R-CEL-6798695|Reactome:R-CEL-6809371|Reactome:R-CEL-6811558|Reactome:R-CEL-77387|Reactome:R-CEL-8849932|Reactome:R-CEL-8853383|Reactome:R-CEL-8863795|Reactome:R-CEL-8941413|Reactome:R-CEL-9013149|Reactome:R-CEL-9013420|Reactome:R-CEL-9013423|Reactome:R-CEL-9013424|Reactome:R-CEL-913709|Reactome:R-CEL-9607240|Reactome:R-CEL-9749641|Reactome:R-CEL-9764561|Reactome:R-CEL-9772755|Reactome:R-CEL-9913351|Reactome:R-CFA-1257604|Reactome:R-CFA-1433557|Reactome:R-CFA-1433559|Reactome:R-CFA-198933|Reactome:R-CFA-2024096|Reactome:R-CFA-2024101|Reactome:R-CFA-202424|Reactome:R-CFA-202427|Reactome:R-CFA-202430|Reactome:R-CFA-202433|Reactome:R-CFA-216083|Reactome:R-CFA-389948|Reactome:R-CFA-5673001|Reactome:R-CFA-5690714|Reactome:R-CFA-6785807|Reactome:R-CFA-6788467|Reactome:R-CFA-6811558|Reactome:R-CFA-8932504|Reactome:R-CFA-8932505|Reactome:R-CFA-8932506|Reactome:R-CFA-9010553|Reactome:R-CFA-983170|Reactome:R-CFA-983695|Reactome:R-CFA-9856649|Reactome:R-CFA-9913351|Reactome:R-CFA-9927354|Reactome:R-CFA-9939291|Reactome:R-DDI-3295583|Reactome:R-DDI-5213460|Reactome:R-DDI-5673000|Reactome:R-DDI-5674135|Reactome:R-DDI-5675221|Reactome:R-DDI-5675482|Reactome:R-DME-109704|Reactome:R-DME-110478|Reactome:R-DME-114608|Reactome:R-DME-1169091|Reactome:R-DME-1227986|Reactome:R-DME-1236394|Reactome:R-DME-1250196|Reactome:R-DME-1250342|Reactome:R-DME-1250347|Reactome:R-DME-1257604|Reactome:R-DME-1307965|Reactome:R-DME-1358803|Reactome:R-DME-1474228|Reactome:R-DME-1810476|Reactome:R-DME-190322|Reactome:R-DME-190370|Reactome:R-DME-190371|Reactome:R-DME-190372|Reactome:R-DME-190373|Reactome:R-DME-190374|Reactome:R-DME-190375|Reactome:R-DME-190377|Reactome:R-DME-1963640|Reactome:R-DME-1963642|Reactome:R-DME-1971475|Reactome:R-DME-2022928|Reactome:R-DME-2024096|Reactome:R-DME-2024101|Reactome:R-DME-202424|Reactome:R-DME-202733|Reactome:R-DME-209209|Reactome:R-DME-209228|Reactome:R-DME-209338|Reactome:R-DME-209394|Reactome:R-DME-209400|Reactome:R-DME-209406|Reactome:R-DME-209560|Reactome:R-DME-209968|Reactome:R-DME-210688|Reactome:R-DME-210991|Reactome:R-DME-214399|Reactome:R-DME-214411|Reactome:R-DME-214416|Reactome:R-DME-214842|Reactome:R-DME-214844|Reactome:R-DME-214869|Reactome:R-DME-216083|Reactome:R-DME-264876|Reactome:R-DME-2871837|Reactome:R-DME-3000171|Reactome:R-DME-3000178|Reactome:R-DME-3134963|Reactome:R-DME-3214847|Reactome:R-DME-350054|Reactome:R-DME-373080|Reactome:R-DME-373752|Reactome:R-DME-373753|Reactome:R-DME-375165|Reactome:R-DME-376172|Reactome:R-DME-388844|Reactome:R-DME-416482|Reactome:R-DME-416572|Reactome:R-DME-416700|Reactome:R-DME-418990|Reactome:R-DME-419037|Reactome:R-DME-420597|Reactome:R-DME-428542|Reactome:R-DME-433692|Reactome:R-DME-445144|Reactome:R-DME-445989|Reactome:R-DME-446353|Reactome:R-DME-447043|Reactome:R-DME-4755510|Reactome:R-DME-5607761|Reactome:R-DME-5607764|Reactome:R-DME-5620916|Reactome:R-DME-5621575|Reactome:R-DME-5627123|Reactome:R-DME-5654219|Reactome:R-DME-5654221|Reactome:R-DME-5654227|Reactome:R-DME-5654228|Reactome:R-DME-5654687|Reactome:R-DME-5654688|Reactome:R-DME-5654689|Reactome:R-DME-5654693|Reactome:R-DME-5654695|Reactome:R-DME-5654699|Reactome:R-DME-5654700|Reactome:R-DME-5654704|Reactome:R-DME-5654706|Reactome:R-DME-5654710|Reactome:R-DME-5654712|Reactome:R-DME-5654719|Reactome:R-DME-5654720|Reactome:R-DME-5654726|Reactome:R-DME-5654727|Reactome:R-DME-5654732|Reactome:R-DME-5654733|Reactome:R-DME-5658623|Reactome:R-DME-5673001|Reactome:R-DME-5676590|Reactome:R-DME-5689603|Reactome:R-DME-6785631|Reactome:R-DME-6798695|Reactome:R-DME-6807878|Reactome:R-DME-6811558|Reactome:R-DME-77387|Reactome:R-DME-8849932|Reactome:R-DME-8863795|Reactome:R-DME-8941413|Reactome:R-DME-9009391|Reactome:R-DME-9020702|Reactome:R-DME-913709|Reactome:R-DME-933542|Reactome:R-DME-9749641|Reactome:R-DME-977068|Reactome:R-DME-9772755|Reactome:R-DME-983168|Reactome:R-DME-9860927|Reactome:R-DME-9913351|Reactome:R-DRE-109704|Reactome:R-DRE-1257604|Reactome:R-DRE-1300645|Reactome:R-DRE-1307965|Reactome:R-DRE-1433557|Reactome:R-DRE-1433559|Reactome:R-DRE-186763|Reactome:R-DRE-186797|Reactome:R-DRE-190322|Reactome:R-DRE-190370|Reactome:R-DRE-190371|Reactome:R-DRE-190372|Reactome:R-DRE-190373|Reactome:R-DRE-190374|Reactome:R-DRE-190375|Reactome:R-DRE-190377|Reactome:R-DRE-193648|Reactome:R-DRE-194306|Reactome:R-DRE-195399|Reactome:R-DRE-198933|Reactome:R-DRE-202733|Reactome:R-DRE-210993|Reactome:R-DRE-2132295|Reactome:R-DRE-216083|Reactome:R-DRE-2682334|Reactome:R-DRE-3214841|Reactome:R-DRE-381426|Reactome:R-DRE-388844|Reactome:R-DRE-3928662|Reactome:R-DRE-3928663|Reactome:R-DRE-3928664|Reactome:R-DRE-3928665|Reactome:R-DRE-399954|Reactome:R-DRE-399956|Reactome:R-DRE-416476|Reactome:R-DRE-416482|Reactome:R-DRE-416550|Reactome:R-DRE-416572|Reactome:R-DRE-418990|Reactome:R-DRE-420597|Reactome:R-DRE-4420097|Reactome:R-DRE-449836|Reactome:R-DRE-5218921|Reactome:R-DRE-5654219|Reactome:R-DRE-5654221|Reactome:R-DRE-5654227|Reactome:R-DRE-5654228|Reactome:R-DRE-5654687|Reactome:R-DRE-5654688|Reactome:R-DRE-5654689|Reactome:R-DRE-5654693|Reactome:R-DRE-5654695|Reactome:R-DRE-5654699|Reactome:R-DRE-5654700|Reactome:R-DRE-5654704|Reactome:R-DRE-5654706|Reactome:R-DRE-5654710|Reactome:R-DRE-5654712|Reactome:R-DRE-5654719|Reactome:R-DRE-5654720|Reactome:R-DRE-5654726|Reactome:R-DRE-5654727|Reactome:R-DRE-5654732|Reactome:R-DRE-5654733|Reactome:R-DRE-5673001|Reactome:R-DRE-6811558|Reactome:R-DRE-8849932|Reactome:R-DRE-8932505|Reactome:R-DRE-8957275|Reactome:R-DRE-8980692|Reactome:R-DRE-9007892|Reactome:R-DRE-9013148|Reactome:R-DRE-9013149|Reactome:R-DRE-9013404|Reactome:R-DRE-9013408|Reactome:R-DRE-9013409|Reactome:R-DRE-9013423|Reactome:R-DRE-983168|Reactome:R-DRE-9843940|Reactome:R-DRE-9843970|Reactome:R-DRE-9856649|Reactome:R-GGA-114608|Reactome:R-GGA-1227892|Reactome:R-GGA-1227986|Reactome:R-GGA-1236394|Reactome:R-GGA-1236974|Reactome:R-GGA-1236977|Reactome:R-GGA-1250196|Reactome:R-GGA-1250342|Reactome:R-GGA-1250347|Reactome:R-GGA-1257604|Reactome:R-GGA-1306955|Reactome:R-GGA-1358803|Reactome:R-GGA-1433557|Reactome:R-GGA-1433559|Reactome:R-GGA-1474228|Reactome:R-GGA-1566977|Reactome:R-GGA-163125|Reactome:R-GGA-190373|Reactome:R-GGA-193634|Reactome:R-GGA-1963640|Reactome:R-GGA-1963642|Reactome:R-GGA-198933|Reactome:R-GGA-202733|Reactome:R-GGA-210991|Reactome:R-GGA-2129379|Reactome:R-GGA-2132263|Reactome:R-GGA-2132286|Reactome:R-GGA-216083|Reactome:R-GGA-3000170|Reactome:R-GGA-3000178|Reactome:R-GGA-3214841|Reactome:R-GGA-354192|Reactome:R-GGA-354194|Reactome:R-GGA-372708|Reactome:R-GGA-373920|Reactome:R-GGA-381426|Reactome:R-GGA-388844|Reactome:R-GGA-433692|Reactome:R-GGA-434001|Reactome:R-GGA-434131|Reactome:R-GGA-449836|Reactome:R-GGA-5654726|Reactome:R-GGA-5673001|Reactome:R-GGA-5674135|Reactome:R-GGA-6785631|Reactome:R-GGA-6798695|Reactome:R-GGA-6811558|Reactome:R-GGA-8854691|Reactome:R-GGA-8863795|Reactome:R-GGA-8932505|Reactome:R-GGA-8957275|Reactome:R-GGA-9634597|Reactome:R-GGA-9749641|Reactome:R-GGA-983170|Reactome:R-GGA-9843940|Reactome:R-GGA-9843970|Reactome:R-GGA-9856649|Reactome:R-GGA-9860927|Reactome:R-HSA-1059683|Reactome:R-HSA-109704|Reactome:R-HSA-110056|Reactome:R-HSA-112411|Reactome:R-HSA-114604|Reactome:R-HSA-114608|Reactome:R-HSA-1169091|Reactome:R-HSA-1169408|Reactome:R-HSA-1170546|Reactome:R-HSA-1227986|Reactome:R-HSA-1236394|Reactome:R-HSA-1236974|Reactome:R-HSA-1236977|Reactome:R-HSA-1236978|Reactome:R-HSA-1250196|Reactome:R-HSA-1250342|Reactome:R-HSA-1250347|Reactome:R-HSA-1251985|Reactome:R-HSA-1257604|Reactome:R-HSA-1266695|Reactome:R-HSA-1300645|Reactome:R-HSA-1306955|Reactome:R-HSA-1307965|Reactome:R-HSA-1358803|Reactome:R-HSA-140834|Reactome:R-HSA-140837|Reactome:R-HSA-140875|Reactome:R-HSA-1433557|Reactome:R-HSA-1433559|Reactome:R-HSA-1442490|Reactome:R-HSA-1445148|Reactome:R-HSA-1462054|Reactome:R-HSA-1474228|Reactome:R-HSA-1483115|Reactome:R-HSA-1483152|Reactome:R-HSA-1566977|Reactome:R-HSA-163125|Reactome:R-HSA-1632852|Reactome:R-HSA-163680|Reactome:R-HSA-164939|Reactome:R-HSA-164940|Reactome:R-HSA-1650814|Reactome:R-HSA-1660499|Reactome:R-HSA-1660514|Reactome:R-HSA-166058|Reactome:R-HSA-1660661|Reactome:R-HSA-166663|Reactome:R-HSA-166665|Reactome:R-HSA-167021|Reactome:R-HSA-167044|Reactome:R-HSA-167590|Reactome:R-HSA-170968|Reactome:R-HSA-170984|Reactome:R-HSA-173107|Reactome:R-HSA-173623|Reactome:R-HSA-173736|Reactome:R-HSA-174577|Reactome:R-HSA-177504|Reactome:R-HSA-177929|Reactome:R-HSA-180534|Reactome:R-HSA-1810476|Reactome:R-HSA-181429|Reactome:R-HSA-181430|Reactome:R-HSA-182218|Reactome:R-HSA-182971|Reactome:R-HSA-1839120|Reactome:R-HSA-1839122|Reactome:R-HSA-1839128|Reactome:R-HSA-1839130|Reactome:R-HSA-1855183|Reactome:R-HSA-1855204|Reactome:R-HSA-186763|Reactome:R-HSA-186797|Reactome:R-HSA-187024|Reactome:R-HSA-187042|Reactome:R-HSA-187706|Reactome:R-HSA-190322|Reactome:R-HSA-190370|Reactome:R-HSA-190371|Reactome:R-HSA-190372|Reactome:R-HSA-190373|Reactome:R-HSA-190374|Reactome:R-HSA-190375|Reactome:R-HSA-190377|Reactome:R-HSA-1912408|Reactome:R-HSA-193634|Reactome:R-HSA-193648|Reactome:R-HSA-193692|Reactome:R-HSA-194306|Reactome:R-HSA-195399|Reactome:R-HSA-196108|Reactome:R-HSA-1963640|Reactome:R-HSA-1963642|Reactome:R-HSA-1971475|Reactome:R-HSA-198203|Reactome:R-HSA-198745|Reactome:R-HSA-198933|Reactome:R-HSA-200425|Reactome:R-HSA-2022090|Reactome:R-HSA-2022854|Reactome:R-HSA-2022857|Reactome:R-HSA-2022870|Reactome:R-HSA-2022923|Reactome:R-HSA-2022928|Reactome:R-HSA-2023837|Reactome:R-HSA-2024096|Reactome:R-HSA-2024101|Reactome:R-HSA-202424|Reactome:R-HSA-202427|Reactome:R-HSA-202430|Reactome:R-HSA-202433|Reactome:R-HSA-2025928|Reactome:R-HSA-202733|Reactome:R-HSA-2029481|Reactome:R-HSA-2029482|Reactome:R-HSA-2029485|Reactome:R-HSA-2033515|Reactome:R-HSA-2033519|Reactome:R-HSA-204005|Reactome:R-HSA-209560|Reactome:R-HSA-210500|Reactome:R-HSA-210744|Reactome:R-HSA-210990|Reactome:R-HSA-210991|Reactome:R-HSA-210993|Reactome:R-HSA-2122947|Reactome:R-HSA-2122948|Reactome:R-HSA-212676|Reactome:R-HSA-2129379|Reactome:R-HSA-2132295|Reactome:R-HSA-2151201|Reactome:R-HSA-2151209|Reactome:R-HSA-216083|Reactome:R-HSA-2160916|Reactome:R-HSA-2168880|Reactome:R-HSA-2172127|Reactome:R-HSA-2173791|Reactome:R-HSA-2197563|Reactome:R-HSA-2206292|Reactome:R-HSA-2206302|Reactome:R-HSA-2214320|Reactome:R-HSA-2219530|Reactome:R-HSA-2243919|Reactome:R-HSA-2404192|Reactome:R-HSA-2424491|Reactome:R-HSA-2428928|Reactome:R-HSA-2428933|Reactome:R-HSA-2454202|Reactome:R-HSA-2559582|Reactome:R-HSA-2565942|Reactome:R-HSA-2586552|Reactome:R-HSA-2644606|Reactome:R-HSA-264642|Reactome:R-HSA-264876|Reactome:R-HSA-2672351|Reactome:R-HSA-2682334|Reactome:R-HSA-2730905|Reactome:R-HSA-2871796|Reactome:R-HSA-2871809|Reactome:R-HSA-2871837|Reactome:R-HSA-2892247|Reactome:R-HSA-2894862|Reactome:R-HSA-2979096|Reactome:R-HSA-3000157|Reactome:R-HSA-3000170|Reactome:R-HSA-3000171|Reactome:R-HSA-3000178|Reactome:R-HSA-3134963|Reactome:R-HSA-3214841|Reactome:R-HSA-3214847|Reactome:R-HSA-3322077|Reactome:R-HSA-350054|Reactome:R-HSA-354192|Reactome:R-HSA-354194|Reactome:R-HSA-3560783|Reactome:R-HSA-3560801|Reactome:R-HSA-3595172|Reactome:R-HSA-3595174|Reactome:R-HSA-3595177|Reactome:R-HSA-3656225|Reactome:R-HSA-3656237|Reactome:R-HSA-3656243|Reactome:R-HSA-3656244|Reactome:R-HSA-3656253|Reactome:R-HSA-372708|Reactome:R-HSA-373752|Reactome:R-HSA-373753|Reactome:R-HSA-373756|Reactome:R-HSA-373760|Reactome:R-HSA-375165|Reactome:R-HSA-375276|Reactome:R-HSA-376172|Reactome:R-HSA-376176|Reactome:R-HSA-3785653|Reactome:R-HSA-380259|Reactome:R-HSA-380270|Reactome:R-HSA-380284|Reactome:R-HSA-380320|Reactome:R-HSA-380972|Reactome:R-HSA-381340|Reactome:R-HSA-381426|Reactome:R-HSA-3878781|Reactome:R-HSA-388844|Reactome:R-HSA-389356|Reactome:R-HSA-389357|Reactome:R-HSA-389359|Reactome:R-HSA-389513|Reactome:R-HSA-389948|Reactome:R-HSA-390522|Reactome:R-HSA-391160|Reactome:R-HSA-3928662|Reactome:R-HSA-3928663|Reactome:R-HSA-3928664|Reactome:R-HSA-3928665|Reactome:R-HSA-399954|Reactome:R-HSA-399955|Reactome:R-HSA-399956|Reactome:R-HSA-4086398|Reactome:R-HSA-4086400|Reactome:R-HSA-416476|Reactome:R-HSA-416482|Reactome:R-HSA-416550|Reactome:R-HSA-416572|Reactome:R-HSA-416700|Reactome:R-HSA-418594|Reactome:R-HSA-418885|Reactome:R-HSA-418886|Reactome:R-HSA-418889|Reactome:R-HSA-418890|Reactome:R-HSA-418990|Reactome:R-HSA-419037|Reactome:R-HSA-420029|Reactome:R-HSA-420597|Reactome:R-HSA-428540|Reactome:R-HSA-428542|Reactome:R-HSA-428543|Reactome:R-HSA-428890|Reactome:R-HSA-430116|Reactome:R-HSA-432142|Reactome:R-HSA-432722|Reactome:R-HSA-433692|Reactome:R-HSA-437239|Reactome:R-HSA-4420097|Reactome:R-HSA-4420332|Reactome:R-HSA-445095|Reactome:R-HSA-445144|Reactome:R-HSA-445355|Reactome:R-HSA-445989|Reactome:R-HSA-446107|Reactome:R-HSA-446353|Reactome:R-HSA-447038|Reactome:R-HSA-447041|Reactome:R-HSA-447043|Reactome:R-HSA-448706|Reactome:R-HSA-449836|Reactome:R-HSA-451927|Reactome:R-HSA-4755510|Reactome:R-HSA-5083628|Reactome:R-HSA-5083629|Reactome:R-HSA-5083633|Reactome:R-HSA-5083635|Reactome:R-HSA-512988|Reactome:R-HSA-5140745|Reactome:R-HSA-5173214|Reactome:R-HSA-5218921|Reactome:R-HSA-5223345|Reactome:R-HSA-525793|Reactome:R-HSA-5576892|Reactome:R-HSA-5603029|Reactome:R-HSA-5607761|Reactome:R-HSA-5607763|Reactome:R-HSA-5607764|Reactome:R-HSA-5619070|Reactome:R-HSA-5620912|Reactome:R-HSA-5620916|Reactome:R-HSA-5621575|Reactome:R-HSA-5627123|Reactome:R-HSA-5628897|Reactome:R-HSA-5632681|Reactome:R-HSA-5635838|Reactome:R-HSA-5654219|Reactome:R-HSA-5654221|Reactome:R-HSA-5654227|Reactome:R-HSA-5654228|Reactome:R-HSA-5654687|Reactome:R-HSA-5654688|Reactome:R-HSA-5654689|Reactome:R-HSA-5654693|Reactome:R-HSA-5654695|Reactome:R-HSA-5654699|Reactome:R-HSA-5654700|Reactome:R-HSA-5654704|Reactome:R-HSA-5654706|Reactome:R-HSA-5654710|Reactome:R-HSA-5654712|Reactome:R-HSA-5654719|Reactome:R-HSA-5654720|Reactome:R-HSA-5654726|Reactome:R-HSA-5654727|Reactome:R-HSA-5654732|Reactome:R-HSA-5654733|Reactome:R-HSA-5655253|Reactome:R-HSA-5655291|Reactome:R-HSA-5655302|Reactome:R-HSA-5655332|Reactome:R-HSA-5658623|Reactome:R-HSA-5660668|Reactome:R-HSA-5673001|Reactome:R-HSA-5674135|Reactome:R-HSA-5676590|Reactome:R-HSA-5683826|Reactome:R-HSA-5684264|Reactome:R-HSA-5687128|Reactome:R-HSA-5688849|Reactome:R-HSA-5688890|Reactome:R-HSA-5689603|Reactome:R-HSA-5690714|Reactome:R-HSA-5694530|Reactome:R-HSA-6783783|Reactome:R-HSA-6785631|Reactome:R-HSA-6785807|Reactome:R-HSA-6788467|Reactome:R-HSA-6798695|Reactome:R-HSA-6802946|Reactome:R-HSA-6802948|Reactome:R-HSA-6802952|Reactome:R-HSA-6802955|Reactome:R-HSA-6804756|Reactome:R-HSA-6806942|Reactome:R-HSA-6807004|Reactome:R-HSA-6809371|Reactome:R-HSA-6811558|Reactome:R-HSA-74713|Reactome:R-HSA-74749|Reactome:R-HSA-74751|Reactome:R-HSA-74752|Reactome:R-HSA-75892|Reactome:R-HSA-76009|Reactome:R-HSA-77387|Reactome:R-HSA-844456|Reactome:R-HSA-877300|Reactome:R-HSA-877312|Reactome:R-HSA-879415|Reactome:R-HSA-8847993|Reactome:R-HSA-8849932|Reactome:R-HSA-8851680|Reactome:R-HSA-8851708|Reactome:R-HSA-8851805|Reactome:R-HSA-8851907|Reactome:R-HSA-8852405|Reactome:R-HSA-8853333|Reactome:R-HSA-8853334|Reactome:R-HSA-8853336|Reactome:R-HSA-8853383|Reactome:R-HSA-8853884|Reactome:R-HSA-8854518|Reactome:R-HSA-8854691|Reactome:R-HSA-8856825|Reactome:R-HSA-8856828|Reactome:R-HSA-8857538|Reactome:R-HSA-8863795|Reactome:R-HSA-8865999|Reactome:R-HSA-8866654|Reactome:R-HSA-8866910|Reactome:R-HSA-8874081|Reactome:R-HSA-8875360|Reactome:R-HSA-8875513|Reactome:R-HSA-8875555|Reactome:R-HSA-8875656|Reactome:R-HSA-8875791|Reactome:R-HSA-8877330|Reactome:R-HSA-8932504|Reactome:R-HSA-8932505|Reactome:R-HSA-8932506|Reactome:R-HSA-8939247|Reactome:R-HSA-8941856|Reactome:R-HSA-8948216|Reactome:R-HSA-8951664|Reactome:R-HSA-8957275|Reactome:R-HSA-8963896|Reactome:R-HSA-8964038|Reactome:R-HSA-8964046|Reactome:R-HSA-8980692|Reactome:R-HSA-8983432|Reactome:R-HSA-8983711|Reactome:R-HSA-8984722|Reactome:R-HSA-8985586|Reactome:R-HSA-8985801|Reactome:R-HSA-8985947|Reactome:R-HSA-9006335|Reactome:R-HSA-9007892|Reactome:R-HSA-9008059|Reactome:R-HSA-9009391|Reactome:R-HSA-9010553|Reactome:R-HSA-9010642|Reactome:R-HSA-9012546|Reactome:R-HSA-9013026|Reactome:R-HSA-9013106|Reactome:R-HSA-9013148|Reactome:R-HSA-9013149|Reactome:R-HSA-9013404|Reactome:R-HSA-9013405|Reactome:R-HSA-9013406|Reactome:R-HSA-9013408|Reactome:R-HSA-9013409|Reactome:R-HSA-9013420|Reactome:R-HSA-9013423|Reactome:R-HSA-9013424|Reactome:R-HSA-9013508|Reactome:R-HSA-9013695|Reactome:R-HSA-9014826|Reactome:R-HSA-9014843|Reactome:R-HSA-9020558|Reactome:R-HSA-9020591|Reactome:R-HSA-9020702|Reactome:R-HSA-9020933|Reactome:R-HSA-9020956|Reactome:R-HSA-9020958|Reactome:R-HSA-9022699|Reactome:R-HSA-9024909|Reactome:R-HSA-9025046|Reactome:R-HSA-9026357|Reactome:R-HSA-9026519|Reactome:R-HSA-9026527|Reactome:R-HSA-9027276|Reactome:R-HSA-9027277|Reactome:R-HSA-9027283|Reactome:R-HSA-9027284|Reactome:R-HSA-9028335|Reactome:R-HSA-9028731|Reactome:R-HSA-9031628|Reactome:R-HSA-9032500|Reactome:R-HSA-9032759|Reactome:R-HSA-9032845|Reactome:R-HSA-9034013|Reactome:R-HSA-9034015|Reactome:R-HSA-9034793|Reactome:R-HSA-9034864|Reactome:R-HSA-9035034|Reactome:R-HSA-909733|Reactome:R-HSA-912526|Reactome:R-HSA-912694|Reactome:R-HSA-917977|Reactome:R-HSA-933542|Reactome:R-HSA-9603381|Reactome:R-HSA-9603505|Reactome:R-HSA-9607240|Reactome:R-HSA-9609523|Reactome:R-HSA-9609690|Reactome:R-HSA-9610379|Reactome:R-HSA-9613354|Reactome:R-HSA-9615017|Reactome:R-HSA-9616222|Reactome:R-HSA-9619483|Reactome:R-HSA-9619665|Reactome:R-HSA-9620244|Reactome:R-HSA-9634597|Reactome:R-HSA-9637628|Reactome:R-HSA-9638334|Reactome:R-HSA-9638630|Reactome:R-HSA-9645135|Reactome:R-HSA-9649948|Reactome:R-HSA-9656223|Reactome:R-HSA-9660826|Reactome:R-HSA-9664323|Reactome:R-HSA-9664422|Reactome:R-HSA-9664565|Reactome:R-HSA-9664873|Reactome:R-HSA-9665686|Reactome:R-HSA-9669914|Reactome:R-HSA-9669917|Reactome:R-HSA-9669921|Reactome:R-HSA-9669924|Reactome:R-HSA-9669926|Reactome:R-HSA-9669929|Reactome:R-HSA-9669933|Reactome:R-HSA-9669934|Reactome:R-HSA-9669935|Reactome:R-HSA-9669936|Reactome:R-HSA-9670439|Reactome:R-HSA-9673767|Reactome:R-HSA-9673768|Reactome:R-HSA-9673770|Reactome:R-HSA-9674396|Reactome:R-HSA-9674401|Reactome:R-HSA-9674403|Reactome:R-HSA-9674404|Reactome:R-HSA-9674428|Reactome:R-HSA-9674555|Reactome:R-HSA-9679191|Reactome:R-HSA-9680187|Reactome:R-HSA-9680350|Reactome:R-HSA-9692916|Reactome:R-HSA-9694614|Reactome:R-HSA-9696264|Reactome:R-HSA-9696270|Reactome:R-HSA-9696273|Reactome:R-HSA-9700645|Reactome:R-HSA-9701898|Reactome:R-HSA-9702509|Reactome:R-HSA-9702518|Reactome:R-HSA-9702569|Reactome:R-HSA-9702577|Reactome:R-HSA-9702581|Reactome:R-HSA-9702590|Reactome:R-HSA-9702596|Reactome:R-HSA-9702600|Reactome:R-HSA-9702605|Reactome:R-HSA-9702614|Reactome:R-HSA-9702620|Reactome:R-HSA-9702624|Reactome:R-HSA-9702632|Reactome:R-HSA-9702636|Reactome:R-HSA-9702998|Reactome:R-HSA-9703009|Reactome:R-HSA-9703648|Reactome:R-HSA-9705462|Reactome:R-HSA-9705671|Reactome:R-HSA-9706369|Reactome:R-HSA-9706374|Reactome:R-HSA-9706377|Reactome:R-HSA-9717207|Reactome:R-HSA-9725370|Reactome:R-HSA-9725371|Reactome:R-HSA-9725554|Reactome:R-HSA-9732724|Reactome:R-HSA-9734091|Reactome:R-HSA-9749641|Reactome:R-HSA-9752946|Reactome:R-HSA-975634|Reactome:R-HSA-9758919|Reactome:R-HSA-977225|Reactome:R-HSA-9772755|Reactome:R-HSA-977443|Reactome:R-HSA-977606|Reactome:R-HSA-9793380|Reactome:R-HSA-9818749|Reactome:R-HSA-9820960|Reactome:R-HSA-9824272|Reactome:R-HSA-9824585|Reactome:R-HSA-9825892|Reactome:R-HSA-982772|Reactome:R-HSA-9830674|Reactome:R-HSA-983168|Reactome:R-HSA-983170|Reactome:R-HSA-9833109|Reactome:R-HSA-9833110|Reactome:R-HSA-983695|Reactome:R-HSA-9843940|Reactome:R-HSA-9843970|Reactome:R-HSA-9844594|Reactome:R-HSA-9851151|Reactome:R-HSA-9854909|Reactome:R-HSA-9856530|Reactome:R-HSA-9856532|Reactome:R-HSA-9856649|Reactome:R-HSA-9860927|Reactome:R-HSA-9909620|Reactome:R-HSA-9909649|Reactome:R-HSA-9913351|Reactome:R-HSA-9918481|Reactome:R-HSA-9918485|Reactome:R-HSA-9920588|Reactome:R-HSA-9925563|Reactome:R-HSA-9926550|Reactome:R-HSA-9927353|Reactome:R-HSA-9927354|Reactome:R-HSA-9927418|Reactome:R-HSA-9927426|Reactome:R-HSA-9929356|Reactome:R-HSA-9929491|Reactome:R-HSA-9931269|Reactome:R-HSA-9931295|Reactome:R-HSA-9939291|Reactome:R-HSA-9942503|Reactome:R-HSA-9953038|Reactome:R-HSA-9953080|Reactome:R-MMU-1059683|Reactome:R-MMU-109704|Reactome:R-MMU-110056|Reactome:R-MMU-112411|Reactome:R-MMU-114604|Reactome:R-MMU-114608|Reactome:R-MMU-1169091|Reactome:R-MMU-1169408|Reactome:R-MMU-1170546|Reactome:R-MMU-1227986|Reactome:R-MMU-1236394|Reactome:R-MMU-1236974|Reactome:R-MMU-1236977|Reactome:R-MMU-1236978|Reactome:R-MMU-1250196|Reactome:R-MMU-1250342|Reactome:R-MMU-1250347|Reactome:R-MMU-1257604|Reactome:R-MMU-1266695|Reactome:R-MMU-1306955|Reactome:R-MMU-1307965|Reactome:R-MMU-1358803|Reactome:R-MMU-140834|Reactome:R-MMU-140837|Reactome:R-MMU-140875|Reactome:R-MMU-1433557|Reactome:R-MMU-1433559|Reactome:R-MMU-1442490|Reactome:R-MMU-1462054|Reactome:R-MMU-1474228|Reactome:R-MMU-1566977|Reactome:R-MMU-163125|Reactome:R-MMU-1632852|Reactome:R-MMU-163680|Reactome:R-MMU-1650814|Reactome:R-MMU-1660499|Reactome:R-MMU-1660514|Reactome:R-MMU-166663|Reactome:R-MMU-166665|Reactome:R-MMU-170968|Reactome:R-MMU-170984|Reactome:R-MMU-173623|Reactome:R-MMU-173736|Reactome:R-MMU-174577|Reactome:R-MMU-177504|Reactome:R-MMU-177929|Reactome:R-MMU-1810476|Reactome:R-MMU-181429|Reactome:R-MMU-181430|Reactome:R-MMU-182971|Reactome:R-MMU-1855183|Reactome:R-MMU-1855204|Reactome:R-MMU-186763|Reactome:R-MMU-186797|Reactome:R-MMU-187042|Reactome:R-MMU-190322|Reactome:R-MMU-190370|Reactome:R-MMU-190371|Reactome:R-MMU-190372|Reactome:R-MMU-190373|Reactome:R-MMU-190374|Reactome:R-MMU-190375|Reactome:R-MMU-190377|Reactome:R-MMU-193634|Reactome:R-MMU-193648|Reactome:R-MMU-193692|Reactome:R-MMU-194306|Reactome:R-MMU-195399|Reactome:R-MMU-196108|Reactome:R-MMU-1963640|Reactome:R-MMU-1963642|Reactome:R-MMU-1971475|Reactome:R-MMU-198203|Reactome:R-MMU-198933|Reactome:R-MMU-200425|Reactome:R-MMU-2022854|Reactome:R-MMU-2022857|Reactome:R-MMU-2022870|Reactome:R-MMU-2022923|Reactome:R-MMU-2024096|Reactome:R-MMU-2024101|Reactome:R-MMU-202424|Reactome:R-MMU-202427|Reactome:R-MMU-202430|Reactome:R-MMU-202433|Reactome:R-MMU-2025928|Reactome:R-MMU-202733|Reactome:R-MMU-2029481|Reactome:R-MMU-2029482|Reactome:R-MMU-2029485|Reactome:R-MMU-204005|Reactome:R-MMU-209560|Reactome:R-MMU-210500|Reactome:R-MMU-210990|Reactome:R-MMU-210991|Reactome:R-MMU-210993|Reactome:R-MMU-2122947|Reactome:R-MMU-212676|Reactome:R-MMU-2129379|Reactome:R-MMU-2132295|Reactome:R-MMU-216083|Reactome:R-MMU-2160916|Reactome:R-MMU-2168880|Reactome:R-MMU-2172127|Reactome:R-MMU-2173791|Reactome:R-MMU-2214320|Reactome:R-MMU-2243919|Reactome:R-MMU-2404192|Reactome:R-MMU-2424491|Reactome:R-MMU-2428928|Reactome:R-MMU-2428933|Reactome:R-MMU-2454202|Reactome:R-MMU-264642|Reactome:R-MMU-264876|Reactome:R-MMU-2672351|Reactome:R-MMU-2682334|Reactome:R-MMU-2730905|Reactome:R-MMU-2871796|Reactome:R-MMU-2871809|Reactome:R-MMU-2871837|Reactome:R-MMU-3000170|Reactome:R-MMU-3000178|Reactome:R-MMU-3134963|Reactome:R-MMU-3214841|Reactome:R-MMU-3214847|Reactome:R-MMU-3322077|Reactome:R-MMU-350054|Reactome:R-MMU-354192|Reactome:R-MMU-354194|Reactome:R-MMU-372708|Reactome:R-MMU-373752|Reactome:R-MMU-373753|Reactome:R-MMU-373756|Reactome:R-MMU-373760|Reactome:R-MMU-375165|Reactome:R-MMU-375276|Reactome:R-MMU-376172|Reactome:R-MMU-376176|Reactome:R-MMU-380972|Reactome:R-MMU-381426|Reactome:R-MMU-388844|Reactome:R-MMU-389356|Reactome:R-MMU-389357|Reactome:R-MMU-389359|Reactome:R-MMU-389513|Reactome:R-MMU-389948|Reactome:R-MMU-390522|Reactome:R-MMU-391160|Reactome:R-MMU-3928662|Reactome:R-MMU-3928663|Reactome:R-MMU-3928664|Reactome:R-MMU-3928665|Reactome:R-MMU-399954|Reactome:R-MMU-399955|Reactome:R-MMU-399956|Reactome:R-MMU-4086398|Reactome:R-MMU-416476|Reactome:R-MMU-416482|Reactome:R-MMU-416550|Reactome:R-MMU-416572|Reactome:R-MMU-416700|Reactome:R-MMU-418594|Reactome:R-MMU-418885|Reactome:R-MMU-418889|Reactome:R-MMU-418990|Reactome:R-MMU-419037|Reactome:R-MMU-420029|Reactome:R-MMU-420597|Reactome:R-MMU-428890|Reactome:R-MMU-430116|Reactome:R-MMU-432142|Reactome:R-MMU-432722|Reactome:R-MMU-433692|Reactome:R-MMU-437239|Reactome:R-MMU-4420097|Reactome:R-MMU-445095|Reactome:R-MMU-445144|Reactome:R-MMU-445355|Reactome:R-MMU-445989|Reactome:R-MMU-446107|Reactome:R-MMU-446353|Reactome:R-MMU-447043|Reactome:R-MMU-448706|Reactome:R-MMU-449836|Reactome:R-MMU-4755510|Reactome:R-MMU-512988|Reactome:R-MMU-5140745|Reactome:R-MMU-5173214|Reactome:R-MMU-5218921|Reactome:R-MMU-5223345|Reactome:R-MMU-525793|Reactome:R-MMU-5607761|Reactome:R-MMU-5607763|Reactome:R-MMU-5607764|Reactome:R-MMU-5620916|Reactome:R-MMU-5621575|Reactome:R-MMU-5627123|Reactome:R-MMU-5628897|Reactome:R-MMU-5632681|Reactome:R-MMU-5635838|Reactome:R-MMU-5654219|Reactome:R-MMU-5654221|Reactome:R-MMU-5654227|Reactome:R-MMU-5654228|Reactome:R-MMU-5654687|Reactome:R-MMU-5654688|Reactome:R-MMU-5654689|Reactome:R-MMU-5654693|Reactome:R-MMU-5654695|Reactome:R-MMU-5654699|Reactome:R-MMU-5654700|Reactome:R-MMU-5654704|Reactome:R-MMU-5654706|Reactome:R-MMU-5654710|Reactome:R-MMU-5654712|Reactome:R-MMU-5654719|Reactome:R-MMU-5654720|Reactome:R-MMU-5654726|Reactome:R-MMU-5654727|Reactome:R-MMU-5654732|Reactome:R-MMU-5654733|Reactome:R-MMU-5658623|Reactome:R-MMU-5660668|Reactome:R-MMU-5673001|Reactome:R-MMU-5674135|Reactome:R-MMU-5676590|Reactome:R-MMU-5683826|Reactome:R-MMU-5684264|Reactome:R-MMU-5687128|Reactome:R-MMU-5689603|Reactome:R-MMU-5690714|Reactome:R-MMU-5694530|Reactome:R-MMU-6783783|Reactome:R-MMU-6785631|Reactome:R-MMU-6785807|Reactome:R-MMU-6788467|Reactome:R-MMU-6798695|Reactome:R-MMU-6804756|Reactome:R-MMU-6806942|Reactome:R-MMU-6807004|Reactome:R-MMU-6809371|Reactome:R-MMU-6811558|Reactome:R-MMU-74713|Reactome:R-MMU-74749|Reactome:R-MMU-74751|Reactome:R-MMU-74752|Reactome:R-MMU-75892|Reactome:R-MMU-77387|Reactome:R-MMU-877300|Reactome:R-MMU-877312|Reactome:R-MMU-879415|Reactome:R-MMU-8847993|Reactome:R-MMU-8849932|Reactome:R-MMU-8851680|Reactome:R-MMU-8851805|Reactome:R-MMU-8851907|Reactome:R-MMU-8852405|Reactome:R-MMU-8853383|Reactome:R-MMU-8854691|Reactome:R-MMU-8856825|Reactome:R-MMU-8856828|Reactome:R-MMU-8857538|Reactome:R-MMU-8863795|Reactome:R-MMU-8865999|Reactome:R-MMU-8874081|Reactome:R-MMU-8875513|Reactome:R-MMU-8875555|Reactome:R-MMU-8875656|Reactome:R-MMU-8875791|Reactome:R-MMU-8932504|Reactome:R-MMU-8932505|Reactome:R-MMU-8932506|Reactome:R-MMU-8941856|Reactome:R-MMU-8948216|Reactome:R-MMU-8957275|Reactome:R-MMU-8963896|Reactome:R-MMU-8980692|Reactome:R-MMU-8983432|Reactome:R-MMU-8984722|Reactome:R-MMU-8985586|Reactome:R-MMU-8985947|Reactome:R-MMU-9006335|Reactome:R-MMU-9007892|Reactome:R-MMU-9009391|Reactome:R-MMU-9010553|Reactome:R-MMU-9012546|Reactome:R-MMU-9013026|Reactome:R-MMU-9013106|Reactome:R-MMU-9013148|Reactome:R-MMU-9013149|Reactome:R-MMU-9013404|Reactome:R-MMU-9013406|Reactome:R-MMU-9013408|Reactome:R-MMU-9013409|Reactome:R-MMU-9013420|Reactome:R-MMU-9013423|Reactome:R-MMU-9013424|Reactome:R-MMU-9014826|Reactome:R-MMU-9014843|Reactome:R-MMU-9020558|Reactome:R-MMU-9020591|Reactome:R-MMU-9020702|Reactome:R-MMU-9020933|Reactome:R-MMU-9020956|Reactome:R-MMU-9020958|Reactome:R-MMU-9026527|Reactome:R-MMU-9027276|Reactome:R-MMU-9027284|Reactome:R-MMU-9028731|Reactome:R-MMU-9032759|Reactome:R-MMU-9034013|Reactome:R-MMU-9034793|Reactome:R-MMU-9035034|Reactome:R-MMU-909733|Reactome:R-MMU-912526|Reactome:R-MMU-912694|Reactome:R-MMU-917977|Reactome:R-MMU-933542|Reactome:R-MMU-9603381|Reactome:R-MMU-9607240|Reactome:R-MMU-9609523|Reactome:R-MMU-9634597|Reactome:R-MMU-9664873|Reactome:R-MMU-9696264|Reactome:R-MMU-9696270|Reactome:R-MMU-9696273|Reactome:R-MMU-9706369|Reactome:R-MMU-9706374|Reactome:R-MMU-9732724|Reactome:R-MMU-9734091|Reactome:R-MMU-9749641|Reactome:R-MMU-9772755|Reactome:R-MMU-977606|Reactome:R-MMU-982772|Reactome:R-MMU-983168|Reactome:R-MMU-983170|Reactome:R-MMU-983695|Reactome:R-MMU-9843940|Reactome:R-MMU-9851151|Reactome:R-MMU-9856649|Reactome:R-MMU-9860927|Reactome:R-MMU-9913351|Reactome:R-MMU-9927353|Reactome:R-MMU-9927354|Reactome:R-MMU-9929356|Reactome:R-MMU-9929491|Reactome:R-MMU-9931269|Reactome:R-MMU-9931295|Reactome:R-MMU-9939291|Reactome:R-MTU-868688|Reactome:R-RNO-1059683|Reactome:R-RNO-109704|Reactome:R-RNO-110056|Reactome:R-RNO-112411|Reactome:R-RNO-114608|Reactome:R-RNO-1169091|Reactome:R-RNO-1170546|Reactome:R-RNO-1227986|Reactome:R-RNO-1236394|Reactome:R-RNO-1236974|Reactome:R-RNO-1236977|Reactome:R-RNO-1250196|Reactome:R-RNO-1250342|Reactome:R-RNO-1250347|Reactome:R-RNO-1257604|Reactome:R-RNO-1306955|Reactome:R-RNO-1307965|Reactome:R-RNO-1358803|Reactome:R-RNO-140834|Reactome:R-RNO-140837|Reactome:R-RNO-140875|Reactome:R-RNO-1462054|Reactome:R-RNO-1474228|Reactome:R-RNO-1566977|Reactome:R-RNO-163125|Reactome:R-RNO-1632852|Reactome:R-RNO-163680|Reactome:R-RNO-1660499|Reactome:R-RNO-1660514|Reactome:R-RNO-166663|Reactome:R-RNO-166665|Reactome:R-RNO-170968|Reactome:R-RNO-170984|Reactome:R-RNO-173623|Reactome:R-RNO-173736|Reactome:R-RNO-174577|Reactome:R-RNO-177504|Reactome:R-RNO-1810476|Reactome:R-RNO-181429|Reactome:R-RNO-181430|Reactome:R-RNO-1855183|Reactome:R-RNO-1855204|Reactome:R-RNO-186763|Reactome:R-RNO-186797|Reactome:R-RNO-187042|Reactome:R-RNO-190322|Reactome:R-RNO-190370|Reactome:R-RNO-190373|Reactome:R-RNO-190374|Reactome:R-RNO-193634|Reactome:R-RNO-193648|Reactome:R-RNO-193692|Reactome:R-RNO-194306|Reactome:R-RNO-195399|Reactome:R-RNO-196108|Reactome:R-RNO-1963640|Reactome:R-RNO-1963642|Reactome:R-RNO-1971475|Reactome:R-RNO-198203|Reactome:R-RNO-198933|Reactome:R-RNO-200425|Reactome:R-RNO-2022854|Reactome:R-RNO-2022857|Reactome:R-RNO-2022870|Reactome:R-RNO-2022923|Reactome:R-RNO-2024101|Reactome:R-RNO-202424|Reactome:R-RNO-202427|Reactome:R-RNO-202430|Reactome:R-RNO-202433|Reactome:R-RNO-2025928|Reactome:R-RNO-202733|Reactome:R-RNO-2029481|Reactome:R-RNO-2029482|Reactome:R-RNO-2029485|Reactome:R-RNO-209560|Reactome:R-RNO-210500|Reactome:R-RNO-210990|Reactome:R-RNO-210991|Reactome:R-RNO-212676|Reactome:R-RNO-2129379|Reactome:R-RNO-2132295|Reactome:R-RNO-216083|Reactome:R-RNO-2160916|Reactome:R-RNO-2172127|Reactome:R-RNO-2173791|Reactome:R-RNO-2404192|Reactome:R-RNO-2424491|Reactome:R-RNO-2428928|Reactome:R-RNO-2428933|Reactome:R-RNO-2454202|Reactome:R-RNO-264642|Reactome:R-RNO-264876|Reactome:R-RNO-2682334|Reactome:R-RNO-2730905|Reactome:R-RNO-2871796|Reactome:R-RNO-2871809|Reactome:R-RNO-2871837|Reactome:R-RNO-3000170|Reactome:R-RNO-3000178|Reactome:R-RNO-3134963|Reactome:R-RNO-3214841|Reactome:R-RNO-3214847|Reactome:R-RNO-354192|Reactome:R-RNO-354194|Reactome:R-RNO-372708|Reactome:R-RNO-373752|Reactome:R-RNO-373753|Reactome:R-RNO-373760|Reactome:R-RNO-375165|Reactome:R-RNO-375276|Reactome:R-RNO-376172|Reactome:R-RNO-380972|Reactome:R-RNO-381426|Reactome:R-RNO-388844|Reactome:R-RNO-389356|Reactome:R-RNO-389357|Reactome:R-RNO-389359|Reactome:R-RNO-389948|Reactome:R-RNO-390522|Reactome:R-RNO-391160|Reactome:R-RNO-3928662|Reactome:R-RNO-3928663|Reactome:R-RNO-3928664|Reactome:R-RNO-3928665|Reactome:R-RNO-399954|Reactome:R-RNO-399955|Reactome:R-RNO-399956|Reactome:R-RNO-416476|Reactome:R-RNO-416482|Reactome:R-RNO-416550|Reactome:R-RNO-416700|Reactome:R-RNO-418594|Reactome:R-RNO-418885|Reactome:R-RNO-418889|Reactome:R-RNO-418990|Reactome:R-RNO-419037|Reactome:R-RNO-420029|Reactome:R-RNO-420597|Reactome:R-RNO-432142|Reactome:R-RNO-432722|Reactome:R-RNO-433692|Reactome:R-RNO-437239|Reactome:R-RNO-4420097|Reactome:R-RNO-445095|Reactome:R-RNO-445144|Reactome:R-RNO-445989|Reactome:R-RNO-446107|Reactome:R-RNO-446353|Reactome:R-RNO-447043|Reactome:R-RNO-448706|Reactome:R-RNO-449836|Reactome:R-RNO-5218921|Reactome:R-RNO-5223345|Reactome:R-RNO-525793|Reactome:R-RNO-5607763|Reactome:R-RNO-5607764|Reactome:R-RNO-5620916|Reactome:R-RNO-5621575|Reactome:R-RNO-5628897|Reactome:R-RNO-5632681|Reactome:R-RNO-5654219|Reactome:R-RNO-5654228|Reactome:R-RNO-5654687|Reactome:R-RNO-5654688|Reactome:R-RNO-5654689|Reactome:R-RNO-5654693|Reactome:R-RNO-5654712|Reactome:R-RNO-5654719|Reactome:R-RNO-5654720|Reactome:R-RNO-5654726|Reactome:R-RNO-5654733|Reactome:R-RNO-5658623|Reactome:R-RNO-5673001|Reactome:R-RNO-5674135|Reactome:R-RNO-5683826|Reactome:R-RNO-5684264|Reactome:R-RNO-5687128|Reactome:R-RNO-5689603|Reactome:R-RNO-6785631|Reactome:R-RNO-6785807|Reactome:R-RNO-6788467|Reactome:R-RNO-6798695|Reactome:R-RNO-6804756|Reactome:R-RNO-6806942|Reactome:R-RNO-6807004|Reactome:R-RNO-6809371|Reactome:R-RNO-6811558|Reactome:R-RNO-74713|Reactome:R-RNO-74749|Reactome:R-RNO-74751|Reactome:R-RNO-74752|Reactome:R-RNO-77387|Reactome:R-RNO-879415|Reactome:R-RNO-8847993|Reactome:R-RNO-8849932|Reactome:R-RNO-8851680|Reactome:R-RNO-8851805|Reactome:R-RNO-8851907|Reactome:R-RNO-8853383|Reactome:R-RNO-8854691|Reactome:R-RNO-8856825|Reactome:R-RNO-8856828|Reactome:R-RNO-8857538|Reactome:R-RNO-8863795|Reactome:R-RNO-8865999|Reactome:R-RNO-8874081|Reactome:R-RNO-8875513|Reactome:R-RNO-8875555|Reactome:R-RNO-8875656|Reactome:R-RNO-8875791|Reactome:R-RNO-8932505|Reactome:R-RNO-8951664|Reactome:R-RNO-8957275|Reactome:R-RNO-8963896|Reactome:R-RNO-8980692|Reactome:R-RNO-8983432|Reactome:R-RNO-8984722|Reactome:R-RNO-9006335|Reactome:R-RNO-9007892|Reactome:R-RNO-9009391|Reactome:R-RNO-9013026|Reactome:R-RNO-9013106|Reactome:R-RNO-9013148|Reactome:R-RNO-9013149|Reactome:R-RNO-9013404|Reactome:R-RNO-9013408|Reactome:R-RNO-9013409|Reactome:R-RNO-9013423|Reactome:R-RNO-9014826|Reactome:R-RNO-9014843|Reactome:R-RNO-9020558|Reactome:R-RNO-9020702|Reactome:R-RNO-9020956|Reactome:R-RNO-9026527|Reactome:R-RNO-9027276|Reactome:R-RNO-9027284|Reactome:R-RNO-9028731|Reactome:R-RNO-9032759|Reactome:R-RNO-9034013|Reactome:R-RNO-9034793|Reactome:R-RNO-9035034|Reactome:R-RNO-912526|Reactome:R-RNO-917977|Reactome:R-RNO-933542|Reactome:R-RNO-9603381|Reactome:R-RNO-9609523|Reactome:R-RNO-9634597|Reactome:R-RNO-9664873|Reactome:R-RNO-9734091|Reactome:R-RNO-9749641|Reactome:R-RNO-9772755|Reactome:R-RNO-977606|Reactome:R-RNO-982772|Reactome:R-RNO-983168|Reactome:R-RNO-983170|Reactome:R-RNO-9851151|Reactome:R-RNO-9860927|Reactome:R-RNO-9927353|Reactome:R-RNO-9927354|Reactome:R-RNO-9931269|Reactome:R-SCE-1632852|Reactome:R-SCE-163680|Reactome:R-SCE-200425|Reactome:R-SCE-3322077|Reactome:R-SCE-380972|Reactome:R-SCE-6798695|Reactome:R-SCE-8948751|Reactome:R-SCE-9013106|Reactome:R-SCE-9609523|Reactome:R-SPO-1632852|Reactome:R-SPO-163680|Reactome:R-SPO-200425|Reactome:R-SPO-380972|Reactome:R-SPO-5628897|Reactome:R-SPO-6798695|Reactome:R-SPO-9609523|Reactome:R-SPO-9664873|Reactome:R-SSC-114608|Reactome:R-SSC-1170546|Reactome:R-SSC-1236974|Reactome:R-SSC-1236977|Reactome:R-SSC-1257604|Reactome:R-SSC-1474228|Reactome:R-SSC-173623|Reactome:R-SSC-198933|Reactome:R-SSC-2022854|Reactome:R-SSC-2022857|Reactome:R-SSC-2024101|Reactome:R-SSC-202424|Reactome:R-SSC-202427|Reactome:R-SSC-202430|Reactome:R-SSC-202433|Reactome:R-SSC-202733|Reactome:R-SSC-2029481|Reactome:R-SSC-2029482|Reactome:R-SSC-2029485|Reactome:R-SSC-210990|Reactome:R-SSC-2132295|Reactome:R-SSC-216083|Reactome:R-SSC-2160916|Reactome:R-SSC-2168880|Reactome:R-SSC-2424491|Reactome:R-SSC-2454202|Reactome:R-SSC-2730905|Reactome:R-SSC-2871796|Reactome:R-SSC-2871809|Reactome:R-SSC-2871837|Reactome:R-SSC-3000178|Reactome:R-SSC-389948|Reactome:R-SSC-391160|Reactome:R-SSC-416550|Reactome:R-SSC-432142|Reactome:R-SSC-5673001|Reactome:R-SSC-5690714|Reactome:R-SSC-6798695|Reactome:R-SSC-6806942|Reactome:R-SSC-6807004|Reactome:R-SSC-6811558|Reactome:R-SSC-8851805|Reactome:R-SSC-8851907|Reactome:R-SSC-8856825|Reactome:R-SSC-8856828|Reactome:R-SSC-8865999|Reactome:R-SSC-8874081|Reactome:R-SSC-8875513|Reactome:R-SSC-8875555|Reactome:R-SSC-8875656|Reactome:R-SSC-8875791|Reactome:R-SSC-8980692|Reactome:R-SSC-9006335|Reactome:R-SSC-9013106|Reactome:R-SSC-9013404|Reactome:R-SSC-9013408|Reactome:R-SSC-9020591|Reactome:R-SSC-9020933|Reactome:R-SSC-9027276|Reactome:R-SSC-9027284|Reactome:R-SSC-9734091|Reactome:R-SSC-977606|Reactome:R-SSC-982772|Reactome:R-SSC-983170|Reactome:R-SSC-983695|Reactome:R-XTR-202433|Reactome:R-XTR-418990|Reactome:R-XTR-5654687
D_dimigraforme_KAN0053237	96d2fa31128adb83b359a4d2eda0e734	2198	Pfam	PF02010	REJ domain	1135	1535	2.2E-63	T	26-08-2026	IPR002859	PKD/REJ-like domain	-	Reactome:R-HSA-5620916|Reactome:R-MMU-5620916
D_dimigraforme_KAN0053237	96d2fa31128adb83b359a4d2eda0e734	2198	Gene3D	G3DSA:3.40.50.2000	Glycogen Phosphorylase B;	320	505	1.8E-10	T	26-08-2026	-	-	-	-
D_dimigraforme_KAN0053237	96d2fa31128adb83b359a4d2eda0e734	2198	TMHMM	TMhelix	Region of a membrane-bound protein predicted to be embedded in the membrane.	1921	1943	-	T	26-08-2026	-	-	-	-
D_dimigraforme_KAN0053237	96d2fa31128adb83b359a4d2eda0e734	2198	SignalP_EUK	SignalP-noTM	SignalP-noTM	1	19	-	T	26-08-2026	-	-	-	-
D_dimigraforme_KAN0053237	96d2fa31128adb83b359a4d2eda0e734	2198	Pfam	PF01833	IPT/TIG domain	815	887	2.5E-8	T	26-08-2026	IPR002909	IPT domain	-	Reactome:R-CEL-264876|Reactome:R-CEL-416482|Reactome:R-CEL-416572|Reactome:R-CEL-416700|Reactome:R-CEL-5620916|Reactome:R-CEL-913709|Reactome:R-DDI-3295583|Reactome:R-DDI-5213460|Reactome:R-DDI-5673000|Reactome:R-DDI-5674135|Reactome:R-DDI-5675221|Reactome:R-DDI-5675482|Reactome:R-DME-1169091|Reactome:R-DME-1810476|Reactome:R-DME-202424|Reactome:R-DME-209394|Reactome:R-DME-209400|Reactome:R-DME-209406|Reactome:R-DME-209560|Reactome:R-DME-214399|Reactome:R-DME-214411|Reactome:R-DME-214416|Reactome:R-DME-214842|Reactome:R-DME-214844|Reactome:R-DME-214869|Reactome:R-DME-264876|Reactome:R-DME-2871837|Reactome:R-DME-3134963|Reactome:R-DME-416482|Reactome:R-DME-416572|Reactome:R-DME-416700|Reactome:R-DME-445989|Reactome:R-DME-4755510|Reactome:R-DME-5607761|Reactome:R-DME-5607764|Reactome:R-DME-5620916|Reactome:R-DME-5621575|Reactome:R-DME-5676590|Reactome:R-DME-6798695|Reactome:R-DME-9020702|Reactome:R-DME-933542|Reactome:R-DME-9860927|Reactome:R-DRE-399954|Reactome:R-DRE-399956|Reactome:R-GGA-1227892|Reactome:R-GGA-434001|Reactome:R-GGA-434131|Reactome:R-HSA-1169091|Reactome:R-HSA-1257604|Reactome:R-HSA-1445148|Reactome:R-HSA-1810476|Reactome:R-HSA-193692|Reactome:R-HSA-202424|Reactome:R-HSA-2025928|Reactome:R-HSA-209560|Reactome:R-HSA-2219530|Reactome:R-HSA-2559582|Reactome:R-HSA-264876|Reactome:R-HSA-2871809|Reactome:R-HSA-2871837|Reactome:R-HSA-3134963|Reactome:R-HSA-3214841|Reactome:R-HSA-381340|Reactome:R-HSA-399954|Reactome:R-HSA-399955|Reactome:R-HSA-399956|Reactome:R-HSA-4086398|Reactome:R-HSA-416482|Reactome:R-HSA-416550|Reactome:R-HSA-416572|Reactome:R-HSA-416700|Reactome:R-HSA-445989|Reactome:R-HSA-448706|Reactome:R-HSA-4755510|Reactome:R-HSA-5603029|Reactome:R-HSA-5607761|Reactome:R-HSA-5607763|Reactome:R-HSA-5607764|Reactome:R-HSA-5620916|Reactome:R-HSA-5621575|Reactome:R-HSA-5660668|Reactome:R-HSA-5673001|Reactome:R-HSA-5676590|Reactome:R-HSA-5684264|Reactome:R-HSA-6798695|Reactome:R-HSA-6806942|Reactome:R-HSA-6807004|Reactome:R-HSA-6811558|Reactome:R-HSA-844456|Reactome:R-HSA-8851805|Reactome:R-HSA-8851907|Reactome:R-HSA-8852405|Reactome:R-HSA-8853884|Reactome:R-HSA-8865999|Reactome:R-HSA-8874081|Reactome:R-HSA-8875360|Reactome:R-HSA-8875513|Reactome:R-HSA-8875555|Reactome:R-HSA-8875656|Reactome:R-HSA-8875791|Reactome:R-HSA-8877330|Reactome:R-HSA-9013405|Reactome:R-HSA-9013508|Reactome:R-HSA-9020702|Reactome:R-HSA-9022699|Reactome:R-HSA-933542|Reactome:R-HSA-9609690|Reactome:R-HSA-9615017|Reactome:R-HSA-9660826|Reactome:R-HSA-9692916|Reactome:R-HSA-9696270|Reactome:R-HSA-9696273|Reactome:R-HSA-9734091|Reactome:R-HSA-9752946|Reactome:R-HSA-9818749|Reactome:R-HSA-9825892|Reactome:R-HSA-9844594|Reactome:R-HSA-9860927|Reactome:R-HSA-9909649|Reactome:R-HSA-9942503|Reactome:R-MMU-1169091|Reactome:R-MMU-1257604|Reactome:R-MMU-1810476|Reactome:R-MMU-193692|Reactome:R-MMU-202424|Reactome:R-MMU-2025928|Reactome:R-MMU-209560|Reactome:R-MMU-264876|Reactome:R-MMU-2871809|Reactome:R-MMU-2871837|Reactome:R-MMU-3134963|Reactome:R-MMU-3214841|Reactome:R-MMU-399954|Reactome:R-MMU-399955|Reactome:R-MMU-399956|Reactome:R-MMU-4086398|Reactome:R-MMU-416482|Reactome:R-MMU-416550|Reactome:R-MMU-416572|Reactome:R-MMU-416700|Reactome:R-MMU-445989|Reactome:R-MMU-448706|Reactome:R-MMU-4755510|Reactome:R-MMU-5607761|Reactome:R-MMU-5607763|Reactome:R-MMU-5607764|Reactome:R-MMU-5620916|Reactome:R-MMU-5621575|Reactome:R-MMU-5673001|Reactome:R-MMU-5676590|Reactome:R-MMU-5684264|Reactome:R-MMU-6798695|Reactome:R-MMU-6806942|Reactome:R-MMU-6807004|Reactome:R-MMU-6811558|Reactome:R-MMU-8851805|Reactome:R-MMU-8851907|Reactome:R-MMU-8852405|Reactome:R-MMU-8865999|Reactome:R-MMU-8874081|Reactome:R-MMU-8875513|Reactome:R-MMU-8875555|Reactome:R-MMU-8875656|Reactome:R-MMU-8875791|Reactome:R-MMU-9020702|Reactome:R-MMU-933542|Reactome:R-MMU-9696270|Reactome:R-MMU-9696273|Reactome:R-MMU-9734091|Reactome:R-MMU-9860927|Reactome:R-RNO-1169091|Reactome:R-RNO-1257604|Reactome:R-RNO-1810476|Reactome:R-RNO-193692|Reactome:R-RNO-202424|Reactome:R-RNO-2025928|Reactome:R-RNO-209560|Reactome:R-RNO-264876|Reactome:R-RNO-2871809|Reactome:R-RNO-2871837|Reactome:R-RNO-3134963|Reactome:R-RNO-3214841|Reactome:R-RNO-399954|Reactome:R-RNO-399955|Reactome:R-RNO-399956|Reactome:R-RNO-416550|Reactome:R-RNO-416700|Reactome:R-RNO-445989|Reactome:R-RNO-448706|Reactome:R-RNO-5607763|Reactome:R-RNO-5607764|Reactome:R-RNO-5620916|Reactome:R-RNO-5621575|Reactome:R-RNO-5673001|Reactome:R-RNO-5684264|Reactome:R-RNO-6798695|Reactome:R-RNO-6806942|Reactome:R-RNO-6807004|Reactome:R-RNO-6811558|Reactome:R-RNO-8851805|Reactome:R-RNO-8851907|Reactome:R-RNO-8865999|Reactome:R-RNO-8874081|Reactome:R-RNO-8875513|Reactome:R-RNO-8875555|Reactome:R-RNO-8875656|Reactome:R-RNO-8875791|Reactome:R-RNO-9020702|Reactome:R-RNO-933542|Reactome:R-RNO-9734091|Reactome:R-RNO-9860927|Reactome:R-SCE-8948751|Reactome:R-SSC-1257604|Reactome:R-SSC-416550|Reactome:R-SSC-5673001|Reactome:R-SSC-6806942|Reactome:R-SSC-6807004|Reactome:R-SSC-6811558|Reactome:R-SSC-8851805|Reactome:R-SSC-8851907|Reactome:R-SSC-8865999|Reactome:R-SSC-8874081|Reactome:R-SSC-8875513|Reactome:R-SSC-8875555|Reactome:R-SSC-8875656|Reactome:R-SSC-8875791|Reactome:R-SSC-9734091
D_discoideum_EAL67967	f4c3f581de168d6f7c98487bd81740cf	2233	Coils	Coil	Coil	1958	2018	-	T	26-08-2026	-	-	-	-
D_discoideum_EAL67967	f4c3f581de168d6f7c98487bd81740cf	2233	CDD	cd00761	Glyco_tranf_GTA_type	556	743	6.45955E-28	T	26-08-2026	-	-	-	-
D_discoideum_EAL67967	f4c3f581de168d6f7c98487bd81740cf	2233	Pfam	PF01833	IPT/TIG domain	816	890	3.4E-7	T	26-08-2026	IPR002909	IPT domain	-	Reactome:R-CEL-264876|Reactome:R-CEL-416482|Reactome:R-CEL-416572|Reactome:R-CEL-416700|Reactome:R-CEL-5620916|Reactome:R-CEL-913709|Reactome:R-DDI-3295583|Reactome:R-DDI-5213460|Reactome:R-DDI-5673000|Reactome:R-DDI-5674135|Reactome:R-DDI-5675221|Reactome:R-DDI-5675482|Reactome:R-DME-1169091|Reactome:R-DME-1810476|Reactome:R-DME-202424|Reactome:R-DME-209394|Reactome:R-DME-209400|Reactome:R-DME-209406|Reactome:R-DME-209560|Reactome:R-DME-214399|Reactome:R-DME-214411|Reactome:R-DME-214416|Reactome:R-DME-214842|Reactome:R-DME-214844|Reactome:R-DME-214869|Reactome:R-DME-264876|Reactome:R-DME-2871837|Reactome:R-DME-3134963|Reactome:R-DME-416482|Reactome:R-DME-416572|Reactome:R-DME-416700|Reactome:R-DME-445989|Reactome:R-DME-4755510|Reactome:R-DME-5607761|Reactome:R-DME-5607764|Reactome:R-DME-5620916|Reactome:R-DME-5621575|Reactome:R-DME-5676590|Reactome:R-DME-6798695|Reactome:R-DME-9020702|Reactome:R-DME-933542|Reactome:R-DME-9860927|Reactome:R-DRE-399954|Reactome:R-DRE-399956|Reactome:R-GGA-1227892|Reactome:R-GGA-434001|Reactome:R-GGA-434131|Reactome:R-HSA-1169091|Reactome:R-HSA-1257604|Reactome:R-HSA-1445148|Reactome:R-HSA-1810476|Reactome:R-HSA-193692|Reactome:R-HSA-202424|Reactome:R-HSA-2025928|Reactome:R-HSA-209560|Reactome:R-HSA-2219530|Reactome:R-HSA-2559582|Reactome:R-HSA-264876|Reactome:R-HSA-2871809|Reactome:R-HSA-2871837|Reactome:R-HSA-3134963|Reactome:R-HSA-3214841|Reactome:R-HSA-381340|Reactome:R-HSA-399954|Reactome:R-HSA-399955|Reactome:R-HSA-399956|Reactome:R-HSA-4086398|Reactome:R-HSA-416482|Reactome:R-HSA-416550|Reactome:R-HSA-416572|Reactome:R-HSA-416700|Reactome:R-HSA-445989|Reactome:R-HSA-448706|Reactome:R-HSA-4755510|Reactome:R-HSA-5603029|Reactome:R-HSA-5607761|Reactome:R-HSA-5607763|Reactome:R-HSA-5607764|Reactome:R-HSA-5620916|Reactome:R-HSA-5621575|Reactome:R-HSA-5660668|Reactome:R-HSA-5673001|Reactome:R-HSA-5676590|Reactome:R-HSA-5684264|Reactome:R-HSA-6798695|Reactome:R-HSA-6806942|Reactome:R-HSA-6807004|Reactome:R-HSA-6811558|Reactome:R-HSA-844456|Reactome:R-HSA-8851805|Reactome:R-HSA-8851907|Reactome:R-HSA-8852405|Reactome:R-HSA-8853884|Reactome:R-HSA-8865999|Reactome:R-HSA-8874081|Reactome:R-HSA-8875360|Reactome:R-HSA-8875513|Reactome:R-HSA-8875555|Reactome:R-HSA-8875656|Reactome:R-HSA-8875791|Reactome:R-HSA-8877330|Reactome:R-HSA-9013405|Reactome:R-HSA-9013508|Reactome:R-HSA-9020702|Reactome:R-HSA-9022699|Reactome:R-HSA-933542|Reactome:R-HSA-9609690|Reactome:R-HSA-9615017|Reactome:R-HSA-9660826|Reactome:R-HSA-9692916|Reactome:R-HSA-9696270|Reactome:R-HSA-9696273|Reactome:R-HSA-9734091|Reactome:R-HSA-9752946|Reactome:R-HSA-9818749|Reactome:R-HSA-9825892|Reactome:R-HSA-9844594|Reactome:R-HSA-9860927|Reactome:R-HSA-9909649|Reactome:R-HSA-9942503|Reactome:R-MMU-1169091|Reactome:R-MMU-1257604|Reactome:R-MMU-1810476|Reactome:R-MMU-193692|Reactome:R-MMU-202424|Reactome:R-MMU-2025928|Reactome:R-MMU-209560|Reactome:R-MMU-264876|Reactome:R-MMU-2871809|Reactome:R-MMU-2871837|Reactome:R-MMU-3134963|Reactome:R-MMU-3214841|Reactome:R-MMU-399954|Reactome:R-MMU-399955|Reactome:R-MMU-399956|Reactome:R-MMU-4086398|Reactome:R-MMU-416482|Reactome:R-MMU-416550|Reactome:R-MMU-416572|Reactome:R-MMU-416700|Reactome:R-MMU-445989|Reactome:R-MMU-448706|Reactome:R-MMU-4755510|Reactome:R-MMU-5607761|Reactome:R-MMU-5607763|Reactome:R-MMU-5607764|Reactome:R-MMU-5620916|Reactome:R-MMU-5621575|Reactome:R-MMU-5673001|Reactome:R-MMU-5676590|Reactome:R-MMU-5684264|Reactome:R-MMU-6798695|Reactome:R-MMU-6806942|Reactome:R-MMU-6807004|Reactome:R-MMU-6811558|Reactome:R-MMU-8851805|Reactome:R-MMU-8851907|Reactome:R-MMU-8852405|Reactome:R-MMU-8865999|Reactome:R-MMU-8874081|Reactome:R-MMU-8875513|Reactome:R-MMU-8875555|Reactome:R-MMU-8875656|Reactome:R-MMU-8875791|Reactome:R-MMU-9020702|Reactome:R-MMU-933542|Reactome:R-MMU-9696270|Reactome:R-MMU-9696273|Reactome:R-MMU-9734091|Reactome:R-MMU-9860927|Reactome:R-RNO-1169091|Reactome:R-RNO-1257604|Reactome:R-RNO-1810476|Reactome:R-RNO-193692|Reactome:R-RNO-202424|Reactome:R-RNO-2025928|Reactome:R-RNO-209560|Reactome:R-RNO-264876|Reactome:R-RNO-2871809|Reactome:R-RNO-2871837|Reactome:R-RNO-3134963|Reactome:R-RNO-3214841|Reactome:R-RNO-399954|Reactome:R-RNO-399955|Reactome:R-RNO-399956|Reactome:R-RNO-416550|Reactome:R-RNO-416700|Reactome:R-RNO-445989|Reactome:R-RNO-448706|Reactome:R-RNO-5607763|Reactome:R-RNO-5607764|Reactome:R-RNO-5620916|Reactome:R-RNO-5621575|Reactome:R-RNO-5673001|Reactome:R-RNO-5684264|Reactome:R-RNO-6798695|Reactome:R-RNO-6806942|Reactome:R-RNO-6807004|Reactome:R-RNO-6811558|Reactome:R-RNO-8851805|Reactome:R-RNO-8851907|Reactome:R-RNO-8865999|Reactome:R-RNO-8874081|Reactome:R-RNO-8875513|Reactome:R-RNO-8875555|Reactome:R-RNO-8875656|Reactome:R-RNO-8875791|Reactome:R-RNO-9020702|Reactome:R-RNO-933542|Reactome:R-RNO-9734091|Reactome:R-RNO-9860927|Reactome:R-SCE-8948751|Reactome:R-SSC-1257604|Reactome:R-SSC-416550|Reactome:R-SSC-5673001|Reactome:R-SSC-6806942|Reactome:R-SSC-6807004|Reactome:R-SSC-6811558|Reactome:R-SSC-8851805|Reactome:R-SSC-8851907|Reactome:R-SSC-8865999|Reactome:R-SSC-8874081|Reactome:R-SSC-8875513|Reactome:R-SSC-8875555|Reactome:R-SSC-8875656|Reactome:R-SSC-8875791|Reactome:R-SSC-9734091
D_discoideum_EAL67967	f4c3f581de168d6f7c98487bd81740cf	2233	Phobius	SIGNAL_PEPTIDE	Signal peptide region	1	19	-	T	26-08-2026	-	-	-	-
D_discoideum_EAL67967	f4c3f581de168d6f7c98487bd81740cf	2233	MobiDBLite	mobidb-lite	consensus disorder prediction	2092	2117	-	T	26-08-2026	-	-	-	-
D_discoideum_EAL67967	f4c3f581de168d6f7c98487bd81740cf	2233	Phobius	NON_CYTOPLASMIC_DOMAIN	Region of a membrane-bound protein predicted to be outside the membrane, in the extracellular region.	20	1931	-	T	26-08-2026	-	-	-	-
D_discoideum_EAL67967	f4c3f581de168d6f7c98487bd81740cf	2233	Pfam	PF00534	Glycosyl transferases group 1	335	498	3.1E-4	T	26-08-2026	IPR001296	Glycosyl transferase, family 1	GO:0016757(InterPro)	Reactome:R-DDI-446193|Reactome:R-HSA-162710|Reactome:R-HSA-446193|Reactome:R-HSA-4549349|Reactome:R-HSA-4549380|Reactome:R-HSA-4551295|Reactome:R-MMU-162710|Reactome:R-MMU-446193|Reactome:R-MTU-879299|Reactome:R-SCE-446193|Reactome:R-SPO-162710|Reactome:R-SPO-446193
D_discoideum_EAL67967	f4c3f581de168d6f7c98487bd81740cf	2233	Gene3D	G3DSA:2.60.40.10	Immunoglobulins	1005	1100	5.9E-8	T	26-08-2026	IPR013783	Immunoglobulin-like fold	-	Reactome:R-BTA-114608|Reactome:R-BTA-1236974|Reactome:R-BTA-1236977|Reactome:R-BTA-1257604|Reactome:R-BTA-1266695|Reactome:R-BTA-140834|Reactome:R-BTA-163125|Reactome:R-BTA-1632852|Reactome:R-BTA-1660661|Reactome:R-BTA-173736|Reactome:R-BTA-174577|Reactome:R-BTA-1971475|Reactome:R-BTA-198933|Reactome:R-BTA-2022870|Reactome:R-BTA-2022923|Reactome:R-BTA-2024101|Reactome:R-BTA-202424|Reactome:R-BTA-202427|Reactome:R-BTA-202430|Reactome:R-BTA-202433|Reactome:R-BTA-202733|Reactome:R-BTA-210993|Reactome:R-BTA-216083|Reactome:R-BTA-2173791|Reactome:R-BTA-2424491|Reactome:R-BTA-3000178|Reactome:R-BTA-350054|Reactome:R-BTA-375276|Reactome:R-BTA-380972|Reactome:R-BTA-381426|Reactome:R-BTA-388844|Reactome:R-BTA-389948|Reactome:R-BTA-418594|Reactome:R-BTA-420029|Reactome:R-BTA-445355|Reactome:R-BTA-5576892|Reactome:R-BTA-5627123|Reactome:R-BTA-5628897|Reactome:R-BTA-5673001|Reactome:R-BTA-5690714|Reactome:R-BTA-6785807|Reactome:R-BTA-6798695|Reactome:R-BTA-6804756|Reactome:R-BTA-6811558|Reactome:R-BTA-77387|Reactome:R-BTA-8849932|Reactome:R-BTA-8856825|Reactome:R-BTA-8856828|Reactome:R-BTA-8932505|Reactome:R-BTA-8941856|Reactome:R-BTA-8957275|Reactome:R-BTA-8980692|Reactome:R-BTA-8983432|Reactome:R-BTA-8985947|Reactome:R-BTA-9013106|Reactome:R-BTA-9013404|Reactome:R-BTA-9013408|Reactome:R-BTA-9020558|Reactome:R-BTA-9020958|Reactome:R-BTA-909733|Reactome:R-BTA-912526|Reactome:R-BTA-912694|Reactome:R-BTA-9609523|Reactome:R-BTA-977606|Reactome:R-BTA-983168|Reactome:R-BTA-983170|Reactome:R-BTA-983695|Reactome:R-BTA-9927354|Reactome:R-BTA-9931269|Reactome:R-CEL-1257604|Reactome:R-CEL-1433557|Reactome:R-CEL-1433559|Reactome:R-CEL-1474228|Reactome:R-CEL-186763|Reactome:R-CEL-186797|Reactome:R-CEL-190322|Reactome:R-CEL-190370|Reactome:R-CEL-190371|Reactome:R-CEL-190372|Reactome:R-CEL-190373|Reactome:R-CEL-190375|Reactome:R-CEL-190377|Reactome:R-CEL-1971475|Reactome:R-CEL-2022928|Reactome:R-CEL-2024096|Reactome:R-CEL-209968|Reactome:R-CEL-210991|Reactome:R-CEL-216083|Reactome:R-CEL-2243919|Reactome:R-CEL-264876|Reactome:R-CEL-2682334|Reactome:R-CEL-3000171|Reactome:R-CEL-3000178|Reactome:R-CEL-373752|Reactome:R-CEL-373753|Reactome:R-CEL-375165|Reactome:R-CEL-376176|Reactome:R-CEL-388844|Reactome:R-CEL-3928662|Reactome:R-CEL-3928663|Reactome:R-CEL-3928664|Reactome:R-CEL-3928665|Reactome:R-CEL-399955|Reactome:R-CEL-399956|Reactome:R-CEL-416482|Reactome:R-CEL-416572|Reactome:R-CEL-416700|Reactome:R-CEL-418885|Reactome:R-CEL-419037|Reactome:R-CEL-428542|Reactome:R-CEL-433692|Reactome:R-CEL-4420097|Reactome:R-CEL-445144|Reactome:R-CEL-447043|Reactome:R-CEL-5140745|Reactome:R-CEL-5218920|Reactome:R-CEL-525793|Reactome:R-CEL-5620916|Reactome:R-CEL-5654219|Reactome:R-CEL-5654221|Reactome:R-CEL-5654227|Reactome:R-CEL-5654228|Reactome:R-CEL-5654689|Reactome:R-CEL-5654693|Reactome:R-CEL-5654695|Reactome:R-CEL-5654699|Reactome:R-CEL-5654700|Reactome:R-CEL-5654704|Reactome:R-CEL-5654706|Reactome:R-CEL-5654710|Reactome:R-CEL-5654712|Reactome:R-CEL-5654720|Reactome:R-CEL-5654726|Reactome:R-CEL-5654727|Reactome:R-CEL-5654732|Reactome:R-CEL-5654733|Reactome:R-CEL-5673001|Reactome:R-CEL-6798695|Reactome:R-CEL-6809371|Reactome:R-CEL-6811558|Reactome:R-CEL-77387|Reactome:R-CEL-8849932|Reactome:R-CEL-8853383|Reactome:R-CEL-8863795|Reactome:R-CEL-8941413|Reactome:R-CEL-9013149|Reactome:R-CEL-9013420|Reactome:R-CEL-9013423|Reactome:R-CEL-9013424|Reactome:R-CEL-913709|Reactome:R-CEL-9607240|Reactome:R-CEL-9749641|Reactome:R-CEL-9764561|Reactome:R-CEL-9772755|Reactome:R-CEL-9913351|Reactome:R-CFA-1257604|Reactome:R-CFA-1433557|Reactome:R-CFA-1433559|Reactome:R-CFA-198933|Reactome:R-CFA-2024096|Reactome:R-CFA-2024101|Reactome:R-CFA-202424|Reactome:R-CFA-202427|Reactome:R-CFA-202430|Reactome:R-CFA-202433|Reactome:R-CFA-216083|Reactome:R-CFA-389948|Reactome:R-CFA-5673001|Reactome:R-CFA-5690714|Reactome:R-CFA-6785807|Reactome:R-CFA-6788467|Reactome:R-CFA-6811558|Reactome:R-CFA-8932504|Reactome:R-CFA-8932505|Reactome:R-CFA-8932506|Reactome:R-CFA-9010553|Reactome:R-CFA-983170|Reactome:R-CFA-983695|Reactome:R-CFA-9856649|Reactome:R-CFA-9913351|Reactome:R-CFA-9927354|Reactome:R-CFA-9939291|Reactome:R-DDI-3295583|Reactome:R-DDI-5213460|Reactome:R-DDI-5673000|Reactome:R-DDI-5674135|Reactome:R-DDI-5675221|Reactome:R-DDI-5675482|Reactome:R-DME-109704|Reactome:R-DME-110478|Reactome:R-DME-114608|Reactome:R-DME-1169091|Reactome:R-DME-1227986|Reactome:R-DME-1236394|Reactome:R-DME-1250196|Reactome:R-DME-1250342|Reactome:R-DME-1250347|Reactome:R-DME-1257604|Reactome:R-DME-1307965|Reactome:R-DME-1358803|Reactome:R-DME-1474228|Reactome:R-DME-1810476|Reactome:R-DME-190322|Reactome:R-DME-190370|Reactome:R-DME-190371|Reactome:R-DME-190372|Reactome:R-DME-190373|Reactome:R-DME-190374|Reactome:R-DME-190375|Reactome:R-DME-190377|Reactome:R-DME-1963640|Reactome:R-DME-1963642|Reactome:R-DME-1971475|Reactome:R-DME-2022928|Reactome:R-DME-2024096|Reactome:R-DME-2024101|Reactome:R-DME-202424|Reactome:R-DME-202733|Reactome:R-DME-209209|Reactome:R-DME-209228|Reactome:R-DME-209338|Reactome:R-DME-209394|Reactome:R-DME-209400|Reactome:R-DME-209406|Reactome:R-DME-209560|Reactome:R-DME-209968|Reactome:R-DME-210688|Reactome:R-DME-210991|Reactome:R-DME-214399|Reactome:R-DME-214411|Reactome:R-DME-214416|Reactome:R-DME-214842|Reactome:R-DME-214844|Reactome:R-DME-214869|Reactome:R-DME-216083|Reactome:R-DME-264876|Reactome:R-DME-2871837|Reactome:R-DME-3000171|Reactome:R-DME-3000178|Reactome:R-DME-3134963|Reactome:R-DME-3214847|Reactome:R-DME-350054|Reactome:R-DME-373080|Reactome:R-DME-373752|Reactome:R-DME-373753|Reactome:R-DME-375165|Reactome:R-DME-376172|Reactome:R-DME-388844|Reactome:R-DME-416482|Reactome:R-DME-416572|Reactome:R-DME-416700|Reactome:R-DME-418990|Reactome:R-DME-419037|Reactome:R-DME-420597|Reactome:R-DME-428542|Reactome:R-DME-433692|Reactome:R-DME-445144|Reactome:R-DME-445989|Reactome:R-DME-446353|Reactome:R-DME-447043|Reactome:R-DME-4755510|Reactome:R-DME-5607761|Reactome:R-DME-5607764|Reactome:R-DME-5620916|Reactome:R-DME-5621575|Reactome:R-DME-5627123|Reactome:R-DME-5654219|Reactome:R-DME-5654221|Reactome:R-DME-5654227|Reactome:R-DME-5654228|Reactome:R-DME-5654687|Reactome:R-DME-5654688|Reactome:R-DME-5654689|Reactome:R-DME-5654693|Reactome:R-DME-5654695|Reactome:R-DME-5654699|Reactome:R-DME-5654700|Reactome:R-DME-5654704|Reactome:R-DME-5654706|Reactome:R-DME-5654710|Reactome:R-DME-5654712|Reactome:R-DME-5654719|Reactome:R-DME-5654720|Reactome:R-DME-5654726|Reactome:R-DME-5654727|Reactome:R-DME-5654732|Reactome:R-DME-5654733|Reactome:R-DME-5658623|Reactome:R-DME-5673001|Reactome:R-DME-5676590|Reactome:R-DME-5689603|Reactome:R-DME-6785631|Reactome:R-DME-6798695|Reactome:R-DME-6807878|Reactome:R-DME-6811558|Reactome:R-DME-77387|Reactome:R-DME-8849932|Reactome:R-DME-8863795|Reactome:R-DME-8941413|Reactome:R-DME-9009391|Reactome:R-DME-9020702|Reactome:R-DME-913709|Reactome:R-DME-933542|Reactome:R-DME-9749641|Reactome:R-DME-977068|Reactome:R-DME-9772755|Reactome:R-DME-983168|Reactome:R-DME-9860927|Reactome:R-DME-9913351|Reactome:R-DRE-109704|Reactome:R-DRE-1257604|Reactome:R-DRE-1300645|Reactome:R-DRE-1307965|Reactome:R-DRE-1433557|Reactome:R-DRE-1433559|Reactome:R-DRE-186763|Reactome:R-DRE-186797|Reactome:R-DRE-190322|Reactome:R-DRE-190370|Reactome:R-DRE-190371|Reactome:R-DRE-190372|Reactome:R-DRE-190373|Reactome:R-DRE-190374|Reactome:R-DRE-190375|Reactome:R-DRE-190377|Reactome:R-DRE-193648|Reactome:R-DRE-194306|Reactome:R-DRE-195399|Reactome:R-DRE-198933|Reactome:R-DRE-202733|Reactome:R-DRE-210993|Reactome:R-DRE-2132295|Reactome:R-DRE-216083|Reactome:R-DRE-2682334|Reactome:R-DRE-3214841|Reactome:R-DRE-381426|Reactome:R-DRE-388844|Reactome:R-DRE-3928662|Reactome:R-DRE-3928663|Reactome:R-DRE-3928664|Reactome:R-DRE-3928665|Reactome:R-DRE-399954|Reactome:R-DRE-399956|Reactome:R-DRE-416476|Reactome:R-DRE-416482|Reactome:R-DRE-416550|Reactome:R-DRE-416572|Reactome:R-DRE-418990|Reactome:R-DRE-420597|Reactome:R-DRE-4420097|Reactome:R-DRE-449836|Reactome:R-DRE-5218921|Reactome:R-DRE-5654219|Reactome:R-DRE-5654221|Reactome:R-DRE-5654227|Reactome:R-DRE-5654228|Reactome:R-DRE-5654687|Reactome:R-DRE-5654688|Reactome:R-DRE-5654689|Reactome:R-DRE-5654693|Reactome:R-DRE-5654695|Reactome:R-DRE-5654699|Reactome:R-DRE-5654700|Reactome:R-DRE-5654704|Reactome:R-DRE-5654706|Reactome:R-DRE-5654710|Reactome:R-DRE-5654712|Reactome:R-DRE-5654719|Reactome:R-DRE-5654720|Reactome:R-DRE-5654726|Reactome:R-DRE-5654727|Reactome:R-DRE-5654732|Reactome:R-DRE-5654733|Reactome:R-DRE-5673001|Reactome:R-DRE-6811558|Reactome:R-DRE-8849932|Reactome:R-DRE-8932505|Reactome:R-DRE-8957275|Reactome:R-DRE-8980692|Reactome:R-DRE-9007892|Reactome:R-DRE-9013148|Reactome:R-DRE-9013149|Reactome:R-DRE-9013404|Reactome:R-DRE-9013408|Reactome:R-DRE-9013409|Reactome:R-DRE-9013423|Reactome:R-DRE-983168|Reactome:R-DRE-9843940|Reactome:R-DRE-9843970|Reactome:R-DRE-9856649|Reactome:R-GGA-114608|Reactome:R-GGA-1227892|Reactome:R-GGA-1227986|Reactome:R-GGA-1236394|Reactome:R-GGA-1236974|Reactome:R-GGA-1236977|Reactome:R-GGA-1250196|Reactome:R-GGA-1250342|Reactome:R-GGA-1250347|Reactome:R-GGA-1257604|Reactome:R-GGA-1306955|Reactome:R-GGA-1358803|Reactome:R-GGA-1433557|Reactome:R-GGA-1433559|Reactome:R-GGA-1474228|Reactome:R-GGA-1566977|Reactome:R-GGA-163125|Reactome:R-GGA-190373|Reactome:R-GGA-193634|Reactome:R-GGA-1963640|Reactome:R-GGA-1963642|Reactome:R-GGA-198933|Reactome:R-GGA-202733|Reactome:R-GGA-210991|Reactome:R-GGA-2129379|Reactome:R-GGA-2132263|Reactome:R-GGA-2132286|Reactome:R-GGA-216083|Reactome:R-GGA-3000170|Reactome:R-GGA-3000178|Reactome:R-GGA-3214841|Reactome:R-GGA-354192|Reactome:R-GGA-354194|Reactome:R-GGA-372708|Reactome:R-GGA-373920|Reactome:R-GGA-381426|Reactome:R-GGA-388844|Reactome:R-GGA-433692|Reactome:R-GGA-434001|Reactome:R-GGA-434131|Reactome:R-GGA-449836|Reactome:R-GGA-5654726|Reactome:R-GGA-5673001|Reactome:R-GGA-5674135|Reactome:R-GGA-6785631|Reactome:R-GGA-6798695|Reactome:R-GGA-6811558|Reactome:R-GGA-8854691|Reactome:R-GGA-8863795|Reactome:R-GGA-8932505|Reactome:R-GGA-8957275|Reactome:R-GGA-9634597|Reactome:R-GGA-9749641|Reactome:R-GGA-983170|Reactome:R-GGA-9843940|Reactome:R-GGA-9843970|Reactome:R-GGA-9856649|Reactome:R-GGA-9860927|Reactome:R-HSA-1059683|Reactome:R-HSA-109704|Reactome:R-HSA-110056|Reactome:R-HSA-112411|Reactome:R-HSA-114604|Reactome:R-HSA-114608|Reactome:R-HSA-1169091|Reactome:R-HSA-1169408|Reactome:R-HSA-1170546|Reactome:R-HSA-1227986|Reactome:R-HSA-1236394|Reactome:R-HSA-1236974|Reactome:R-HSA-1236977|Reactome:R-HSA-1236978|Reactome:R-HSA-1250196|Reactome:R-HSA-1250342|Reactome:R-HSA-1250347|Reactome:R-HSA-1251985|Reactome:R-HSA-1257604|Reactome:R-HSA-1266695|Reactome:R-HSA-1300645|Reactome:R-HSA-1306955|Reactome:R-HSA-1307965|Reactome:R-HSA-1358803|Reactome:R-HSA-140834|Reactome:R-HSA-140837|Reactome:R-HSA-140875|Reactome:R-HSA-1433557|Reactome:R-HSA-1433559|Reactome:R-HSA-1442490|Reactome:R-HSA-1445148|Reactome:R-HSA-1462054|Reactome:R-HSA-1474228|Reactome:R-HSA-1483115|Reactome:R-HSA-1483152|Reactome:R-HSA-1566977|Reactome:R-HSA-163125|Reactome:R-HSA-1632852|Reactome:R-HSA-163680|Reactome:R-HSA-164939|Reactome:R-HSA-164940|Reactome:R-HSA-1650814|Reactome:R-HSA-1660499|Reactome:R-HSA-1660514|Reactome:R-HSA-166058|Reactome:R-HSA-1660661|Reactome:R-HSA-166663|Reactome:R-HSA-166665|Reactome:R-HSA-167021|Reactome:R-HSA-167044|Reactome:R-HSA-167590|Reactome:R-HSA-170968|Reactome:R-HSA-170984|Reactome:R-HSA-173107|Reactome:R-HSA-173623|Reactome:R-HSA-173736|Reactome:R-HSA-174577|Reactome:R-HSA-177504|Reactome:R-HSA-177929|Reactome:R-HSA-180534|Reactome:R-HSA-1810476|Reactome:R-HSA-181429|Reactome:R-HSA-181430|Reactome:R-HSA-182218|Reactome:R-HSA-182971|Reactome:R-HSA-1839120|Reactome:R-HSA-1839122|Reactome:R-HSA-1839128|Reactome:R-HSA-1839130|Reactome:R-HSA-1855183|Reactome:R-HSA-1855204|Reactome:R-HSA-186763|Reactome:R-HSA-186797|Reactome:R-HSA-187024|Reactome:R-HSA-187042|Reactome:R-HSA-187706|Reactome:R-HSA-190322|Reactome:R-HSA-190370|Reactome:R-HSA-190371|Reactome:R-HSA-190372|Reactome:R-HSA-190373|Reactome:R-HSA-190374|Reactome:R-HSA-190375|Reactome:R-HSA-190377|Reactome:R-HSA-1912408|Reactome:R-HSA-193634|Reactome:R-HSA-193648|Reactome:R-HSA-193692|Reactome:R-HSA-194306|Reactome:R-HSA-195399|Reactome:R-HSA-196108|Reactome:R-HSA-1963640|Reactome:R-HSA-1963642|Reactome:R-HSA-1971475|Reactome:R-HSA-198203|Reactome:R-HSA-198745|Reactome:R-HSA-198933|Reactome:R-HSA-200425|Reactome:R-HSA-2022090|Reactome:R-HSA-2022854|Reactome:R-HSA-2022857|Reactome:R-HSA-2022870|Reactome:R-HSA-2022923|Reactome:R-HSA-2022928|Reactome:R-HSA-2023837|Reactome:R-HSA-2024096|Reactome:R-HSA-2024101|Reactome:R-HSA-202424|Reactome:R-HSA-202427|Reactome:R-HSA-202430|Reactome:R-HSA-202433|Reactome:R-HSA-2025928|Reactome:R-HSA-202733|Reactome:R-HSA-2029481|Reactome:R-HSA-2029482|Reactome:R-HSA-2029485|Reactome:R-HSA-2033515|Reactome:R-HSA-2033519|Reactome:R-HSA-204005|Reactome:R-HSA-209560|Reactome:R-HSA-210500|Reactome:R-HSA-210744|Reactome:R-HSA-210990|Reactome:R-HSA-210991|Reactome:R-HSA-210993|Reactome:R-HSA-2122947|Reactome:R-HSA-2122948|Reactome:R-HSA-212676|Reactome:R-HSA-2129379|Reactome:R-HSA-2132295|Reactome:R-HSA-2151201|Reactome:R-HSA-2151209|Reactome:R-HSA-216083|Reactome:R-HSA-2160916|Reactome:R-HSA-2168880|Reactome:R-HSA-2172127|Reactome:R-HSA-2173791|Reactome:R-HSA-2197563|Reactome:R-HSA-2206292|Reactome:R-HSA-2206302|Reactome:R-HSA-2214320|Reactome:R-HSA-2219530|Reactome:R-HSA-2243919|Reactome:R-HSA-2404192|Reactome:R-HSA-2424491|Reactome:R-HSA-2428928|Reactome:R-HSA-2428933|Reactome:R-HSA-2454202|Reactome:R-HSA-2559582|Reactome:R-HSA-2565942|Reactome:R-HSA-2586552|Reactome:R-HSA-2644606|Reactome:R-HSA-264642|Reactome:R-HSA-264876|Reactome:R-HSA-2672351|Reactome:R-HSA-2682334|Reactome:R-HSA-2730905|Reactome:R-HSA-2871796|Reactome:R-HSA-2871809|Reactome:R-HSA-2871837|Reactome:R-HSA-2892247|Reactome:R-HSA-2894862|Reactome:R-HSA-2979096|Reactome:R-HSA-3000157|Reactome:R-HSA-3000170|Reactome:R-HSA-3000171|Reactome:R-HSA-3000178|Reactome:R-HSA-3134963|Reactome:R-HSA-3214841|Reactome:R-HSA-3214847|Reactome:R-HSA-3322077|Reactome:R-HSA-350054|Reactome:R-HSA-354192|Reactome:R-HSA-354194|Reactome:R-HSA-3560783|Reactome:R-HSA-3560801|Reactome:R-HSA-3595172|Reactome:R-HSA-3595174|Reactome:R-HSA-3595177|Reactome:R-HSA-3656225|Reactome:R-HSA-3656237|Reactome:R-HSA-3656243|Reactome:R-HSA-3656244|Reactome:R-HSA-3656253|Reactome:R-HSA-372708|Reactome:R-HSA-373752|Reactome:R-HSA-373753|Reactome:R-HSA-373756|Reactome:R-HSA-373760|Reactome:R-HSA-375165|Reactome:R-HSA-375276|Reactome:R-HSA-376172|Reactome:R-HSA-376176|Reactome:R-HSA-3785653|Reactome:R-HSA-380259|Reactome:R-HSA-380270|Reactome:R-HSA-380284|Reactome:R-HSA-380320|Reactome:R-HSA-380972|Reactome:R-HSA-381340|Reactome:R-HSA-381426|Reactome:R-HSA-3878781|Reactome:R-HSA-388844|Reactome:R-HSA-389356|Reactome:R-HSA-389357|Reactome:R-HSA-389359|Reactome:R-HSA-389513|Reactome:R-HSA-389948|Reactome:R-HSA-390522|Reactome:R-HSA-391160|Reactome:R-HSA-3928662|Reactome:R-HSA-3928663|Reactome:R-HSA-3928664|Reactome:R-HSA-3928665|Reactome:R-HSA-399954|Reactome:R-HSA-399955|Reactome:R-HSA-399956|Reactome:R-HSA-4086398|Reactome:R-HSA-4086400|Reactome:R-HSA-416476|Reactome:R-HSA-416482|Reactome:R-HSA-416550|Reactome:R-HSA-416572|Reactome:R-HSA-416700|Reactome:R-HSA-418594|Reactome:R-HSA-418885|Reactome:R-HSA-418886|Reactome:R-HSA-418889|Reactome:R-HSA-418890|Reactome:R-HSA-418990|Reactome:R-HSA-419037|Reactome:R-HSA-420029|Reactome:R-HSA-420597|Reactome:R-HSA-428540|Reactome:R-HSA-428542|Reactome:R-HSA-428543|Reactome:R-HSA-428890|Reactome:R-HSA-430116|Reactome:R-HSA-432142|Reactome:R-HSA-432722|Reactome:R-HSA-433692|Reactome:R-HSA-437239|Reactome:R-HSA-4420097|Reactome:R-HSA-4420332|Reactome:R-HSA-445095|Reactome:R-HSA-445144|Reactome:R-HSA-445355|Reactome:R-HSA-445989|Reactome:R-HSA-446107|Reactome:R-HSA-446353|Reactome:R-HSA-447038|Reactome:R-HSA-447041|Reactome:R-HSA-447043|Reactome:R-HSA-448706|Reactome:R-HSA-449836|Reactome:R-HSA-451927|Reactome:R-HSA-4755510|Reactome:R-HSA-5083628|Reactome:R-HSA-5083629|Reactome:R-HSA-5083633|Reactome:R-HSA-5083635|Reactome:R-HSA-512988|Reactome:R-HSA-5140745|Reactome:R-HSA-5173214|Reactome:R-HSA-5218921|Reactome:R-HSA-5223345|Reactome:R-HSA-525793|Reactome:R-HSA-5576892|Reactome:R-HSA-5603029|Reactome:R-HSA-5607761|Reactome:R-HSA-5607763|Reactome:R-HSA-5607764|Reactome:R-HSA-5619070|Reactome:R-HSA-5620912|Reactome:R-HSA-5620916|Reactome:R-HSA-5621575|Reactome:R-HSA-5627123|Reactome:R-HSA-5628897|Reactome:R-HSA-5632681|Reactome:R-HSA-5635838|Reactome:R-HSA-5654219|Reactome:R-HSA-5654221|Reactome:R-HSA-5654227|Reactome:R-HSA-5654228|Reactome:R-HSA-5654687|Reactome:R-HSA-5654688|Reactome:R-HSA-5654689|Reactome:R-HSA-5654693|Reactome:R-HSA-5654695|Reactome:R-HSA-5654699|Reactome:R-HSA-5654700|Reactome:R-HSA-5654704|Reactome:R-HSA-5654706|Reactome:R-HSA-5654710|Reactome:R-HSA-5654712|Reactome:R-HSA-5654719|Reactome:R-HSA-5654720|Reactome:R-HSA-5654726|Reactome:R-HSA-5654727|Reactome:R-HSA-5654732|Reactome:R-HSA-5654733|Reactome:R-HSA-5655253|Reactome:R-HSA-5655291|Reactome:R-HSA-5655302|Reactome:R-HSA-5655332|Reactome:R-HSA-5658623|Reactome:R-HSA-5660668|Reactome:R-HSA-5673001|Reactome:R-HSA-5674135|Reactome:R-HSA-5676590|Reactome:R-HSA-5683826|Reactome:R-HSA-5684264|Reactome:R-HSA-5687128|Reactome:R-HSA-5688849|Reactome:R-HSA-5688890|Reactome:R-HSA-5689603|Reactome:R-HSA-5690714|Reactome:R-HSA-5694530|Reactome:R-HSA-6783783|Reactome:R-HSA-6785631|Reactome:R-HSA-6785807|Reactome:R-HSA-6788467|Reactome:R-HSA-6798695|Reactome:R-HSA-6802946|Reactome:R-HSA-6802948|Reactome:R-HSA-6802952|Reactome:R-HSA-6802955|Reactome:R-HSA-6804756|Reactome:R-HSA-6806942|Reactome:R-HSA-6807004|Reactome:R-HSA-6809371|Reactome:R-HSA-6811558|Reactome:R-HSA-74713|Reactome:R-HSA-74749|Reactome:R-HSA-74751|Reactome:R-HSA-74752|Reactome:R-HSA-75892|Reactome:R-HSA-76009|Reactome:R-HSA-77387|Reactome:R-HSA-844456|Reactome:R-HSA-877300|Reactome:R-HSA-877312|Reactome:R-HSA-879415|Reactome:R-HSA-8847993|Reactome:R-HSA-8849932|Reactome:R-HSA-8851680|Reactome:R-HSA-8851708|Reactome:R-HSA-8851805|Reactome:R-HSA-8851907|Reactome:R-HSA-8852405|Reactome:R-HSA-8853333|Reactome:R-HSA-8853334|Reactome:R-HSA-8853336|Reactome:R-HSA-8853383|Reactome:R-HSA-8853884|Reactome:R-HSA-8854518|Reactome:R-HSA-8854691|Reactome:R-HSA-8856825|Reactome:R-HSA-8856828|Reactome:R-HSA-8857538|Reactome:R-HSA-8863795|Reactome:R-HSA-8865999|Reactome:R-HSA-8866654|Reactome:R-HSA-8866910|Reactome:R-HSA-8874081|Reactome:R-HSA-8875360|Reactome:R-HSA-8875513|Reactome:R-HSA-8875555|Reactome:R-HSA-8875656|Reactome:R-HSA-8875791|Reactome:R-HSA-8877330|Reactome:R-HSA-8932504|Reactome:R-HSA-8932505|Reactome:R-HSA-8932506|Reactome:R-HSA-8939247|Reactome:R-HSA-8941856|Reactome:R-HSA-8948216|Reactome:R-HSA-8951664|Reactome:R-HSA-8957275|Reactome:R-HSA-8963896|Reactome:R-HSA-8964038|Reactome:R-HSA-8964046|Reactome:R-HSA-8980692|Reactome:R-HSA-8983432|Reactome:R-HSA-8983711|Reactome:R-HSA-8984722|Reactome:R-HSA-8985586|Reactome:R-HSA-8985801|Reactome:R-HSA-8985947|Reactome:R-HSA-9006335|Reactome:R-HSA-9007892|Reactome:R-HSA-9008059|Reactome:R-HSA-9009391|Reactome:R-HSA-9010553|Reactome:R-HSA-9010642|Reactome:R-HSA-9012546|Reactome:R-HSA-9013026|Reactome:R-HSA-9013106|Reactome:R-HSA-9013148|Reactome:R-HSA-9013149|Reactome:R-HSA-9013404|Reactome:R-HSA-9013405|Reactome:R-HSA-9013406|Reactome:R-HSA-9013408|Reactome:R-HSA-9013409|Reactome:R-HSA-9013420|Reactome:R-HSA-9013423|Reactome:R-HSA-9013424|Reactome:R-HSA-9013508|Reactome:R-HSA-9013695|Reactome:R-HSA-9014826|Reactome:R-HSA-9014843|Reactome:R-HSA-9020558|Reactome:R-HSA-9020591|Reactome:R-HSA-9020702|Reactome:R-HSA-9020933|Reactome:R-HSA-9020956|Reactome:R-HSA-9020958|Reactome:R-HSA-9022699|Reactome:R-HSA-9024909|Reactome:R-HSA-9025046|Reactome:R-HSA-9026357|Reactome:R-HSA-9026519|Reactome:R-HSA-9026527|Reactome:R-HSA-9027276|Reactome:R-HSA-9027277|Reactome:R-HSA-9027283|Reactome:R-HSA-9027284|Reactome:R-HSA-9028335|Reactome:R-HSA-9028731|Reactome:R-HSA-9031628|Reactome:R-HSA-9032500|Reactome:R-HSA-9032759|Reactome:R-HSA-9032845|Reactome:R-HSA-9034013|Reactome:R-HSA-9034015|Reactome:R-HSA-9034793|Reactome:R-HSA-9034864|Reactome:R-HSA-9035034|Reactome:R-HSA-909733|Reactome:R-HSA-912526|Reactome:R-HSA-912694|Reactome:R-HSA-917977|Reactome:R-HSA-933542|Reactome:R-HSA-9603381|Reactome:R-HSA-9603505|Reactome:R-HSA-9607240|Reactome:R-HSA-9609523|Reactome:R-HSA-9609690|Reactome:R-HSA-9610379|Reactome:R-HSA-9613354|Reactome:R-HSA-9615017|Reactome:R-HSA-9616222|Reactome:R-HSA-9619483|Reactome:R-HSA-9619665|Reactome:R-HSA-9620244|Reactome:R-HSA-9634597|Reactome:R-HSA-9637628|Reactome:R-HSA-9638334|Reactome:R-HSA-9638630|Reactome:R-HSA-9645135|Reactome:R-HSA-9649948|Reactome:R-HSA-9656223|Reactome:R-HSA-9660826|Reactome:R-HSA-9664323|Reactome:R-HSA-9664422|Reactome:R-HSA-9664565|Reactome:R-HSA-9664873|Reactome:R-HSA-9665686|Reactome:R-HSA-9669914|Reactome:R-HSA-9669917|Reactome:R-HSA-9669921|Reactome:R-HSA-9669924|Reactome:R-HSA-9669926|Reactome:R-HSA-9669929|Reactome:R-HSA-9669933|Reactome:R-HSA-9669934|Reactome:R-HSA-9669935|Reactome:R-HSA-9669936|Reactome:R-HSA-9670439|Reactome:R-HSA-9673767|Reactome:R-HSA-9673768|Reactome:R-HSA-9673770|Reactome:R-HSA-9674396|Reactome:R-HSA-9674401|Reactome:R-HSA-9674403|Reactome:R-HSA-9674404|Reactome:R-HSA-9674428|Reactome:R-HSA-9674555|Reactome:R-HSA-9679191|Reactome:R-HSA-9680187|Reactome:R-HSA-9680350|Reactome:R-HSA-9692916|Reactome:R-HSA-9694614|Reactome:R-HSA-9696264|Reactome:R-HSA-9696270|Reactome:R-HSA-9696273|Reactome:R-HSA-9700645|Reactome:R-HSA-9701898|Reactome:R-HSA-9702509|Reactome:R-HSA-9702518|Reactome:R-HSA-9702569|Reactome:R-HSA-9702577|Reactome:R-HSA-9702581|Reactome:R-HSA-9702590|Reactome:R-HSA-9702596|Reactome:R-HSA-9702600|Reactome:R-HSA-9702605|Reactome:R-HSA-9702614|Reactome:R-HSA-9702620|Reactome:R-HSA-9702624|Reactome:R-HSA-9702632|Reactome:R-HSA-9702636|Reactome:R-HSA-9702998|Reactome:R-HSA-9703009|Reactome:R-HSA-9703648|Reactome:R-HSA-9705462|Reactome:R-HSA-9705671|Reactome:R-HSA-9706369|Reactome:R-HSA-9706374|Reactome:R-HSA-9706377|Reactome:R-HSA-9717207|Reactome:R-HSA-9725370|Reactome:R-HSA-9725371|Reactome:R-HSA-9725554|Reactome:R-HSA-9732724|Reactome:R-HSA-9734091|Reactome:R-HSA-9749641|Reactome:R-HSA-9752946|Reactome:R-HSA-975634|Reactome:R-HSA-9758919|Reactome:R-HSA-977225|Reactome:R-HSA-9772755|Reactome:R-HSA-977443|Reactome:R-HSA-977606|Reactome:R-HSA-9793380|Reactome:R-HSA-9818749|Reactome:R-HSA-9820960|Reactome:R-HSA-9824272|Reactome:R-HSA-9824585|Reactome:R-HSA-9825892|Reactome:R-HSA-982772|Reactome:R-HSA-9830674|Reactome:R-HSA-983168|Reactome:R-HSA-983170|Reactome:R-HSA-9833109|Reactome:R-HSA-9833110|Reactome:R-HSA-983695|Reactome:R-HSA-9843940|Reactome:R-HSA-9843970|Reactome:R-HSA-9844594|Reactome:R-HSA-9851151|Reactome:R-HSA-9854909|Reactome:R-HSA-9856530|Reactome:R-HSA-9856532|Reactome:R-HSA-9856649|Reactome:R-HSA-9860927|Reactome:R-HSA-9909620|Reactome:R-HSA-9909649|Reactome:R-HSA-9913351|Reactome:R-HSA-9918481|Reactome:R-HSA-9918485|Reactome:R-HSA-9920588|Reactome:R-HSA-9925563|Reactome:R-HSA-9926550|Reactome:R-HSA-9927353|Reactome:R-HSA-9927354|Reactome:R-HSA-9927418|Reactome:R-HSA-9927426|Reactome:R-HSA-9929356|Reactome:R-HSA-9929491|Reactome:R-HSA-9931269|Reactome:R-HSA-9931295|Reactome:R-HSA-9939291|Reactome:R-HSA-9942503|Reactome:R-HSA-9953038|Reactome:R-HSA-9953080|Reactome:R-MMU-1059683|Reactome:R-MMU-109704|Reactome:R-MMU-110056|Reactome:R-MMU-112411|Reactome:R-MMU-114604|Reactome:R-MMU-114608|Reactome:R-MMU-1169091|Reactome:R-MMU-1169408|Reactome:R-MMU-1170546|Reactome:R-MMU-1227986|Reactome:R-MMU-1236394|Reactome:R-MMU-1236974|Reactome:R-MMU-1236977|Reactome:R-MMU-1236978|Reactome:R-MMU-1250196|Reactome:R-MMU-1250342|Reactome:R-MMU-1250347|Reactome:R-MMU-1257604|Reactome:R-MMU-1266695|Reactome:R-MMU-1306955|Reactome:R-MMU-1307965|Reactome:R-MMU-1358803|Reactome:R-MMU-140834|Reactome:R-MMU-140837|Reactome:R-MMU-140875|Reactome:R-MMU-1433557|Reactome:R-MMU-1433559|Reactome:R-MMU-1442490|Reactome:R-MMU-1462054|Reactome:R-MMU-1474228|Reactome:R-MMU-1566977|Reactome:R-MMU-163125|Reactome:R-MMU-1632852|Reactome:R-MMU-163680|Reactome:R-MMU-1650814|Reactome:R-MMU-1660499|Reactome:R-MMU-1660514|Reactome:R-MMU-166663|Reactome:R-MMU-166665|Reactome:R-MMU-170968|Reactome:R-MMU-170984|Reactome:R-MMU-173623|Reactome:R-MMU-173736|Reactome:R-MMU-174577|Reactome:R-MMU-177504|Reactome:R-MMU-177929|Reactome:R-MMU-1810476|Reactome:R-MMU-181429|Reactome:R-MMU-181430|Reactome:R-MMU-182971|Reactome:R-MMU-1855183|Reactome:R-MMU-1855204|Reactome:R-MMU-186763|Reactome:R-MMU-186797|Reactome:R-MMU-187042|Reactome:R-MMU-190322|Reactome:R-MMU-190370|Reactome:R-MMU-190371|Reactome:R-MMU-190372|Reactome:R-MMU-190373|Reactome:R-MMU-190374|Reactome:R-MMU-190375|Reactome:R-MMU-190377|Reactome:R-MMU-193634|Reactome:R-MMU-193648|Reactome:R-MMU-193692|Reactome:R-MMU-194306|Reactome:R-MMU-195399|Reactome:R-MMU-196108|Reactome:R-MMU-1963640|Reactome:R-MMU-1963642|Reactome:R-MMU-1971475|Reactome:R-MMU-198203|Reactome:R-MMU-198933|Reactome:R-MMU-200425|Reactome:R-MMU-2022854|Reactome:R-MMU-2022857|Reactome:R-MMU-2022870|Reactome:R-MMU-2022923|Reactome:R-MMU-2024096|Reactome:R-MMU-2024101|Reactome:R-MMU-202424|Reactome:R-MMU-202427|Reactome:R-MMU-202430|Reactome:R-MMU-202433|Reactome:R-MMU-2025928|Reactome:R-MMU-202733|Reactome:R-MMU-2029481|Reactome:R-MMU-2029482|Reactome:R-MMU-2029485|Reactome:R-MMU-204005|Reactome:R-MMU-209560|Reactome:R-MMU-210500|Reactome:R-MMU-210990|Reactome:R-MMU-210991|Reactome:R-MMU-210993|Reactome:R-MMU-2122947|Reactome:R-MMU-212676|Reactome:R-MMU-2129379|Reactome:R-MMU-2132295|Reactome:R-MMU-216083|Reactome:R-MMU-2160916|Reactome:R-MMU-2168880|Reactome:R-MMU-2172127|Reactome:R-MMU-2173791|Reactome:R-MMU-2214320|Reactome:R-MMU-2243919|Reactome:R-MMU-2404192|Reactome:R-MMU-2424491|Reactome:R-MMU-2428928|Reactome:R-MMU-2428933|Reactome:R-MMU-2454202|Reactome:R-MMU-264642|Reactome:R-MMU-264876|Reactome:R-MMU-2672351|Reactome:R-MMU-2682334|Reactome:R-MMU-2730905|Reactome:R-MMU-2871796|Reactome:R-MMU-2871809|Reactome:R-MMU-2871837|Reactome:R-MMU-3000170|Reactome:R-MMU-3000178|Reactome:R-MMU-3134963|Reactome:R-MMU-3214841|Reactome:R-MMU-3214847|Reactome:R-MMU-3322077|Reactome:R-MMU-350054|Reactome:R-MMU-354192|Reactome:R-MMU-354194|Reactome:R-MMU-372708|Reactome:R-MMU-373752|Reactome:R-MMU-373753|Reactome:R-MMU-373756|Reactome:R-MMU-373760|Reactome:R-MMU-375165|Reactome:R-MMU-375276|Reactome:R-MMU-376172|Reactome:R-MMU-376176|Reactome:R-MMU-380972|Reactome:R-MMU-381426|Reactome:R-MMU-388844|Reactome:R-MMU-389356|Reactome:R-MMU-389357|Reactome:R-MMU-389359|Reactome:R-MMU-389513|Reactome:R-MMU-389948|Reactome:R-MMU-390522|Reactome:R-MMU-391160|Reactome:R-MMU-3928662|Reactome:R-MMU-3928663|Reactome:R-MMU-3928664|Reactome:R-MMU-3928665|Reactome:R-MMU-399954|Reactome:R-MMU-399955|Reactome:R-MMU-399956|Reactome:R-MMU-4086398|Reactome:R-MMU-416476|Reactome:R-MMU-416482|Reactome:R-MMU-416550|Reactome:R-MMU-416572|Reactome:R-MMU-416700|Reactome:R-MMU-418594|Reactome:R-MMU-418885|Reactome:R-MMU-418889|Reactome:R-MMU-418990|Reactome:R-MMU-419037|Reactome:R-MMU-420029|Reactome:R-MMU-420597|Reactome:R-MMU-428890|Reactome:R-MMU-430116|Reactome:R-MMU-432142|Reactome:R-MMU-432722|Reactome:R-MMU-433692|Reactome:R-MMU-437239|Reactome:R-MMU-4420097|Reactome:R-MMU-445095|Reactome:R-MMU-445144|Reactome:R-MMU-445355|Reactome:R-MMU-445989|Reactome:R-MMU-446107|Reactome:R-MMU-446353|Reactome:R-MMU-447043|Reactome:R-MMU-448706|Reactome:R-MMU-449836|Reactome:R-MMU-4755510|Reactome:R-MMU-512988|Reactome:R-MMU-5140745|Reactome:R-MMU-5173214|Reactome:R-MMU-5218921|Reactome:R-MMU-5223345|Reactome:R-MMU-525793|Reactome:R-MMU-5607761|Reactome:R-MMU-5607763|Reactome:R-MMU-5607764|Reactome:R-MMU-5620916|Reactome:R-MMU-5621575|Reactome:R-MMU-5627123|Reactome:R-MMU-5628897|Reactome:R-MMU-5632681|Reactome:R-MMU-5635838|Reactome:R-MMU-5654219|Reactome:R-MMU-5654221|Reactome:R-MMU-5654227|Reactome:R-MMU-5654228|Reactome:R-MMU-5654687|Reactome:R-MMU-5654688|Reactome:R-MMU-5654689|Reactome:R-MMU-5654693|Reactome:R-MMU-5654695|Reactome:R-MMU-5654699|Reactome:R-MMU-5654700|Reactome:R-MMU-5654704|Reactome:R-MMU-5654706|Reactome:R-MMU-5654710|Reactome:R-MMU-5654712|Reactome:R-MMU-5654719|Reactome:R-MMU-5654720|Reactome:R-MMU-5654726|Reactome:R-MMU-5654727|Reactome:R-MMU-5654732|Reactome:R-MMU-5654733|Reactome:R-MMU-5658623|Reactome:R-MMU-5660668|Reactome:R-MMU-5673001|Reactome:R-MMU-5674135|Reactome:R-MMU-5676590|Reactome:R-MMU-5683826|Reactome:R-MMU-5684264|Reactome:R-MMU-5687128|Reactome:R-MMU-5689603|Reactome:R-MMU-5690714|Reactome:R-MMU-5694530|Reactome:R-MMU-6783783|Reactome:R-MMU-6785631|Reactome:R-MMU-6785807|Reactome:R-MMU-6788467|Reactome:R-MMU-6798695|Reactome:R-MMU-6804756|Reactome:R-MMU-6806942|Reactome:R-MMU-6807004|Reactome:R-MMU-6809371|Reactome:R-MMU-6811558|Reactome:R-MMU-74713|Reactome:R-MMU-74749|Reactome:R-MMU-74751|Reactome:R-MMU-74752|Reactome:R-MMU-75892|Reactome:R-MMU-77387|Reactome:R-MMU-877300|Reactome:R-MMU-877312|Reactome:R-MMU-879415|Reactome:R-MMU-8847993|Reactome:R-MMU-8849932|Reactome:R-MMU-8851680|Reactome:R-MMU-8851805|Reactome:R-MMU-8851907|Reactome:R-MMU-8852405|Reactome:R-MMU-8853383|Reactome:R-MMU-8854691|Reactome:R-MMU-8856825|Reactome:R-MMU-8856828|Reactome:R-MMU-8857538|Reactome:R-MMU-8863795|Reactome:R-MMU-8865999|Reactome:R-MMU-8874081|Reactome:R-MMU-8875513|Reactome:R-MMU-8875555|Reactome:R-MMU-8875656|Reactome:R-MMU-8875791|Reactome:R-MMU-8932504|Reactome:R-MMU-8932505|Reactome:R-MMU-8932506|Reactome:R-MMU-8941856|Reactome:R-MMU-8948216|Reactome:R-MMU-8957275|Reactome:R-MMU-8963896|Reactome:R-MMU-8980692|Reactome:R-MMU-8983432|Reactome:R-MMU-8984722|Reactome:R-MMU-8985586|Reactome:R-MMU-8985947|Reactome:R-MMU-9006335|Reactome:R-MMU-9007892|Reactome:R-MMU-9009391|Reactome:R-MMU-9010553|Reactome:R-MMU-9012546|Reactome:R-MMU-9013026|Reactome:R-MMU-9013106|Reactome:R-MMU-9013148|Reactome:R-MMU-9013149|Reactome:R-MMU-9013404|Reactome:R-MMU-9013406|Reactome:R-MMU-9013408|Reactome:R-MMU-9013409|Reactome:R-MMU-9013420|Reactome:R-MMU-9013423|Reactome:R-MMU-9013424|Reactome:R-MMU-9014826|Reactome:R-MMU-9014843|Reactome:R-MMU-9020558|Reactome:R-MMU-9020591|Reactome:R-MMU-9020702|Reactome:R-MMU-9020933|Reactome:R-MMU-9020956|Reactome:R-MMU-9020958|Reactome:R-MMU-9026527|Reactome:R-MMU-9027276|Reactome:R-MMU-9027284|Reactome:R-MMU-9028731|Reactome:R-MMU-9032759|Reactome:R-MMU-9034013|Reactome:R-MMU-9034793|Reactome:R-MMU-9035034|Reactome:R-MMU-909733|Reactome:R-MMU-912526|Reactome:R-MMU-912694|Reactome:R-MMU-917977|Reactome:R-MMU-933542|Reactome:R-MMU-9603381|Reactome:R-MMU-9607240|Reactome:R-MMU-9609523|Reactome:R-MMU-9634597|Reactome:R-MMU-9664873|Reactome:R-MMU-9696264|Reactome:R-MMU-9696270|Reactome:R-MMU-9696273|Reactome:R-MMU-9706369|Reactome:R-MMU-9706374|Reactome:R-MMU-9732724|Reactome:R-MMU-9734091|Reactome:R-MMU-9749641|Reactome:R-MMU-9772755|Reactome:R-MMU-977606|Reactome:R-MMU-982772|Reactome:R-MMU-983168|Reactome:R-MMU-983170|Reactome:R-MMU-983695|Reactome:R-MMU-9843940|Reactome:R-MMU-9851151|Reactome:R-MMU-9856649|Reactome:R-MMU-9860927|Reactome:R-MMU-9913351|Reactome:R-MMU-9927353|Reactome:R-MMU-9927354|Reactome:R-MMU-9929356|Reactome:R-MMU-9929491|Reactome:R-MMU-9931269|Reactome:R-MMU-9931295|Reactome:R-MMU-9939291|Reactome:R-MTU-868688|Reactome:R-RNO-1059683|Reactome:R-RNO-109704|Reactome:R-RNO-110056|Reactome:R-RNO-112411|Reactome:R-RNO-114608|Reactome:R-RNO-1169091|Reactome:R-RNO-1170546|Reactome:R-RNO-1227986|Reactome:R-RNO-1236394|Reactome:R-RNO-1236974|Reactome:R-RNO-1236977|Reactome:R-RNO-1250196|Reactome:R-RNO-1250342|Reactome:R-RNO-1250347|Reactome:R-RNO-1257604|Reactome:R-RNO-1306955|Reactome:R-RNO-1307965|Reactome:R-RNO-1358803|Reactome:R-RNO-140834|Reactome:R-RNO-140837|Reactome:R-RNO-140875|Reactome:R-RNO-1462054|Reactome:R-RNO-1474228|Reactome:R-RNO-1566977|Reactome:R-RNO-163125|Reactome:R-RNO-1632852|Reactome:R-RNO-163680|Reactome:R-RNO-1660499|Reactome:R-RNO-1660514|Reactome:R-RNO-166663|Reactome:R-RNO-166665|Reactome:R-RNO-170968|Reactome:R-RNO-170984|Reactome:R-RNO-173623|Reactome:R-RNO-173736|Reactome:R-RNO-174577|Reactome:R-RNO-177504|Reactome:R-RNO-1810476|Reactome:R-RNO-181429|Reactome:R-RNO-181430|Reactome:R-RNO-1855183|Reactome:R-RNO-1855204|Reactome:R-RNO-186763|Reactome:R-RNO-186797|Reactome:R-RNO-187042|Reactome:R-RNO-190322|Reactome:R-RNO-190370|Reactome:R-RNO-190373|Reactome:R-RNO-190374|Reactome:R-RNO-193634|Reactome:R-RNO-193648|Reactome:R-RNO-193692|Reactome:R-RNO-194306|Reactome:R-RNO-195399|Reactome:R-RNO-196108|Reactome:R-RNO-1963640|Reactome:R-RNO-1963642|Reactome:R-RNO-1971475|Reactome:R-RNO-198203|Reactome:R-RNO-198933|Reactome:R-RNO-200425|Reactome:R-RNO-2022854|Reactome:R-RNO-2022857|Reactome:R-RNO-2022870|Reactome:R-RNO-2022923|Reactome:R-RNO-2024101|Reactome:R-RNO-202424|Reactome:R-RNO-202427|Reactome:R-RNO-202430|Reactome:R-RNO-202433|Reactome:R-RNO-2025928|Reactome:R-RNO-202733|Reactome:R-RNO-2029481|Reactome:R-RNO-2029482|Reactome:R-RNO-2029485|Reactome:R-RNO-209560|Reactome:R-RNO-210500|Reactome:R-RNO-210990|Reactome:R-RNO-210991|Reactome:R-RNO-212676|Reactome:R-RNO-2129379|Reactome:R-RNO-2132295|Reactome:R-RNO-216083|Reactome:R-RNO-2160916|Reactome:R-RNO-2172127|Reactome:R-RNO-2173791|Reactome:R-RNO-2404192|Reactome:R-RNO-2424491|Reactome:R-RNO-2428928|Reactome:R-RNO-2428933|Reactome:R-RNO-2454202|Reactome:R-RNO-264642|Reactome:R-RNO-264876|Reactome:R-RNO-2682334|Reactome:R-RNO-2730905|Reactome:R-RNO-2871796|Reactome:R-RNO-2871809|Reactome:R-RNO-2871837|Reactome:R-RNO-3000170|Reactome:R-RNO-3000178|Reactome:R-RNO-3134963|Reactome:R-RNO-3214841|Reactome:R-RNO-3214847|Reactome:R-RNO-354192|Reactome:R-RNO-354194|Reactome:R-RNO-372708|Reactome:R-RNO-373752|Reactome:R-RNO-373753|Reactome:R-RNO-373760|Reactome:R-RNO-375165|Reactome:R-RNO-375276|Reactome:R-RNO-376172|Reactome:R-RNO-380972|Reactome:R-RNO-381426|Reactome:R-RNO-388844|Reactome:R-RNO-389356|Reactome:R-RNO-389357|Reactome:R-RNO-389359|Reactome:R-RNO-389948|Reactome:R-RNO-390522|Reactome:R-RNO-391160|Reactome:R-RNO-3928662|Reactome:R-RNO-3928663|Reactome:R-RNO-3928664|Reactome:R-RNO-3928665|Reactome:R-RNO-399954|Reactome:R-RNO-399955|Reactome:R-RNO-399956|Reactome:R-RNO-416476|Reactome:R-RNO-416482|Reactome:R-RNO-416550|Reactome:R-RNO-416700|Reactome:R-RNO-418594|Reactome:R-RNO-418885|Reactome:R-RNO-418889|Reactome:R-RNO-418990|Reactome:R-RNO-419037|Reactome:R-RNO-420029|Reactome:R-RNO-420597|Reactome:R-RNO-432142|Reactome:R-RNO-432722|Reactome:R-RNO-433692|Reactome:R-RNO-437239|Reactome:R-RNO-4420097|Reactome:R-RNO-445095|Reactome:R-RNO-445144|Reactome:R-RNO-445989|Reactome:R-RNO-446107|Reactome:R-RNO-446353|Reactome:R-RNO-447043|Reactome:R-RNO-448706|Reactome:R-RNO-449836|Reactome:R-RNO-5218921|Reactome:R-RNO-5223345|Reactome:R-RNO-525793|Reactome:R-RNO-5607763|Reactome:R-RNO-5607764|Reactome:R-RNO-5620916|Reactome:R-RNO-5621575|Reactome:R-RNO-5628897|Reactome:R-RNO-5632681|Reactome:R-RNO-5654219|Reactome:R-RNO-5654228|Reactome:R-RNO-5654687|Reactome:R-RNO-5654688|Reactome:R-RNO-5654689|Reactome:R-RNO-5654693|Reactome:R-RNO-5654712|Reactome:R-RNO-5654719|Reactome:R-RNO-5654720|Reactome:R-RNO-5654726|Reactome:R-RNO-5654733|Reactome:R-RNO-5658623|Reactome:R-RNO-5673001|Reactome:R-RNO-5674135|Reactome:R-RNO-5683826|Reactome:R-RNO-5684264|Reactome:R-RNO-5687128|Reactome:R-RNO-5689603|Reactome:R-RNO-6785631|Reactome:R-RNO-6785807|Reactome:R-RNO-6788467|Reactome:R-RNO-6798695|Reactome:R-RNO-6804756|Reactome:R-RNO-6806942|Reactome:R-RNO-6807004|Reactome:R-RNO-6809371|Reactome:R-RNO-6811558|Reactome:R-RNO-74713|Reactome:R-RNO-74749|Reactome:R-RNO-74751|Reactome:R-RNO-74752|Reactome:R-RNO-77387|Reactome:R-RNO-879415|Reactome:R-RNO-8847993|Reactome:R-RNO-8849932|Reactome:R-RNO-8851680|Reactome:R-RNO-8851805|Reactome:R-RNO-8851907|Reactome:R-RNO-8853383|Reactome:R-RNO-8854691|Reactome:R-RNO-8856825|Reactome:R-RNO-8856828|Reactome:R-RNO-8857538|Reactome:R-RNO-8863795|Reactome:R-RNO-8865999|Reactome:R-RNO-8874081|Reactome:R-RNO-8875513|Reactome:R-RNO-8875555|Reactome:R-RNO-8875656|Reactome:R-RNO-8875791|Reactome:R-RNO-8932505|Reactome:R-RNO-8951664|Reactome:R-RNO-8957275|Reactome:R-RNO-8963896|Reactome:R-RNO-8980692|Reactome:R-RNO-8983432|Reactome:R-RNO-8984722|Reactome:R-RNO-9006335|Reactome:R-RNO-9007892|Reactome:R-RNO-9009391|Reactome:R-RNO-9013026|Reactome:R-RNO-9013106|Reactome:R-RNO-9013148|Reactome:R-RNO-9013149|Reactome:R-RNO-9013404|Reactome:R-RNO-9013408|Reactome:R-RNO-9013409|Reactome:R-RNO-9013423|Reactome:R-RNO-9014826|Reactome:R-RNO-9014843|Reactome:R-RNO-9020558|Reactome:R-RNO-9020702|Reactome:R-RNO-9020956|Reactome:R-RNO-9026527|Reactome:R-RNO-9027276|Reactome:R-RNO-9027284|Reactome:R-RNO-9028731|Reactome:R-RNO-9032759|Reactome:R-RNO-9034013|Reactome:R-RNO-9034793|Reactome:R-RNO-9035034|Reactome:R-RNO-912526|Reactome:R-RNO-917977|Reactome:R-RNO-933542|Reactome:R-RNO-9603381|Reactome:R-RNO-9609523|Reactome:R-RNO-9634597|Reactome:R-RNO-9664873|Reactome:R-RNO-9734091|Reactome:R-RNO-9749641|Reactome:R-RNO-9772755|Reactome:R-RNO-977606|Reactome:R-RNO-982772|Reactome:R-RNO-983168|Reactome:R-RNO-983170|Reactome:R-RNO-9851151|Reactome:R-RNO-9860927|Reactome:R-RNO-9927353|Reactome:R-RNO-9927354|Reactome:R-RNO-9931269|Reactome:R-SCE-1632852|Reactome:R-SCE-163680|Reactome:R-SCE-200425|Reactome:R-SCE-3322077|Reactome:R-SCE-380972|Reactome:R-SCE-6798695|Reactome:R-SCE-8948751|Reactome:R-SCE-9013106|Reactome:R-SCE-9609523|Reactome:R-SPO-1632852|Reactome:R-SPO-163680|Reactome:R-SPO-200425|Reactome:R-SPO-380972|Reactome:R-SPO-5628897|Reactome:R-SPO-6798695|Reactome:R-SPO-9609523|Reactome:R-SPO-9664873|Reactome:R-SSC-114608|Reactome:R-SSC-1170546|Reactome:R-SSC-1236974|Reactome:R-SSC-1236977|Reactome:R-SSC-1257604|Reactome:R-SSC-1474228|Reactome:R-SSC-173623|Reactome:R-SSC-198933|Reactome:R-SSC-2022854|Reactome:R-SSC-2022857|Reactome:R-SSC-2024101|Reactome:R-SSC-202424|Reactome:R-SSC-202427|Reactome:R-SSC-202430|Reactome:R-SSC-202433|Reactome:R-SSC-202733|Reactome:R-SSC-2029481|Reactome:R-SSC-2029482|Reactome:R-SSC-2029485|Reactome:R-SSC-210990|Reactome:R-SSC-2132295|Reactome:R-SSC-216083|Reactome:R-SSC-2160916|Reactome:R-SSC-2168880|Reactome:R-SSC-2424491|Reactome:R-SSC-2454202|Reactome:R-SSC-2730905|Reactome:R-SSC-2871796|Reactome:R-SSC-2871809|Reactome:R-SSC-2871837|Reactome:R-SSC-3000178|Reactome:R-SSC-389948|Reactome:R-SSC-391160|Reactome:R-SSC-416550|Reactome:R-SSC-432142|Reactome:R-SSC-5673001|Reactome:R-SSC-5690714|Reactome:R-SSC-6798695|Reactome:R-SSC-6806942|Reactome:R-SSC-6807004|Reactome:R-SSC-6811558|Reactome:R-SSC-8851805|Reactome:R-SSC-8851907|Reactome:R-SSC-8856825|Reactome:R-SSC-8856828|Reactome:R-SSC-8865999|Reactome:R-SSC-8874081|Reactome:R-SSC-8875513|Reactome:R-SSC-8875555|Reactome:R-SSC-8875656|Reactome:R-SSC-8875791|Reactome:R-SSC-8980692|Reactome:R-SSC-9006335|Reactome:R-SSC-9013106|Reactome:R-SSC-9013404|Reactome:R-SSC-9013408|Reactome:R-SSC-9020591|Reactome:R-SSC-9020933|Reactome:R-SSC-9027276|Reactome:R-SSC-9027284|Reactome:R-SSC-9734091|Reactome:R-SSC-977606|Reactome:R-SSC-982772|Reactome:R-SSC-983170|Reactome:R-SSC-983695|Reactome:R-XTR-202433|Reactome:R-XTR-418990|Reactome:R-XTR-5654687
D_discoideum_EAL67967	f4c3f581de168d6f7c98487bd81740cf	2233	Gene3D	G3DSA:3.40.50.2000	Glycogen Phosphorylase B;	110	313	1.8E-8	T	26-08-2026	-	-	-	-
D_discoideum_EAL67967	f4c3f581de168d6f7c98487bd81740cf	2233	MobiDBLite	mobidb-lite	consensus disorder prediction	1971	2011	-	T	26-08-2026	-	-	-	-
D_discoideum_EAL67967	f4c3f581de168d6f7c98487bd81740cf	2233	SUPERFAMILY	SSF53448	Nucleotide-diphospho-sugar transferases	547	759	3.09E-43	T	26-08-2026	IPR029044	Nucleotide-diphospho-sugar transferases	-	Reactome:R-BTA-1650814|Reactome:R-BTA-173599|Reactome:R-BTA-2022854|Reactome:R-BTA-2022928|Reactome:R-BTA-2534343|Reactome:R-BTA-3322077|Reactome:R-BTA-4085001|Reactome:R-BTA-5653890|Reactome:R-BTA-6798695|Reactome:R-BTA-6811436|Reactome:R-BTA-913709|Reactome:R-BTA-975577|Reactome:R-CEL-1650814|Reactome:R-CEL-1971475|Reactome:R-CEL-2022928|Reactome:R-CEL-3322077|Reactome:R-CEL-446205|Reactome:R-CEL-446210|Reactome:R-CEL-6798695|Reactome:R-CEL-6811436|Reactome:R-CEL-70221|Reactome:R-CEL-72731|Reactome:R-CEL-913709|Reactome:R-CEL-964739|Reactome:R-CEL-975577|Reactome:R-CEL-9840309|Reactome:R-CFA-1971475|Reactome:R-DDI-162699|Reactome:R-DDI-173599|Reactome:R-DDI-3322077|Reactome:R-DDI-446205|Reactome:R-DDI-446210|Reactome:R-DDI-480985|Reactome:R-DDI-72731|Reactome:R-DME-162699|Reactome:R-DME-1650814|Reactome:R-DME-190372|Reactome:R-DME-1971475|Reactome:R-DME-2022854|Reactome:R-DME-2022928|Reactome:R-DME-446205|Reactome:R-DME-480985|Reactome:R-DME-6811436|Reactome:R-DME-9037629|Reactome:R-DME-913709|Reactome:R-DME-975577|Reactome:R-DME-9840309|Reactome:R-DRE-1650814|Reactome:R-DRE-2022854|Reactome:R-DRE-2022928|Reactome:R-DRE-4085001|Reactome:R-DRE-446205|Reactome:R-DRE-913709|Reactome:R-DRE-975577|Reactome:R-DRE-9840309|Reactome:R-DRE-9939291|Reactome:R-HSA-162699|Reactome:R-HSA-1650814|Reactome:R-HSA-173599|Reactome:R-HSA-190372|Reactome:R-HSA-1912420|Reactome:R-HSA-1971475|Reactome:R-HSA-2022854|Reactome:R-HSA-2022870|Reactome:R-HSA-2022928|Reactome:R-HSA-2142845|Reactome:R-HSA-2534343|Reactome:R-HSA-3322077|Reactome:R-HSA-3560783|Reactome:R-HSA-3560801|Reactome:R-HSA-3595177|Reactome:R-HSA-3656237|Reactome:R-HSA-3656244|Reactome:R-HSA-3656253|Reactome:R-HSA-3785653|Reactome:R-HSA-381038|Reactome:R-HSA-3814836|Reactome:R-HSA-3828062|Reactome:R-HSA-3858516|Reactome:R-HSA-3878781|Reactome:R-HSA-4085001|Reactome:R-HSA-446203|Reactome:R-HSA-446205|Reactome:R-HSA-446210|Reactome:R-HSA-4717374|Reactome:R-HSA-4719360|Reactome:R-HSA-4719377|Reactome:R-HSA-4793952|Reactome:R-HSA-4793953|Reactome:R-HSA-480985|Reactome:R-HSA-5083625|Reactome:R-HSA-5083627|Reactome:R-HSA-5083628|Reactome:R-HSA-5083635|Reactome:R-HSA-5083636|Reactome:R-HSA-5173214|Reactome:R-HSA-5357609|Reactome:R-HSA-5653890|Reactome:R-HSA-6798695|Reactome:R-HSA-6811436|Reactome:R-HSA-70221|Reactome:R-HSA-72731|Reactome:R-HSA-8932504|Reactome:R-HSA-8932506|Reactome:R-HSA-901032|Reactome:R-HSA-9033807|Reactome:R-HSA-9037629|Reactome:R-HSA-913709|Reactome:R-HSA-964739|Reactome:R-HSA-9683673|Reactome:R-HSA-9683686|Reactome:R-HSA-9694548|Reactome:R-HSA-9694719|Reactome:R-HSA-975577|Reactome:R-HSA-975578|Reactome:R-HSA-9840309|Reactome:R-HSA-9918432|Reactome:R-HSA-9926550|Reactome:R-HSA-9931953|Reactome:R-HSA-9939291|Reactome:R-MMU-162699|Reactome:R-MMU-1650814|Reactome:R-MMU-173599|Reactome:R-MMU-190372|Reactome:R-MMU-1971475|Reactome:R-MMU-2022854|Reactome:R-MMU-2022870|Reactome:R-MMU-2022928|Reactome:R-MMU-2142845|Reactome:R-MMU-2534343|Reactome:R-MMU-3322077|Reactome:R-MMU-4085001|Reactome:R-MMU-446203|Reactome:R-MMU-446205|Reactome:R-MMU-446210|Reactome:R-MMU-480985|Reactome:R-MMU-5173214|Reactome:R-MMU-5653890|Reactome:R-MMU-6798695|Reactome:R-MMU-6811436|Reactome:R-MMU-70221|Reactome:R-MMU-72731|Reactome:R-MMU-8932504|Reactome:R-MMU-8932506|Reactome:R-MMU-9033807|Reactome:R-MMU-9037629|Reactome:R-MMU-913709|Reactome:R-MMU-964739|Reactome:R-MMU-975577|Reactome:R-MMU-975578|Reactome:R-MMU-9840309|Reactome:R-MMU-9939291|Reactome:R-RNO-1650814|Reactome:R-RNO-2022854|Reactome:R-RNO-2142845|Reactome:R-RNO-3322077|Reactome:R-RNO-4085001|Reactome:R-RNO-446205|Reactome:R-RNO-6798695|Reactome:R-RNO-6811436|Reactome:R-RNO-70221|Reactome:R-RNO-72731|Reactome:R-RNO-8932504|Reactome:R-RNO-8932506|Reactome:R-RNO-9033807|Reactome:R-RNO-913709|Reactome:R-RNO-964739|Reactome:R-RNO-975577|Reactome:R-RNO-975578|Reactome:R-RNO-9840309|Reactome:R-RNO-9939291|Reactome:R-SCE-173599|Reactome:R-SCE-3322077|Reactome:R-SCE-446210|Reactome:R-SCE-480985|Reactome:R-SCE-6798695|Reactome:R-SCE-70221|Reactome:R-SCE-72731|Reactome:R-SPO-162699|Reactome:R-SPO-173599|Reactome:R-SPO-3322077|Reactome:R-SPO-446205|Reactome:R-SPO-446210|Reactome:R-SPO-480985|Reactome:R-SPO-6798695|Reactome:R-SPO-70221|Reactome:R-SPO-72731|Reactome:R-SSC-162699|Reactome:R-SSC-2022854|Reactome:R-SSC-913709|Reactome:R-SSC-975577|Reactome:R-SSC-9840309|Reactome:R-XTR-446205|Reactome:R-XTR-913709|Reactome:R-XTR-9840309|Reactome:R-XTR-9939291
D_discoideum_EAL67967	f4c3f581de168d6f7c98487bd81740cf	2233	MobiDBLite	mobidb-lite	consensus disorder prediction	2097	2117	-	T	26-08-2026	-	-	-	-
D_discoideum_EAL67967	f4c3f581de168d6f7c98487bd81740cf	2233	Gene3D	G3DSA:3.40.50.2000	Glycogen Phosphorylase B;	321	501	3.2E-8	T	26-08-2026	-	-	-	-
D_discoideum_EAL67967	f4c3f581de168d6f7c98487bd81740cf	2233	Coils	Coil	Coil	2203	2226	-	T	26-08-2026	-	-	-	-
D_discoideum_EAL67967	f4c3f581de168d6f7c98487bd81740cf	2233	Phobius	CYTOPLASMIC_DOMAIN	Region of a membrane-bound protein predicted to be outside the membrane, in the cytoplasm.	1957	2233	-	T	26-08-2026	-	-	-	-
D_discoideum_EAL67967	f4c3f581de168d6f7c98487bd81740cf	2233	Phobius	TRANSMEMBRANE	Region of a membrane-bound protein predicted to be embedded in the membrane.	1932	1956	-	T	26-08-2026	-	-	-	-
D_discoideum_EAL67967	f4c3f581de168d6f7c98487bd81740cf	2233	MobiDBLite	mobidb-lite	consensus disorder prediction	2201	2233	-	T	26-08-2026	-	-	-	-
D_discoideum_EAL67967	f4c3f581de168d6f7c98487bd81740cf	2233	MobiDBLite	mobidb-lite	consensus disorder prediction	1960	2034	-	T	26-08-2026	-	-	-	-
D_discoideum_EAL67967	f4c3f581de168d6f7c98487bd81740cf	2233	MobiDBLite	mobidb-lite	consensus disorder prediction	1960	1970	-	T	26-08-2026	-	-	-	-
D_discoideum_EAL67967	f4c3f581de168d6f7c98487bd81740cf	2233	SUPERFAMILY	SSF81296	E set domains	811	898	1.82E-10	T	26-08-2026	IPR014756	Immunoglobulin E-set	-	Reactome:R-BTA-1296041|Reactome:R-BTA-1296053|Reactome:R-BTA-1632852|Reactome:R-BTA-2514859|Reactome:R-BTA-350054|Reactome:R-BTA-380972|Reactome:R-BTA-418555|Reactome:R-BTA-432720|Reactome:R-BTA-432722|Reactome:R-BTA-456926|Reactome:R-BTA-5576886|Reactome:R-BTA-5624958|Reactome:R-BTA-5628897|Reactome:R-BTA-5635838|Reactome:R-BTA-5674135|Reactome:R-BTA-5689880|Reactome:R-BTA-6798695|Reactome:R-BTA-6804756|Reactome:R-BTA-8856825|Reactome:R-BTA-8856828|Reactome:R-BTA-8941856|Reactome:R-BTA-8964038|Reactome:R-BTA-9013148|Reactome:R-BTA-9013407|Reactome:R-BTA-9013408|Reactome:R-BTA-9648002|Reactome:R-BTA-9839389|Reactome:R-BTA-9931269|Reactome:R-BTA-9954716|Reactome:R-BTA-997272|Reactome:R-CEL-1296041|Reactome:R-CEL-1296053|Reactome:R-CEL-1296067|Reactome:R-CEL-264876|Reactome:R-CEL-416482|Reactome:R-CEL-416572|Reactome:R-CEL-416700|Reactome:R-CEL-432720|Reactome:R-CEL-432722|Reactome:R-CEL-456926|Reactome:R-CEL-5099900|Reactome:R-CEL-5576886|Reactome:R-CEL-5620916|Reactome:R-CEL-5624138|Reactome:R-CEL-5674135|Reactome:R-CEL-6798695|Reactome:R-CEL-72163|Reactome:R-CEL-72165|Reactome:R-CEL-844456|Reactome:R-CEL-8856825|Reactome:R-CEL-8856828|Reactome:R-CEL-8964038|Reactome:R-CEL-8980692|Reactome:R-CEL-9013148|Reactome:R-CEL-9013149|Reactome:R-CEL-9013407|Reactome:R-CEL-9013423|Reactome:R-CEL-913709|Reactome:R-CEL-9648002|Reactome:R-CEL-997272|Reactome:R-CFA-1296041|Reactome:R-CFA-1296053|Reactome:R-CFA-5576886|Reactome:R-CFA-5624958|Reactome:R-CFA-9648002|Reactome:R-CFA-997272|Reactome:R-DDI-3295583|Reactome:R-DDI-5213460|Reactome:R-DDI-5673000|Reactome:R-DDI-5674135|Reactome:R-DDI-5675221|Reactome:R-DDI-5675482|Reactome:R-DDI-6798695|Reactome:R-DDI-72163|Reactome:R-DDI-8964038|Reactome:R-DDI-9013149|Reactome:R-DDI-9013404|Reactome:R-DDI-9013423|Reactome:R-DDI-9954716|Reactome:R-DME-114608|Reactome:R-DME-1169091|Reactome:R-DME-1614517|Reactome:R-DME-1810476|Reactome:R-DME-202424|Reactome:R-DME-209394|Reactome:R-DME-209400|Reactome:R-DME-209406|Reactome:R-DME-209560|Reactome:R-DME-214399|Reactome:R-DME-214411|Reactome:R-DME-214416|Reactome:R-DME-214842|Reactome:R-DME-214844|Reactome:R-DME-214869|Reactome:R-DME-264876|Reactome:R-DME-2871837|Reactome:R-DME-3134963|Reactome:R-DME-350054|Reactome:R-DME-416482|Reactome:R-DME-416572|Reactome:R-DME-416700|Reactome:R-DME-418555|Reactome:R-DME-432720|Reactome:R-DME-432722|Reactome:R-DME-445989|Reactome:R-DME-446353|Reactome:R-DME-4755510|Reactome:R-DME-5607761|Reactome:R-DME-5607764|Reactome:R-DME-5620916|Reactome:R-DME-5621575|Reactome:R-DME-5627123|Reactome:R-DME-5674135|Reactome:R-DME-5676590|Reactome:R-DME-5689880|Reactome:R-DME-6798695|Reactome:R-DME-72163|Reactome:R-DME-72165|Reactome:R-DME-8856825|Reactome:R-DME-8856828|Reactome:R-DME-9020702|Reactome:R-DME-913709|Reactome:R-DME-933542|Reactome:R-DME-9648002|Reactome:R-DME-977068|Reactome:R-DME-9839389|Reactome:R-DME-9860927|Reactome:R-DRE-399954|Reactome:R-DRE-399956|Reactome:R-DRE-5624138|Reactome:R-DRE-6798695|Reactome:R-DRE-8964038|Reactome:R-DRE-983168|Reactome:R-GGA-1227892|Reactome:R-GGA-1296041|Reactome:R-GGA-1296053|Reactome:R-GGA-434001|Reactome:R-GGA-434131|Reactome:R-GGA-5576886|Reactome:R-GGA-9954716|Reactome:R-GGA-997272|Reactome:R-HSA-112126|Reactome:R-HSA-114608|Reactome:R-HSA-1169091|Reactome:R-HSA-1169408|Reactome:R-HSA-1236974|Reactome:R-HSA-1257604|Reactome:R-HSA-1296025|Reactome:R-HSA-1296041|Reactome:R-HSA-1296053|Reactome:R-HSA-1296067|Reactome:R-HSA-140534|Reactome:R-HSA-140837|Reactome:R-HSA-140875|Reactome:R-HSA-1445148|Reactome:R-HSA-1474228|Reactome:R-HSA-1614517|Reactome:R-HSA-163125|Reactome:R-HSA-1632852|Reactome:R-HSA-163680|Reactome:R-HSA-166016|Reactome:R-HSA-166058|Reactome:R-HSA-166166|Reactome:R-HSA-1810476|Reactome:R-HSA-1912408|Reactome:R-HSA-193634|Reactome:R-HSA-193692|Reactome:R-HSA-200425|Reactome:R-HSA-202424|Reactome:R-HSA-2025928|Reactome:R-HSA-209560|Reactome:R-HSA-209563|Reactome:R-HSA-210744|Reactome:R-HSA-2122947|Reactome:R-HSA-2122948|Reactome:R-HSA-2151209|Reactome:R-HSA-2197563|Reactome:R-HSA-2219530|Reactome:R-HSA-2485179|Reactome:R-HSA-2514859|Reactome:R-HSA-2559582|Reactome:R-HSA-2562578|Reactome:R-HSA-2644606|Reactome:R-HSA-264876|Reactome:R-HSA-2871809|Reactome:R-HSA-2871837|Reactome:R-HSA-2894862|Reactome:R-HSA-3134963|Reactome:R-HSA-3214841|Reactome:R-HSA-3322077|Reactome:R-HSA-350054|Reactome:R-HSA-380972|Reactome:R-HSA-381340|Reactome:R-HSA-382556|Reactome:R-HSA-3878781|Reactome:R-HSA-399954|Reactome:R-HSA-399955|Reactome:R-HSA-399956|Reactome:R-HSA-4086398|Reactome:R-HSA-416482|Reactome:R-HSA-416550|Reactome:R-HSA-416572|Reactome:R-HSA-416700|Reactome:R-HSA-418555|Reactome:R-HSA-422356|Reactome:R-HSA-430116|Reactome:R-HSA-432720|Reactome:R-HSA-432722|Reactome:R-HSA-445989|Reactome:R-HSA-446353|Reactome:R-HSA-448706|Reactome:R-HSA-456926|Reactome:R-HSA-4755510|Reactome:R-HSA-5099900|Reactome:R-HSA-5223345|Reactome:R-HSA-5576886|Reactome:R-HSA-5578775|Reactome:R-HSA-5602498|Reactome:R-HSA-5603029|Reactome:R-HSA-5603041|Reactome:R-HSA-5607761|Reactome:R-HSA-5607763|Reactome:R-HSA-5607764|Reactome:R-HSA-5620916|Reactome:R-HSA-5621575|Reactome:R-HSA-5624138|Reactome:R-HSA-5624958|Reactome:R-HSA-5627123|Reactome:R-HSA-5628897|Reactome:R-HSA-5635838|Reactome:R-HSA-5660668|Reactome:R-HSA-5673001|Reactome:R-HSA-5674135|Reactome:R-HSA-5676590|Reactome:R-HSA-5678420|Reactome:R-HSA-5683177|Reactome:R-HSA-5684264|Reactome:R-HSA-5686938|Reactome:R-HSA-5689880|Reactome:R-HSA-6785807|Reactome:R-HSA-6798695|Reactome:R-HSA-6802946|Reactome:R-HSA-6802948|Reactome:R-HSA-6802952|Reactome:R-HSA-6802955|Reactome:R-HSA-6804756|Reactome:R-HSA-6806942|Reactome:R-HSA-6807004|Reactome:R-HSA-6809371|Reactome:R-HSA-6811558|Reactome:R-HSA-72163|Reactome:R-HSA-72165|Reactome:R-HSA-844456|Reactome:R-HSA-877300|Reactome:R-HSA-8851805|Reactome:R-HSA-8851907|Reactome:R-HSA-8852405|Reactome:R-HSA-8853884|Reactome:R-HSA-8856825|Reactome:R-HSA-8856828|Reactome:R-HSA-8865999|Reactome:R-HSA-8874081|Reactome:R-HSA-8875360|Reactome:R-HSA-8875513|Reactome:R-HSA-8875555|Reactome:R-HSA-8875656|Reactome:R-HSA-8875791|Reactome:R-HSA-8876493|Reactome:R-HSA-8877330|Reactome:R-HSA-8941856|Reactome:R-HSA-8963896|Reactome:R-HSA-8964038|Reactome:R-HSA-8980692|Reactome:R-HSA-8983711|Reactome:R-HSA-9013026|Reactome:R-HSA-9013106|Reactome:R-HSA-9013148|Reactome:R-HSA-9013149|Reactome:R-HSA-9013404|Reactome:R-HSA-9013405|Reactome:R-HSA-9013407|Reactome:R-HSA-9013408|Reactome:R-HSA-9013423|Reactome:R-HSA-9013508|Reactome:R-HSA-9013695|Reactome:R-HSA-9020702|Reactome:R-HSA-9022699|Reactome:R-HSA-933542|Reactome:R-HSA-936964|Reactome:R-HSA-937041|Reactome:R-HSA-937072|Reactome:R-HSA-9609690|Reactome:R-HSA-9613354|Reactome:R-HSA-9615017|Reactome:R-HSA-9617629|Reactome:R-HSA-9619483|Reactome:R-HSA-9638334|Reactome:R-HSA-9648002|Reactome:R-HSA-9649948|Reactome:R-HSA-9656223|Reactome:R-HSA-9660826|Reactome:R-HSA-9692916|Reactome:R-HSA-9696270|Reactome:R-HSA-9696273|Reactome:R-HSA-9707564|Reactome:R-HSA-9707616|Reactome:R-HSA-9729555|Reactome:R-HSA-9734091|Reactome:R-HSA-975163|Reactome:R-HSA-9752946|Reactome:R-HSA-9793380|Reactome:R-HSA-9818749|Reactome:R-HSA-9820960|Reactome:R-HSA-9824272|Reactome:R-HSA-9824878|Reactome:R-HSA-9825892|Reactome:R-HSA-983168|Reactome:R-HSA-9833110|Reactome:R-HSA-9839389|Reactome:R-HSA-9844594|Reactome:R-HSA-9860927|Reactome:R-HSA-9909649|Reactome:R-HSA-9918432|Reactome:R-HSA-9918476|Reactome:R-HSA-9918481|Reactome:R-HSA-9918485|Reactome:R-HSA-9918487|Reactome:R-HSA-9920588|Reactome:R-HSA-9920951|Reactome:R-HSA-9931269|Reactome:R-HSA-9942503|Reactome:R-HSA-9954716|Reactome:R-HSA-997272|Reactome:R-MMU-114608|Reactome:R-MMU-1169091|Reactome:R-MMU-1169408|Reactome:R-MMU-1257604|Reactome:R-MMU-1296025|Reactome:R-MMU-1296041|Reactome:R-MMU-1296053|Reactome:R-MMU-1296067|Reactome:R-MMU-140534|Reactome:R-MMU-140837|Reactome:R-MMU-140875|Reactome:R-MMU-1474228|Reactome:R-MMU-1614517|Reactome:R-MMU-163125|Reactome:R-MMU-1632852|Reactome:R-MMU-163680|Reactome:R-MMU-166016|Reactome:R-MMU-166166|Reactome:R-MMU-1810476|Reactome:R-MMU-193634|Reactome:R-MMU-193692|Reactome:R-MMU-200425|Reactome:R-MMU-202424|Reactome:R-MMU-2025928|Reactome:R-MMU-209560|Reactome:R-MMU-209563|Reactome:R-MMU-2122947|Reactome:R-MMU-2514859|Reactome:R-MMU-2562578|Reactome:R-MMU-264876|Reactome:R-MMU-2871809|Reactome:R-MMU-2871837|Reactome:R-MMU-3134963|Reactome:R-MMU-3214841|Reactome:R-MMU-3322077|Reactome:R-MMU-350054|Reactome:R-MMU-380972|Reactome:R-MMU-382556|Reactome:R-MMU-399954|Reactome:R-MMU-399955|Reactome:R-MMU-399956|Reactome:R-MMU-4086398|Reactome:R-MMU-416482|Reactome:R-MMU-416550|Reactome:R-MMU-416572|Reactome:R-MMU-416700|Reactome:R-MMU-418555|Reactome:R-MMU-422356|Reactome:R-MMU-430116|Reactome:R-MMU-432720|Reactome:R-MMU-432722|Reactome:R-MMU-445989|Reactome:R-MMU-446353|Reactome:R-MMU-448706|Reactome:R-MMU-456926|Reactome:R-MMU-4755510|Reactome:R-MMU-5099900|Reactome:R-MMU-5223345|Reactome:R-MMU-5576886|Reactome:R-MMU-5578775|Reactome:R-MMU-5607761|Reactome:R-MMU-5607763|Reactome:R-MMU-5607764|Reactome:R-MMU-5620916|Reactome:R-MMU-5621575|Reactome:R-MMU-5624138|Reactome:R-MMU-5624958|Reactome:R-MMU-5627123|Reactome:R-MMU-5628897|Reactome:R-MMU-5635838|Reactome:R-MMU-5673001|Reactome:R-MMU-5674135|Reactome:R-MMU-5676590|Reactome:R-MMU-5684264|Reactome:R-MMU-5686938|Reactome:R-MMU-5689880|Reactome:R-MMU-6798695|Reactome:R-MMU-6804756|Reactome:R-MMU-6806942|Reactome:R-MMU-6807004|Reactome:R-MMU-6809371|Reactome:R-MMU-6811558|Reactome:R-MMU-72163|Reactome:R-MMU-72165|Reactome:R-MMU-844456|Reactome:R-MMU-8851805|Reactome:R-MMU-8851907|Reactome:R-MMU-8852405|Reactome:R-MMU-8856825|Reactome:R-MMU-8856828|Reactome:R-MMU-8865999|Reactome:R-MMU-8874081|Reactome:R-MMU-8875513|Reactome:R-MMU-8875555|Reactome:R-MMU-8875656|Reactome:R-MMU-8875791|Reactome:R-MMU-8941856|Reactome:R-MMU-8963896|Reactome:R-MMU-8964038|Reactome:R-MMU-8980692|Reactome:R-MMU-9013026|Reactome:R-MMU-9013106|Reactome:R-MMU-9013148|Reactome:R-MMU-9013149|Reactome:R-MMU-9013404|Reactome:R-MMU-9013407|Reactome:R-MMU-9013408|Reactome:R-MMU-9013423|Reactome:R-MMU-9020702|Reactome:R-MMU-933542|Reactome:R-MMU-936964|Reactome:R-MMU-937041|Reactome:R-MMU-937072|Reactome:R-MMU-9648002|Reactome:R-MMU-9696270|Reactome:R-MMU-9696273|Reactome:R-MMU-9707616|Reactome:R-MMU-9734091|Reactome:R-MMU-975163|Reactome:R-MMU-9824878|Reactome:R-MMU-983168|Reactome:R-MMU-9839389|Reactome:R-MMU-9860927|Reactome:R-MMU-9931269|Reactome:R-MMU-9954716|Reactome:R-MMU-997272|Reactome:R-MTU-868688|Reactome:R-RNO-114608|Reactome:R-RNO-1169091|Reactome:R-RNO-1257604|Reactome:R-RNO-1296025|Reactome:R-RNO-1296041|Reactome:R-RNO-1296053|Reactome:R-RNO-1296067|Reactome:R-RNO-140837|Reactome:R-RNO-140875|Reactome:R-RNO-1474228|Reactome:R-RNO-1614517|Reactome:R-RNO-1632852|Reactome:R-RNO-163680|Reactome:R-RNO-1810476|Reactome:R-RNO-193634|Reactome:R-RNO-193692|Reactome:R-RNO-200425|Reactome:R-RNO-202424|Reactome:R-RNO-2025928|Reactome:R-RNO-209560|Reactome:R-RNO-209563|Reactome:R-RNO-2514859|Reactome:R-RNO-264876|Reactome:R-RNO-2871809|Reactome:R-RNO-2871837|Reactome:R-RNO-3134963|Reactome:R-RNO-3214841|Reactome:R-RNO-380972|Reactome:R-RNO-382556|Reactome:R-RNO-399954|Reactome:R-RNO-399955|Reactome:R-RNO-399956|Reactome:R-RNO-416550|Reactome:R-RNO-416700|Reactome:R-RNO-418555|Reactome:R-RNO-422356|Reactome:R-RNO-432720|Reactome:R-RNO-432722|Reactome:R-RNO-445989|Reactome:R-RNO-446353|Reactome:R-RNO-448706|Reactome:R-RNO-456926|Reactome:R-RNO-5099900|Reactome:R-RNO-5223345|Reactome:R-RNO-5576886|Reactome:R-RNO-5578775|Reactome:R-RNO-5607763|Reactome:R-RNO-5607764|Reactome:R-RNO-5620916|Reactome:R-RNO-5621575|Reactome:R-RNO-5628897|Reactome:R-RNO-5673001|Reactome:R-RNO-5674135|Reactome:R-RNO-5684264|Reactome:R-RNO-5689880|Reactome:R-RNO-6798695|Reactome:R-RNO-6804756|Reactome:R-RNO-6806942|Reactome:R-RNO-6807004|Reactome:R-RNO-6809371|Reactome:R-RNO-6811558|Reactome:R-RNO-72163|Reactome:R-RNO-72165|Reactome:R-RNO-844456|Reactome:R-RNO-8851805|Reactome:R-RNO-8851907|Reactome:R-RNO-8856825|Reactome:R-RNO-8856828|Reactome:R-RNO-8865999|Reactome:R-RNO-8874081|Reactome:R-RNO-8875513|Reactome:R-RNO-8875555|Reactome:R-RNO-8875656|Reactome:R-RNO-8875791|Reactome:R-RNO-8963896|Reactome:R-RNO-8980692|Reactome:R-RNO-9013106|Reactome:R-RNO-9013148|Reactome:R-RNO-9013149|Reactome:R-RNO-9013404|Reactome:R-RNO-9013407|Reactome:R-RNO-9013408|Reactome:R-RNO-9020702|Reactome:R-RNO-933542|Reactome:R-RNO-9734091|Reactome:R-RNO-983168|Reactome:R-RNO-9839389|Reactome:R-RNO-9860927|Reactome:R-RNO-9931269|Reactome:R-RNO-9954716|Reactome:R-RNO-997272|Reactome:R-SCE-1632852|Reactome:R-SCE-163680|Reactome:R-SCE-200425|Reactome:R-SCE-3238698|Reactome:R-SCE-3322077|Reactome:R-SCE-380972|Reactome:R-SCE-6798695|Reactome:R-SCE-8948751|Reactome:R-SCE-8964038|Reactome:R-SCE-8980692|Reactome:R-SCE-9013106|Reactome:R-SCE-9013148|Reactome:R-SCE-9013149|Reactome:R-SCE-9013423|Reactome:R-SPO-1632852|Reactome:R-SPO-163680|Reactome:R-SPO-200425|Reactome:R-SPO-380972|Reactome:R-SPO-5628897|Reactome:R-SPO-6798695|Reactome:R-SPO-72163|Reactome:R-SPO-8964038|Reactome:R-SPO-8980692|Reactome:R-SPO-9013106|Reactome:R-SPO-9013148|Reactome:R-SSC-1257604|Reactome:R-SSC-1296041|Reactome:R-SSC-1296053|Reactome:R-SSC-416550|Reactome:R-SSC-5576886|Reactome:R-SSC-5673001|Reactome:R-SSC-6798695|Reactome:R-SSC-6806942|Reactome:R-SSC-6807004|Reactome:R-SSC-6811558|Reactome:R-SSC-844456|Reactome:R-SSC-8851805|Reactome:R-SSC-8851907|Reactome:R-SSC-8865999|Reactome:R-SSC-8874081|Reactome:R-SSC-8875513|Reactome:R-SSC-8875555|Reactome:R-SSC-8875656|Reactome:R-SSC-8875791|Reactome:R-SSC-8964038|Reactome:R-SSC-9734091|Reactome:R-SSC-997272
D_discoideum_EAL67967	f4c3f581de168d6f7c98487bd81740cf	2233	MobiDBLite	mobidb-lite	consensus disorder prediction	2178	2193	-	T	26-08-2026	-	-	-	-
D_discoideum_EAL67967	f4c3f581de168d6f7c98487bd81740cf	2233	Phobius	SIGNAL_PEPTIDE_N_REGION	N-terminal region of a signal peptide.	1	3	-	T	26-08-2026	-	-	-	-
D_discoideum_EAL67967	f4c3f581de168d6f7c98487bd81740cf	2233	Pfam	PF00535	Glycosyl transferase family 2	550	674	5.9E-21	T	26-08-2026	IPR001173	Glycosyltransferase 2-like	-	Reactome:R-BTA-6811436|Reactome:R-BTA-913709|Reactome:R-CEL-6811436|Reactome:R-CEL-913709|Reactome:R-DDI-162699|Reactome:R-DDI-480985|Reactome:R-DME-162699|Reactome:R-DME-190372|Reactome:R-DME-480985|Reactome:R-DME-6811436|Reactome:R-DME-913709|Reactome:R-DRE-913709|Reactome:R-HSA-162699|Reactome:R-HSA-190372|Reactome:R-HSA-446203|Reactome:R-HSA-4717374|Reactome:R-HSA-4719360|Reactome:R-HSA-4719377|Reactome:R-HSA-480985|Reactome:R-HSA-5083625|Reactome:R-HSA-5083636|Reactome:R-HSA-6811436|Reactome:R-HSA-9037629|Reactome:R-HSA-913709|Reactome:R-HSA-9683673|Reactome:R-HSA-9694719|Reactome:R-HSA-9840309|Reactome:R-HSA-9918432|Reactome:R-HSA-9931953|Reactome:R-MMU-162699|Reactome:R-MMU-190372|Reactome:R-MMU-2142845|Reactome:R-MMU-446203|Reactome:R-MMU-480985|Reactome:R-MMU-6811436|Reactome:R-MMU-9037629|Reactome:R-MMU-913709|Reactome:R-MMU-9840309|Reactome:R-RNO-6811436|Reactome:R-RNO-913709|Reactome:R-RNO-9840309|Reactome:R-SCE-480985|Reactome:R-SPO-162699|Reactome:R-SPO-480985|Reactome:R-SSC-162699|Reactome:R-XTR-913709
D_discoideum_EAL67967	f4c3f581de168d6f7c98487bd81740cf	2233	Gene3D	G3DSA:2.60.40.10	Immunoglobulins	808	910	3.0E-17	T	26-08-2026	IPR013783	Immunoglobulin-like fold	-	Reactome:R-BTA-114608|Reactome:R-BTA-1236974|Reactome:R-BTA-1236977|Reactome:R-BTA-1257604|Reactome:R-BTA-1266695|Reactome:R-BTA-140834|Reactome:R-BTA-163125|Reactome:R-BTA-1632852|Reactome:R-BTA-1660661|Reactome:R-BTA-173736|Reactome:R-BTA-174577|Reactome:R-BTA-1971475|Reactome:R-BTA-198933|Reactome:R-BTA-2022870|Reactome:R-BTA-2022923|Reactome:R-BTA-2024101|Reactome:R-BTA-202424|Reactome:R-BTA-202427|Reactome:R-BTA-202430|Reactome:R-BTA-202433|Reactome:R-BTA-202733|Reactome:R-BTA-210993|Reactome:R-BTA-216083|Reactome:R-BTA-2173791|Reactome:R-BTA-2424491|Reactome:R-BTA-3000178|Reactome:R-BTA-350054|Reactome:R-BTA-375276|Reactome:R-BTA-380972|Reactome:R-BTA-381426|Reactome:R-BTA-388844|Reactome:R-BTA-389948|Reactome:R-BTA-418594|Reactome:R-BTA-420029|Reactome:R-BTA-445355|Reactome:R-BTA-5576892|Reactome:R-BTA-5627123|Reactome:R-BTA-5628897|Reactome:R-BTA-5673001|Reactome:R-BTA-5690714|Reactome:R-BTA-6785807|Reactome:R-BTA-6798695|Reactome:R-BTA-6804756|Reactome:R-BTA-6811558|Reactome:R-BTA-77387|Reactome:R-BTA-8849932|Reactome:R-BTA-8856825|Reactome:R-BTA-8856828|Reactome:R-BTA-8932505|Reactome:R-BTA-8941856|Reactome:R-BTA-8957275|Reactome:R-BTA-8980692|Reactome:R-BTA-8983432|Reactome:R-BTA-8985947|Reactome:R-BTA-9013106|Reactome:R-BTA-9013404|Reactome:R-BTA-9013408|Reactome:R-BTA-9020558|Reactome:R-BTA-9020958|Reactome:R-BTA-909733|Reactome:R-BTA-912526|Reactome:R-BTA-912694|Reactome:R-BTA-9609523|Reactome:R-BTA-977606|Reactome:R-BTA-983168|Reactome:R-BTA-983170|Reactome:R-BTA-983695|Reactome:R-BTA-9927354|Reactome:R-BTA-9931269|Reactome:R-CEL-1257604|Reactome:R-CEL-1433557|Reactome:R-CEL-1433559|Reactome:R-CEL-1474228|Reactome:R-CEL-186763|Reactome:R-CEL-186797|Reactome:R-CEL-190322|Reactome:R-CEL-190370|Reactome:R-CEL-190371|Reactome:R-CEL-190372|Reactome:R-CEL-190373|Reactome:R-CEL-190375|Reactome:R-CEL-190377|Reactome:R-CEL-1971475|Reactome:R-CEL-2022928|Reactome:R-CEL-2024096|Reactome:R-CEL-209968|Reactome:R-CEL-210991|Reactome:R-CEL-216083|Reactome:R-CEL-2243919|Reactome:R-CEL-264876|Reactome:R-CEL-2682334|Reactome:R-CEL-3000171|Reactome:R-CEL-3000178|Reactome:R-CEL-373752|Reactome:R-CEL-373753|Reactome:R-CEL-375165|Reactome:R-CEL-376176|Reactome:R-CEL-388844|Reactome:R-CEL-3928662|Reactome:R-CEL-3928663|Reactome:R-CEL-3928664|Reactome:R-CEL-3928665|Reactome:R-CEL-399955|Reactome:R-CEL-399956|Reactome:R-CEL-416482|Reactome:R-CEL-416572|Reactome:R-CEL-416700|Reactome:R-CEL-418885|Reactome:R-CEL-419037|Reactome:R-CEL-428542|Reactome:R-CEL-433692|Reactome:R-CEL-4420097|Reactome:R-CEL-445144|Reactome:R-CEL-447043|Reactome:R-CEL-5140745|Reactome:R-CEL-5218920|Reactome:R-CEL-525793|Reactome:R-CEL-5620916|Reactome:R-CEL-5654219|Reactome:R-CEL-5654221|Reactome:R-CEL-5654227|Reactome:R-CEL-5654228|Reactome:R-CEL-5654689|Reactome:R-CEL-5654693|Reactome:R-CEL-5654695|Reactome:R-CEL-5654699|Reactome:R-CEL-5654700|Reactome:R-CEL-5654704|Reactome:R-CEL-5654706|Reactome:R-CEL-5654710|Reactome:R-CEL-5654712|Reactome:R-CEL-5654720|Reactome:R-CEL-5654726|Reactome:R-CEL-5654727|Reactome:R-CEL-5654732|Reactome:R-CEL-5654733|Reactome:R-CEL-5673001|Reactome:R-CEL-6798695|Reactome:R-CEL-6809371|Reactome:R-CEL-6811558|Reactome:R-CEL-77387|Reactome:R-CEL-8849932|Reactome:R-CEL-8853383|Reactome:R-CEL-8863795|Reactome:R-CEL-8941413|Reactome:R-CEL-9013149|Reactome:R-CEL-9013420|Reactome:R-CEL-9013423|Reactome:R-CEL-9013424|Reactome:R-CEL-913709|Reactome:R-CEL-9607240|Reactome:R-CEL-9749641|Reactome:R-CEL-9764561|Reactome:R-CEL-9772755|Reactome:R-CEL-9913351|Reactome:R-CFA-1257604|Reactome:R-CFA-1433557|Reactome:R-CFA-1433559|Reactome:R-CFA-198933|Reactome:R-CFA-2024096|Reactome:R-CFA-2024101|Reactome:R-CFA-202424|Reactome:R-CFA-202427|Reactome:R-CFA-202430|Reactome:R-CFA-202433|Reactome:R-CFA-216083|Reactome:R-CFA-389948|Reactome:R-CFA-5673001|Reactome:R-CFA-5690714|Reactome:R-CFA-6785807|Reactome:R-CFA-6788467|Reactome:R-CFA-6811558|Reactome:R-CFA-8932504|Reactome:R-CFA-8932505|Reactome:R-CFA-8932506|Reactome:R-CFA-9010553|Reactome:R-CFA-983170|Reactome:R-CFA-983695|Reactome:R-CFA-9856649|Reactome:R-CFA-9913351|Reactome:R-CFA-9927354|Reactome:R-CFA-9939291|Reactome:R-DDI-3295583|Reactome:R-DDI-5213460|Reactome:R-DDI-5673000|Reactome:R-DDI-5674135|Reactome:R-DDI-5675221|Reactome:R-DDI-5675482|Reactome:R-DME-109704|Reactome:R-DME-110478|Reactome:R-DME-114608|Reactome:R-DME-1169091|Reactome:R-DME-1227986|Reactome:R-DME-1236394|Reactome:R-DME-1250196|Reactome:R-DME-1250342|Reactome:R-DME-1250347|Reactome:R-DME-1257604|Reactome:R-DME-1307965|Reactome:R-DME-1358803|Reactome:R-DME-1474228|Reactome:R-DME-1810476|Reactome:R-DME-190322|Reactome:R-DME-190370|Reactome:R-DME-190371|Reactome:R-DME-190372|Reactome:R-DME-190373|Reactome:R-DME-190374|Reactome:R-DME-190375|Reactome:R-DME-190377|Reactome:R-DME-1963640|Reactome:R-DME-1963642|Reactome:R-DME-1971475|Reactome:R-DME-2022928|Reactome:R-DME-2024096|Reactome:R-DME-2024101|Reactome:R-DME-202424|Reactome:R-DME-202733|Reactome:R-DME-209209|Reactome:R-DME-209228|Reactome:R-DME-209338|Reactome:R-DME-209394|Reactome:R-DME-209400|Reactome:R-DME-209406|Reactome:R-DME-209560|Reactome:R-DME-209968|Reactome:R-DME-210688|Reactome:R-DME-210991|Reactome:R-DME-214399|Reactome:R-DME-214411|Reactome:R-DME-214416|Reactome:R-DME-214842|Reactome:R-DME-214844|Reactome:R-DME-214869|Reactome:R-DME-216083|Reactome:R-DME-264876|Reactome:R-DME-2871837|Reactome:R-DME-3000171|Reactome:R-DME-3000178|Reactome:R-DME-3134963|Reactome:R-DME-3214847|Reactome:R-DME-350054|Reactome:R-DME-373080|Reactome:R-DME-373752|Reactome:R-DME-373753|Reactome:R-DME-375165|Reactome:R-DME-376172|Reactome:R-DME-388844|Reactome:R-DME-416482|Reactome:R-DME-416572|Reactome:R-DME-416700|Reactome:R-DME-418990|Reactome:R-DME-419037|Reactome:R-DME-420597|Reactome:R-DME-428542|Reactome:R-DME-433692|Reactome:R-DME-445144|Reactome:R-DME-445989|Reactome:R-DME-446353|Reactome:R-DME-447043|Reactome:R-DME-4755510|Reactome:R-DME-5607761|Reactome:R-DME-5607764|Reactome:R-DME-5620916|Reactome:R-DME-5621575|Reactome:R-DME-5627123|Reactome:R-DME-5654219|Reactome:R-DME-5654221|Reactome:R-DME-5654227|Reactome:R-DME-5654228|Reactome:R-DME-5654687|Reactome:R-DME-5654688|Reactome:R-DME-5654689|Reactome:R-DME-5654693|Reactome:R-DME-5654695|Reactome:R-DME-5654699|Reactome:R-DME-5654700|Reactome:R-DME-5654704|Reactome:R-DME-5654706|Reactome:R-DME-5654710|Reactome:R-DME-5654712|Reactome:R-DME-5654719|Reactome:R-DME-5654720|Reactome:R-DME-5654726|Reactome:R-DME-5654727|Reactome:R-DME-5654732|Reactome:R-DME-5654733|Reactome:R-DME-5658623|Reactome:R-DME-5673001|Reactome:R-DME-5676590|Reactome:R-DME-5689603|Reactome:R-DME-6785631|Reactome:R-DME-6798695|Reactome:R-DME-6807878|Reactome:R-DME-6811558|Reactome:R-DME-77387|Reactome:R-DME-8849932|Reactome:R-DME-8863795|Reactome:R-DME-8941413|Reactome:R-DME-9009391|Reactome:R-DME-9020702|Reactome:R-DME-913709|Reactome:R-DME-933542|Reactome:R-DME-9749641|Reactome:R-DME-977068|Reactome:R-DME-9772755|Reactome:R-DME-983168|Reactome:R-DME-9860927|Reactome:R-DME-9913351|Reactome:R-DRE-109704|Reactome:R-DRE-1257604|Reactome:R-DRE-1300645|Reactome:R-DRE-1307965|Reactome:R-DRE-1433557|Reactome:R-DRE-1433559|Reactome:R-DRE-186763|Reactome:R-DRE-186797|Reactome:R-DRE-190322|Reactome:R-DRE-190370|Reactome:R-DRE-190371|Reactome:R-DRE-190372|Reactome:R-DRE-190373|Reactome:R-DRE-190374|Reactome:R-DRE-190375|Reactome:R-DRE-190377|Reactome:R-DRE-193648|Reactome:R-DRE-194306|Reactome:R-DRE-195399|Reactome:R-DRE-198933|Reactome:R-DRE-202733|Reactome:R-DRE-210993|Reactome:R-DRE-2132295|Reactome:R-DRE-216083|Reactome:R-DRE-2682334|Reactome:R-DRE-3214841|Reactome:R-DRE-381426|Reactome:R-DRE-388844|Reactome:R-DRE-3928662|Reactome:R-DRE-3928663|Reactome:R-DRE-3928664|Reactome:R-DRE-3928665|Reactome:R-DRE-399954|Reactome:R-DRE-399956|Reactome:R-DRE-416476|Reactome:R-DRE-416482|Reactome:R-DRE-416550|Reactome:R-DRE-416572|Reactome:R-DRE-418990|Reactome:R-DRE-420597|Reactome:R-DRE-4420097|Reactome:R-DRE-449836|Reactome:R-DRE-5218921|Reactome:R-DRE-5654219|Reactome:R-DRE-5654221|Reactome:R-DRE-5654227|Reactome:R-DRE-5654228|Reactome:R-DRE-5654687|Reactome:R-DRE-5654688|Reactome:R-DRE-5654689|Reactome:R-DRE-5654693|Reactome:R-DRE-5654695|Reactome:R-DRE-5654699|Reactome:R-DRE-5654700|Reactome:R-DRE-5654704|Reactome:R-DRE-5654706|Reactome:R-DRE-5654710|Reactome:R-DRE-5654712|Reactome:R-DRE-5654719|Reactome:R-DRE-5654720|Reactome:R-DRE-5654726|Reactome:R-DRE-5654727|Reactome:R-DRE-5654732|Reactome:R-DRE-5654733|Reactome:R-DRE-5673001|Reactome:R-DRE-6811558|Reactome:R-DRE-8849932|Reactome:R-DRE-8932505|Reactome:R-DRE-8957275|Reactome:R-DRE-8980692|Reactome:R-DRE-9007892|Reactome:R-DRE-9013148|Reactome:R-DRE-9013149|Reactome:R-DRE-9013404|Reactome:R-DRE-9013408|Reactome:R-DRE-9013409|Reactome:R-DRE-9013423|Reactome:R-DRE-983168|Reactome:R-DRE-9843940|Reactome:R-DRE-9843970|Reactome:R-DRE-9856649|Reactome:R-GGA-114608|Reactome:R-GGA-1227892|Reactome:R-GGA-1227986|Reactome:R-GGA-1236394|Reactome:R-GGA-1236974|Reactome:R-GGA-1236977|Reactome:R-GGA-1250196|Reactome:R-GGA-1250342|Reactome:R-GGA-1250347|Reactome:R-GGA-1257604|Reactome:R-GGA-1306955|Reactome:R-GGA-1358803|Reactome:R-GGA-1433557|Reactome:R-GGA-1433559|Reactome:R-GGA-1474228|Reactome:R-GGA-1566977|Reactome:R-GGA-163125|Reactome:R-GGA-190373|Reactome:R-GGA-193634|Reactome:R-GGA-1963640|Reactome:R-GGA-1963642|Reactome:R-GGA-198933|Reactome:R-GGA-202733|Reactome:R-GGA-210991|Reactome:R-GGA-2129379|Reactome:R-GGA-2132263|Reactome:R-GGA-2132286|Reactome:R-GGA-216083|Reactome:R-GGA-3000170|Reactome:R-GGA-3000178|Reactome:R-GGA-3214841|Reactome:R-GGA-354192|Reactome:R-GGA-354194|Reactome:R-GGA-372708|Reactome:R-GGA-373920|Reactome:R-GGA-381426|Reactome:R-GGA-388844|Reactome:R-GGA-433692|Reactome:R-GGA-434001|Reactome:R-GGA-434131|Reactome:R-GGA-449836|Reactome:R-GGA-5654726|Reactome:R-GGA-5673001|Reactome:R-GGA-5674135|Reactome:R-GGA-6785631|Reactome:R-GGA-6798695|Reactome:R-GGA-6811558|Reactome:R-GGA-8854691|Reactome:R-GGA-8863795|Reactome:R-GGA-8932505|Reactome:R-GGA-8957275|Reactome:R-GGA-9634597|Reactome:R-GGA-9749641|Reactome:R-GGA-983170|Reactome:R-GGA-9843940|Reactome:R-GGA-9843970|Reactome:R-GGA-9856649|Reactome:R-GGA-9860927|Reactome:R-HSA-1059683|Reactome:R-HSA-109704|Reactome:R-HSA-110056|Reactome:R-HSA-112411|Reactome:R-HSA-114604|Reactome:R-HSA-114608|Reactome:R-HSA-1169091|Reactome:R-HSA-1169408|Reactome:R-HSA-1170546|Reactome:R-HSA-1227986|Reactome:R-HSA-1236394|Reactome:R-HSA-1236974|Reactome:R-HSA-1236977|Reactome:R-HSA-1236978|Reactome:R-HSA-1250196|Reactome:R-HSA-1250342|Reactome:R-HSA-1250347|Reactome:R-HSA-1251985|Reactome:R-HSA-1257604|Reactome:R-HSA-1266695|Reactome:R-HSA-1300645|Reactome:R-HSA-1306955|Reactome:R-HSA-1307965|Reactome:R-HSA-1358803|Reactome:R-HSA-140834|Reactome:R-HSA-140837|Reactome:R-HSA-140875|Reactome:R-HSA-1433557|Reactome:R-HSA-1433559|Reactome:R-HSA-1442490|Reactome:R-HSA-1445148|Reactome:R-HSA-1462054|Reactome:R-HSA-1474228|Reactome:R-HSA-1483115|Reactome:R-HSA-1483152|Reactome:R-HSA-1566977|Reactome:R-HSA-163125|Reactome:R-HSA-1632852|Reactome:R-HSA-163680|Reactome:R-HSA-164939|Reactome:R-HSA-164940|Reactome:R-HSA-1650814|Reactome:R-HSA-1660499|Reactome:R-HSA-1660514|Reactome:R-HSA-166058|Reactome:R-HSA-1660661|Reactome:R-HSA-166663|Reactome:R-HSA-166665|Reactome:R-HSA-167021|Reactome:R-HSA-167044|Reactome:R-HSA-167590|Reactome:R-HSA-170968|Reactome:R-HSA-170984|Reactome:R-HSA-173107|Reactome:R-HSA-173623|Reactome:R-HSA-173736|Reactome:R-HSA-174577|Reactome:R-HSA-177504|Reactome:R-HSA-177929|Reactome:R-HSA-180534|Reactome:R-HSA-1810476|Reactome:R-HSA-181429|Reactome:R-HSA-181430|Reactome:R-HSA-182218|Reactome:R-HSA-182971|Reactome:R-HSA-1839120|Reactome:R-HSA-1839122|Reactome:R-HSA-1839128|Reactome:R-HSA-1839130|Reactome:R-HSA-1855183|Reactome:R-HSA-1855204|Reactome:R-HSA-186763|Reactome:R-HSA-186797|Reactome:R-HSA-187024|Reactome:R-HSA-187042|Reactome:R-HSA-187706|Reactome:R-HSA-190322|Reactome:R-HSA-190370|Reactome:R-HSA-190371|Reactome:R-HSA-190372|Reactome:R-HSA-190373|Reactome:R-HSA-190374|Reactome:R-HSA-190375|Reactome:R-HSA-190377|Reactome:R-HSA-1912408|Reactome:R-HSA-193634|Reactome:R-HSA-193648|Reactome:R-HSA-193692|Reactome:R-HSA-194306|Reactome:R-HSA-195399|Reactome:R-HSA-196108|Reactome:R-HSA-1963640|Reactome:R-HSA-1963642|Reactome:R-HSA-1971475|Reactome:R-HSA-198203|Reactome:R-HSA-198745|Reactome:R-HSA-198933|Reactome:R-HSA-200425|Reactome:R-HSA-2022090|Reactome:R-HSA-2022854|Reactome:R-HSA-2022857|Reactome:R-HSA-2022870|Reactome:R-HSA-2022923|Reactome:R-HSA-2022928|Reactome:R-HSA-2023837|Reactome:R-HSA-2024096|Reactome:R-HSA-2024101|Reactome:R-HSA-202424|Reactome:R-HSA-202427|Reactome:R-HSA-202430|Reactome:R-HSA-202433|Reactome:R-HSA-2025928|Reactome:R-HSA-202733|Reactome:R-HSA-2029481|Reactome:R-HSA-2029482|Reactome:R-HSA-2029485|Reactome:R-HSA-2033515|Reactome:R-HSA-2033519|Reactome:R-HSA-204005|Reactome:R-HSA-209560|Reactome:R-HSA-210500|Reactome:R-HSA-210744|Reactome:R-HSA-210990|Reactome:R-HSA-210991|Reactome:R-HSA-210993|Reactome:R-HSA-2122947|Reactome:R-HSA-2122948|Reactome:R-HSA-212676|Reactome:R-HSA-2129379|Reactome:R-HSA-2132295|Reactome:R-HSA-2151201|Reactome:R-HSA-2151209|Reactome:R-HSA-216083|Reactome:R-HSA-2160916|Reactome:R-HSA-2168880|Reactome:R-HSA-2172127|Reactome:R-HSA-2173791|Reactome:R-HSA-2197563|Reactome:R-HSA-2206292|Reactome:R-HSA-2206302|Reactome:R-HSA-2214320|Reactome:R-HSA-2219530|Reactome:R-HSA-2243919|Reactome:R-HSA-2404192|Reactome:R-HSA-2424491|Reactome:R-HSA-2428928|Reactome:R-HSA-2428933|Reactome:R-HSA-2454202|Reactome:R-HSA-2559582|Reactome:R-HSA-2565942|Reactome:R-HSA-2586552|Reactome:R-HSA-2644606|Reactome:R-HSA-264642|Reactome:R-HSA-264876|Reactome:R-HSA-2672351|Reactome:R-HSA-2682334|Reactome:R-HSA-2730905|Reactome:R-HSA-2871796|Reactome:R-HSA-2871809|Reactome:R-HSA-2871837|Reactome:R-HSA-2892247|Reactome:R-HSA-2894862|Reactome:R-HSA-2979096|Reactome:R-HSA-3000157|Reactome:R-HSA-3000170|Reactome:R-HSA-3000171|Reactome:R-HSA-3000178|Reactome:R-HSA-3134963|Reactome:R-HSA-3214841|Reactome:R-HSA-3214847|Reactome:R-HSA-3322077|Reactome:R-HSA-350054|Reactome:R-HSA-354192|Reactome:R-HSA-354194|Reactome:R-HSA-3560783|Reactome:R-HSA-3560801|Reactome:R-HSA-3595172|Reactome:R-HSA-3595174|Reactome:R-HSA-3595177|Reactome:R-HSA-3656225|Reactome:R-HSA-3656237|Reactome:R-HSA-3656243|Reactome:R-HSA-3656244|Reactome:R-HSA-3656253|Reactome:R-HSA-372708|Reactome:R-HSA-373752|Reactome:R-HSA-373753|Reactome:R-HSA-373756|Reactome:R-HSA-373760|Reactome:R-HSA-375165|Reactome:R-HSA-375276|Reactome:R-HSA-376172|Reactome:R-HSA-376176|Reactome:R-HSA-3785653|Reactome:R-HSA-380259|Reactome:R-HSA-380270|Reactome:R-HSA-380284|Reactome:R-HSA-380320|Reactome:R-HSA-380972|Reactome:R-HSA-381340|Reactome:R-HSA-381426|Reactome:R-HSA-3878781|Reactome:R-HSA-388844|Reactome:R-HSA-389356|Reactome:R-HSA-389357|Reactome:R-HSA-389359|Reactome:R-HSA-389513|Reactome:R-HSA-389948|Reactome:R-HSA-390522|Reactome:R-HSA-391160|Reactome:R-HSA-3928662|Reactome:R-HSA-3928663|Reactome:R-HSA-3928664|Reactome:R-HSA-3928665|Reactome:R-HSA-399954|Reactome:R-HSA-399955|Reactome:R-HSA-399956|Reactome:R-HSA-4086398|Reactome:R-HSA-4086400|Reactome:R-HSA-416476|Reactome:R-HSA-416482|Reactome:R-HSA-416550|Reactome:R-HSA-416572|Reactome:R-HSA-416700|Reactome:R-HSA-418594|Reactome:R-HSA-418885|Reactome:R-HSA-418886|Reactome:R-HSA-418889|Reactome:R-HSA-418890|Reactome:R-HSA-418990|Reactome:R-HSA-419037|Reactome:R-HSA-420029|Reactome:R-HSA-420597|Reactome:R-HSA-428540|Reactome:R-HSA-428542|Reactome:R-HSA-428543|Reactome:R-HSA-428890|Reactome:R-HSA-430116|Reactome:R-HSA-432142|Reactome:R-HSA-432722|Reactome:R-HSA-433692|Reactome:R-HSA-437239|Reactome:R-HSA-4420097|Reactome:R-HSA-4420332|Reactome:R-HSA-445095|Reactome:R-HSA-445144|Reactome:R-HSA-445355|Reactome:R-HSA-445989|Reactome:R-HSA-446107|Reactome:R-HSA-446353|Reactome:R-HSA-447038|Reactome:R-HSA-447041|Reactome:R-HSA-447043|Reactome:R-HSA-448706|Reactome:R-HSA-449836|Reactome:R-HSA-451927|Reactome:R-HSA-4755510|Reactome:R-HSA-5083628|Reactome:R-HSA-5083629|Reactome:R-HSA-5083633|Reactome:R-HSA-5083635|Reactome:R-HSA-512988|Reactome:R-HSA-5140745|Reactome:R-HSA-5173214|Reactome:R-HSA-5218921|Reactome:R-HSA-5223345|Reactome:R-HSA-525793|Reactome:R-HSA-5576892|Reactome:R-HSA-5603029|Reactome:R-HSA-5607761|Reactome:R-HSA-5607763|Reactome:R-HSA-5607764|Reactome:R-HSA-5619070|Reactome:R-HSA-5620912|Reactome:R-HSA-5620916|Reactome:R-HSA-5621575|Reactome:R-HSA-5627123|Reactome:R-HSA-5628897|Reactome:R-HSA-5632681|Reactome:R-HSA-5635838|Reactome:R-HSA-5654219|Reactome:R-HSA-5654221|Reactome:R-HSA-5654227|Reactome:R-HSA-5654228|Reactome:R-HSA-5654687|Reactome:R-HSA-5654688|Reactome:R-HSA-5654689|Reactome:R-HSA-5654693|Reactome:R-HSA-5654695|Reactome:R-HSA-5654699|Reactome:R-HSA-5654700|Reactome:R-HSA-5654704|Reactome:R-HSA-5654706|Reactome:R-HSA-5654710|Reactome:R-HSA-5654712|Reactome:R-HSA-5654719|Reactome:R-HSA-5654720|Reactome:R-HSA-5654726|Reactome:R-HSA-5654727|Reactome:R-HSA-5654732|Reactome:R-HSA-5654733|Reactome:R-HSA-5655253|Reactome:R-HSA-5655291|Reactome:R-HSA-5655302|Reactome:R-HSA-5655332|Reactome:R-HSA-5658623|Reactome:R-HSA-5660668|Reactome:R-HSA-5673001|Reactome:R-HSA-5674135|Reactome:R-HSA-5676590|Reactome:R-HSA-5683826|Reactome:R-HSA-5684264|Reactome:R-HSA-5687128|Reactome:R-HSA-5688849|Reactome:R-HSA-5688890|Reactome:R-HSA-5689603|Reactome:R-HSA-5690714|Reactome:R-HSA-5694530|Reactome:R-HSA-6783783|Reactome:R-HSA-6785631|Reactome:R-HSA-6785807|Reactome:R-HSA-6788467|Reactome:R-HSA-6798695|Reactome:R-HSA-6802946|Reactome:R-HSA-6802948|Reactome:R-HSA-6802952|Reactome:R-HSA-6802955|Reactome:R-HSA-6804756|Reactome:R-HSA-6806942|Reactome:R-HSA-6807004|Reactome:R-HSA-6809371|Reactome:R-HSA-6811558|Reactome:R-HSA-74713|Reactome:R-HSA-74749|Reactome:R-HSA-74751|Reactome:R-HSA-74752|Reactome:R-HSA-75892|Reactome:R-HSA-76009|Reactome:R-HSA-77387|Reactome:R-HSA-844456|Reactome:R-HSA-877300|Reactome:R-HSA-877312|Reactome:R-HSA-879415|Reactome:R-HSA-8847993|Reactome:R-HSA-8849932|Reactome:R-HSA-8851680|Reactome:R-HSA-8851708|Reactome:R-HSA-8851805|Reactome:R-HSA-8851907|Reactome:R-HSA-8852405|Reactome:R-HSA-8853333|Reactome:R-HSA-8853334|Reactome:R-HSA-8853336|Reactome:R-HSA-8853383|Reactome:R-HSA-8853884|Reactome:R-HSA-8854518|Reactome:R-HSA-8854691|Reactome:R-HSA-8856825|Reactome:R-HSA-8856828|Reactome:R-HSA-8857538|Reactome:R-HSA-8863795|Reactome:R-HSA-8865999|Reactome:R-HSA-8866654|Reactome:R-HSA-8866910|Reactome:R-HSA-8874081|Reactome:R-HSA-8875360|Reactome:R-HSA-8875513|Reactome:R-HSA-8875555|Reactome:R-HSA-8875656|Reactome:R-HSA-8875791|Reactome:R-HSA-8877330|Reactome:R-HSA-8932504|Reactome:R-HSA-8932505|Reactome:R-HSA-8932506|Reactome:R-HSA-8939247|Reactome:R-HSA-8941856|Reactome:R-HSA-8948216|Reactome:R-HSA-8951664|Reactome:R-HSA-8957275|Reactome:R-HSA-8963896|Reactome:R-HSA-8964038|Reactome:R-HSA-8964046|Reactome:R-HSA-8980692|Reactome:R-HSA-8983432|Reactome:R-HSA-8983711|Reactome:R-HSA-8984722|Reactome:R-HSA-8985586|Reactome:R-HSA-8985801|Reactome:R-HSA-8985947|Reactome:R-HSA-9006335|Reactome:R-HSA-9007892|Reactome:R-HSA-9008059|Reactome:R-HSA-9009391|Reactome:R-HSA-9010553|Reactome:R-HSA-9010642|Reactome:R-HSA-9012546|Reactome:R-HSA-9013026|Reactome:R-HSA-9013106|Reactome:R-HSA-9013148|Reactome:R-HSA-9013149|Reactome:R-HSA-9013404|Reactome:R-HSA-9013405|Reactome:R-HSA-9013406|Reactome:R-HSA-9013408|Reactome:R-HSA-9013409|Reactome:R-HSA-9013420|Reactome:R-HSA-9013423|Reactome:R-HSA-9013424|Reactome:R-HSA-9013508|Reactome:R-HSA-9013695|Reactome:R-HSA-9014826|Reactome:R-HSA-9014843|Reactome:R-HSA-9020558|Reactome:R-HSA-9020591|Reactome:R-HSA-9020702|Reactome:R-HSA-9020933|Reactome:R-HSA-9020956|Reactome:R-HSA-9020958|Reactome:R-HSA-9022699|Reactome:R-HSA-9024909|Reactome:R-HSA-9025046|Reactome:R-HSA-9026357|Reactome:R-HSA-9026519|Reactome:R-HSA-9026527|Reactome:R-HSA-9027276|Reactome:R-HSA-9027277|Reactome:R-HSA-9027283|Reactome:R-HSA-9027284|Reactome:R-HSA-9028335|Reactome:R-HSA-9028731|Reactome:R-HSA-9031628|Reactome:R-HSA-9032500|Reactome:R-HSA-9032759|Reactome:R-HSA-9032845|Reactome:R-HSA-9034013|Reactome:R-HSA-9034015|Reactome:R-HSA-9034793|Reactome:R-HSA-9034864|Reactome:R-HSA-9035034|Reactome:R-HSA-909733|Reactome:R-HSA-912526|Reactome:R-HSA-912694|Reactome:R-HSA-917977|Reactome:R-HSA-933542|Reactome:R-HSA-9603381|Reactome:R-HSA-9603505|Reactome:R-HSA-9607240|Reactome:R-HSA-9609523|Reactome:R-HSA-9609690|Reactome:R-HSA-9610379|Reactome:R-HSA-9613354|Reactome:R-HSA-9615017|Reactome:R-HSA-9616222|Reactome:R-HSA-9619483|Reactome:R-HSA-9619665|Reactome:R-HSA-9620244|Reactome:R-HSA-9634597|Reactome:R-HSA-9637628|Reactome:R-HSA-9638334|Reactome:R-HSA-9638630|Reactome:R-HSA-9645135|Reactome:R-HSA-9649948|Reactome:R-HSA-9656223|Reactome:R-HSA-9660826|Reactome:R-HSA-9664323|Reactome:R-HSA-9664422|Reactome:R-HSA-9664565|Reactome:R-HSA-9664873|Reactome:R-HSA-9665686|Reactome:R-HSA-9669914|Reactome:R-HSA-9669917|Reactome:R-HSA-9669921|Reactome:R-HSA-9669924|Reactome:R-HSA-9669926|Reactome:R-HSA-9669929|Reactome:R-HSA-9669933|Reactome:R-HSA-9669934|Reactome:R-HSA-9669935|Reactome:R-HSA-9669936|Reactome:R-HSA-9670439|Reactome:R-HSA-9673767|Reactome:R-HSA-9673768|Reactome:R-HSA-9673770|Reactome:R-HSA-9674396|Reactome:R-HSA-9674401|Reactome:R-HSA-9674403|Reactome:R-HSA-9674404|Reactome:R-HSA-9674428|Reactome:R-HSA-9674555|Reactome:R-HSA-9679191|Reactome:R-HSA-9680187|Reactome:R-HSA-9680350|Reactome:R-HSA-9692916|Reactome:R-HSA-9694614|Reactome:R-HSA-9696264|Reactome:R-HSA-9696270|Reactome:R-HSA-9696273|Reactome:R-HSA-9700645|Reactome:R-HSA-9701898|Reactome:R-HSA-9702509|Reactome:R-HSA-9702518|Reactome:R-HSA-9702569|Reactome:R-HSA-9702577|Reactome:R-HSA-9702581|Reactome:R-HSA-9702590|Reactome:R-HSA-9702596|Reactome:R-HSA-9702600|Reactome:R-HSA-9702605|Reactome:R-HSA-9702614|Reactome:R-HSA-9702620|Reactome:R-HSA-9702624|Reactome:R-HSA-9702632|Reactome:R-HSA-9702636|Reactome:R-HSA-9702998|Reactome:R-HSA-9703009|Reactome:R-HSA-9703648|Reactome:R-HSA-9705462|Reactome:R-HSA-9705671|Reactome:R-HSA-9706369|Reactome:R-HSA-9706374|Reactome:R-HSA-9706377|Reactome:R-HSA-9717207|Reactome:R-HSA-9725370|Reactome:R-HSA-9725371|Reactome:R-HSA-9725554|Reactome:R-HSA-9732724|Reactome:R-HSA-9734091|Reactome:R-HSA-9749641|Reactome:R-HSA-9752946|Reactome:R-HSA-975634|Reactome:R-HSA-9758919|Reactome:R-HSA-977225|Reactome:R-HSA-9772755|Reactome:R-HSA-977443|Reactome:R-HSA-977606|Reactome:R-HSA-9793380|Reactome:R-HSA-9818749|Reactome:R-HSA-9820960|Reactome:R-HSA-9824272|Reactome:R-HSA-9824585|Reactome:R-HSA-9825892|Reactome:R-HSA-982772|Reactome:R-HSA-9830674|Reactome:R-HSA-983168|Reactome:R-HSA-983170|Reactome:R-HSA-9833109|Reactome:R-HSA-9833110|Reactome:R-HSA-983695|Reactome:R-HSA-9843940|Reactome:R-HSA-9843970|Reactome:R-HSA-9844594|Reactome:R-HSA-9851151|Reactome:R-HSA-9854909|Reactome:R-HSA-9856530|Reactome:R-HSA-9856532|Reactome:R-HSA-9856649|Reactome:R-HSA-9860927|Reactome:R-HSA-9909620|Reactome:R-HSA-9909649|Reactome:R-HSA-9913351|Reactome:R-HSA-9918481|Reactome:R-HSA-9918485|Reactome:R-HSA-9920588|Reactome:R-HSA-9925563|Reactome:R-HSA-9926550|Reactome:R-HSA-9927353|Reactome:R-HSA-9927354|Reactome:R-HSA-9927418|Reactome:R-HSA-9927426|Reactome:R-HSA-9929356|Reactome:R-HSA-9929491|Reactome:R-HSA-9931269|Reactome:R-HSA-9931295|Reactome:R-HSA-9939291|Reactome:R-HSA-9942503|Reactome:R-HSA-9953038|Reactome:R-HSA-9953080|Reactome:R-MMU-1059683|Reactome:R-MMU-109704|Reactome:R-MMU-110056|Reactome:R-MMU-112411|Reactome:R-MMU-114604|Reactome:R-MMU-114608|Reactome:R-MMU-1169091|Reactome:R-MMU-1169408|Reactome:R-MMU-1170546|Reactome:R-MMU-1227986|Reactome:R-MMU-1236394|Reactome:R-MMU-1236974|Reactome:R-MMU-1236977|Reactome:R-MMU-1236978|Reactome:R-MMU-1250196|Reactome:R-MMU-1250342|Reactome:R-MMU-1250347|Reactome:R-MMU-1257604|Reactome:R-MMU-1266695|Reactome:R-MMU-1306955|Reactome:R-MMU-1307965|Reactome:R-MMU-1358803|Reactome:R-MMU-140834|Reactome:R-MMU-140837|Reactome:R-MMU-140875|Reactome:R-MMU-1433557|Reactome:R-MMU-1433559|Reactome:R-MMU-1442490|Reactome:R-MMU-1462054|Reactome:R-MMU-1474228|Reactome:R-MMU-1566977|Reactome:R-MMU-163125|Reactome:R-MMU-1632852|Reactome:R-MMU-163680|Reactome:R-MMU-1650814|Reactome:R-MMU-1660499|Reactome:R-MMU-1660514|Reactome:R-MMU-166663|Reactome:R-MMU-166665|Reactome:R-MMU-170968|Reactome:R-MMU-170984|Reactome:R-MMU-173623|Reactome:R-MMU-173736|Reactome:R-MMU-174577|Reactome:R-MMU-177504|Reactome:R-MMU-177929|Reactome:R-MMU-1810476|Reactome:R-MMU-181429|Reactome:R-MMU-181430|Reactome:R-MMU-182971|Reactome:R-MMU-1855183|Reactome:R-MMU-1855204|Reactome:R-MMU-186763|Reactome:R-MMU-186797|Reactome:R-MMU-187042|Reactome:R-MMU-190322|Reactome:R-MMU-190370|Reactome:R-MMU-190371|Reactome:R-MMU-190372|Reactome:R-MMU-190373|Reactome:R-MMU-190374|Reactome:R-MMU-190375|Reactome:R-MMU-190377|Reactome:R-MMU-193634|Reactome:R-MMU-193648|Reactome:R-MMU-193692|Reactome:R-MMU-194306|Reactome:R-MMU-195399|Reactome:R-MMU-196108|Reactome:R-MMU-1963640|Reactome:R-MMU-1963642|Reactome:R-MMU-1971475|Reactome:R-MMU-198203|Reactome:R-MMU-198933|Reactome:R-MMU-200425|Reactome:R-MMU-2022854|Reactome:R-MMU-2022857|Reactome:R-MMU-2022870|Reactome:R-MMU-2022923|Reactome:R-MMU-2024096|Reactome:R-MMU-2024101|Reactome:R-MMU-202424|Reactome:R-MMU-202427|Reactome:R-MMU-202430|Reactome:R-MMU-202433|Reactome:R-MMU-2025928|Reactome:R-MMU-202733|Reactome:R-MMU-2029481|Reactome:R-MMU-2029482|Reactome:R-MMU-2029485|Reactome:R-MMU-204005|Reactome:R-MMU-209560|Reactome:R-MMU-210500|Reactome:R-MMU-210990|Reactome:R-MMU-210991|Reactome:R-MMU-210993|Reactome:R-MMU-2122947|Reactome:R-MMU-212676|Reactome:R-MMU-2129379|Reactome:R-MMU-2132295|Reactome:R-MMU-216083|Reactome:R-MMU-2160916|Reactome:R-MMU-2168880|Reactome:R-MMU-2172127|Reactome:R-MMU-2173791|Reactome:R-MMU-2214320|Reactome:R-MMU-2243919|Reactome:R-MMU-2404192|Reactome:R-MMU-2424491|Reactome:R-MMU-2428928|Reactome:R-MMU-2428933|Reactome:R-MMU-2454202|Reactome:R-MMU-264642|Reactome:R-MMU-264876|Reactome:R-MMU-2672351|Reactome:R-MMU-2682334|Reactome:R-MMU-2730905|Reactome:R-MMU-2871796|Reactome:R-MMU-2871809|Reactome:R-MMU-2871837|Reactome:R-MMU-3000170|Reactome:R-MMU-3000178|Reactome:R-MMU-3134963|Reactome:R-MMU-3214841|Reactome:R-MMU-3214847|Reactome:R-MMU-3322077|Reactome:R-MMU-350054|Reactome:R-MMU-354192|Reactome:R-MMU-354194|Reactome:R-MMU-372708|Reactome:R-MMU-373752|Reactome:R-MMU-373753|Reactome:R-MMU-373756|Reactome:R-MMU-373760|Reactome:R-MMU-375165|Reactome:R-MMU-375276|Reactome:R-MMU-376172|Reactome:R-MMU-376176|Reactome:R-MMU-380972|Reactome:R-MMU-381426|Reactome:R-MMU-388844|Reactome:R-MMU-389356|Reactome:R-MMU-389357|Reactome:R-MMU-389359|Reactome:R-MMU-389513|Reactome:R-MMU-389948|Reactome:R-MMU-390522|Reactome:R-MMU-391160|Reactome:R-MMU-3928662|Reactome:R-MMU-3928663|Reactome:R-MMU-3928664|Reactome:R-MMU-3928665|Reactome:R-MMU-399954|Reactome:R-MMU-399955|Reactome:R-MMU-399956|Reactome:R-MMU-4086398|Reactome:R-MMU-416476|Reactome:R-MMU-416482|Reactome:R-MMU-416550|Reactome:R-MMU-416572|Reactome:R-MMU-416700|Reactome:R-MMU-418594|Reactome:R-MMU-418885|Reactome:R-MMU-418889|Reactome:R-MMU-418990|Reactome:R-MMU-419037|Reactome:R-MMU-420029|Reactome:R-MMU-420597|Reactome:R-MMU-428890|Reactome:R-MMU-430116|Reactome:R-MMU-432142|Reactome:R-MMU-432722|Reactome:R-MMU-433692|Reactome:R-MMU-437239|Reactome:R-MMU-4420097|Reactome:R-MMU-445095|Reactome:R-MMU-445144|Reactome:R-MMU-445355|Reactome:R-MMU-445989|Reactome:R-MMU-446107|Reactome:R-MMU-446353|Reactome:R-MMU-447043|Reactome:R-MMU-448706|Reactome:R-MMU-449836|Reactome:R-MMU-4755510|Reactome:R-MMU-512988|Reactome:R-MMU-5140745|Reactome:R-MMU-5173214|Reactome:R-MMU-5218921|Reactome:R-MMU-5223345|Reactome:R-MMU-525793|Reactome:R-MMU-5607761|Reactome:R-MMU-5607763|Reactome:R-MMU-5607764|Reactome:R-MMU-5620916|Reactome:R-MMU-5621575|Reactome:R-MMU-5627123|Reactome:R-MMU-5628897|Reactome:R-MMU-5632681|Reactome:R-MMU-5635838|Reactome:R-MMU-5654219|Reactome:R-MMU-5654221|Reactome:R-MMU-5654227|Reactome:R-MMU-5654228|Reactome:R-MMU-5654687|Reactome:R-MMU-5654688|Reactome:R-MMU-5654689|Reactome:R-MMU-5654693|Reactome:R-MMU-5654695|Reactome:R-MMU-5654699|Reactome:R-MMU-5654700|Reactome:R-MMU-5654704|Reactome:R-MMU-5654706|Reactome:R-MMU-5654710|Reactome:R-MMU-5654712|Reactome:R-MMU-5654719|Reactome:R-MMU-5654720|Reactome:R-MMU-5654726|Reactome:R-MMU-5654727|Reactome:R-MMU-5654732|Reactome:R-MMU-5654733|Reactome:R-MMU-5658623|Reactome:R-MMU-5660668|Reactome:R-MMU-5673001|Reactome:R-MMU-5674135|Reactome:R-MMU-5676590|Reactome:R-MMU-5683826|Reactome:R-MMU-5684264|Reactome:R-MMU-5687128|Reactome:R-MMU-5689603|Reactome:R-MMU-5690714|Reactome:R-MMU-5694530|Reactome:R-MMU-6783783|Reactome:R-MMU-6785631|Reactome:R-MMU-6785807|Reactome:R-MMU-6788467|Reactome:R-MMU-6798695|Reactome:R-MMU-6804756|Reactome:R-MMU-6806942|Reactome:R-MMU-6807004|Reactome:R-MMU-6809371|Reactome:R-MMU-6811558|Reactome:R-MMU-74713|Reactome:R-MMU-74749|Reactome:R-MMU-74751|Reactome:R-MMU-74752|Reactome:R-MMU-75892|Reactome:R-MMU-77387|Reactome:R-MMU-877300|Reactome:R-MMU-877312|Reactome:R-MMU-879415|Reactome:R-MMU-8847993|Reactome:R-MMU-8849932|Reactome:R-MMU-8851680|Reactome:R-MMU-8851805|Reactome:R-MMU-8851907|Reactome:R-MMU-8852405|Reactome:R-MMU-8853383|Reactome:R-MMU-8854691|Reactome:R-MMU-8856825|Reactome:R-MMU-8856828|Reactome:R-MMU-8857538|Reactome:R-MMU-8863795|Reactome:R-MMU-8865999|Reactome:R-MMU-8874081|Reactome:R-MMU-8875513|Reactome:R-MMU-8875555|Reactome:R-MMU-8875656|Reactome:R-MMU-8875791|Reactome:R-MMU-8932504|Reactome:R-MMU-8932505|Reactome:R-MMU-8932506|Reactome:R-MMU-8941856|Reactome:R-MMU-8948216|Reactome:R-MMU-8957275|Reactome:R-MMU-8963896|Reactome:R-MMU-8980692|Reactome:R-MMU-8983432|Reactome:R-MMU-8984722|Reactome:R-MMU-8985586|Reactome:R-MMU-8985947|Reactome:R-MMU-9006335|Reactome:R-MMU-9007892|Reactome:R-MMU-9009391|Reactome:R-MMU-9010553|Reactome:R-MMU-9012546|Reactome:R-MMU-9013026|Reactome:R-MMU-9013106|Reactome:R-MMU-9013148|Reactome:R-MMU-9013149|Reactome:R-MMU-9013404|Reactome:R-MMU-9013406|Reactome:R-MMU-9013408|Reactome:R-MMU-9013409|Reactome:R-MMU-9013420|Reactome:R-MMU-9013423|Reactome:R-MMU-9013424|Reactome:R-MMU-9014826|Reactome:R-MMU-9014843|Reactome:R-MMU-9020558|Reactome:R-MMU-9020591|Reactome:R-MMU-9020702|Reactome:R-MMU-9020933|Reactome:R-MMU-9020956|Reactome:R-MMU-9020958|Reactome:R-MMU-9026527|Reactome:R-MMU-9027276|Reactome:R-MMU-9027284|Reactome:R-MMU-9028731|Reactome:R-MMU-9032759|Reactome:R-MMU-9034013|Reactome:R-MMU-9034793|Reactome:R-MMU-9035034|Reactome:R-MMU-909733|Reactome:R-MMU-912526|Reactome:R-MMU-912694|Reactome:R-MMU-917977|Reactome:R-MMU-933542|Reactome:R-MMU-9603381|Reactome:R-MMU-9607240|Reactome:R-MMU-9609523|Reactome:R-MMU-9634597|Reactome:R-MMU-9664873|Reactome:R-MMU-9696264|Reactome:R-MMU-9696270|Reactome:R-MMU-9696273|Reactome:R-MMU-9706369|Reactome:R-MMU-9706374|Reactome:R-MMU-9732724|Reactome:R-MMU-9734091|Reactome:R-MMU-9749641|Reactome:R-MMU-9772755|Reactome:R-MMU-977606|Reactome:R-MMU-982772|Reactome:R-MMU-983168|Reactome:R-MMU-983170|Reactome:R-MMU-983695|Reactome:R-MMU-9843940|Reactome:R-MMU-9851151|Reactome:R-MMU-9856649|Reactome:R-MMU-9860927|Reactome:R-MMU-9913351|Reactome:R-MMU-9927353|Reactome:R-MMU-9927354|Reactome:R-MMU-9929356|Reactome:R-MMU-9929491|Reactome:R-MMU-9931269|Reactome:R-MMU-9931295|Reactome:R-MMU-9939291|Reactome:R-MTU-868688|Reactome:R-RNO-1059683|Reactome:R-RNO-109704|Reactome:R-RNO-110056|Reactome:R-RNO-112411|Reactome:R-RNO-114608|Reactome:R-RNO-1169091|Reactome:R-RNO-1170546|Reactome:R-RNO-1227986|Reactome:R-RNO-1236394|Reactome:R-RNO-1236974|Reactome:R-RNO-1236977|Reactome:R-RNO-1250196|Reactome:R-RNO-1250342|Reactome:R-RNO-1250347|Reactome:R-RNO-1257604|Reactome:R-RNO-1306955|Reactome:R-RNO-1307965|Reactome:R-RNO-1358803|Reactome:R-RNO-140834|Reactome:R-RNO-140837|Reactome:R-RNO-140875|Reactome:R-RNO-1462054|Reactome:R-RNO-1474228|Reactome:R-RNO-1566977|Reactome:R-RNO-163125|Reactome:R-RNO-1632852|Reactome:R-RNO-163680|Reactome:R-RNO-1660499|Reactome:R-RNO-1660514|Reactome:R-RNO-166663|Reactome:R-RNO-166665|Reactome:R-RNO-170968|Reactome:R-RNO-170984|Reactome:R-RNO-173623|Reactome:R-RNO-173736|Reactome:R-RNO-174577|Reactome:R-RNO-177504|Reactome:R-RNO-1810476|Reactome:R-RNO-181429|Reactome:R-RNO-181430|Reactome:R-RNO-1855183|Reactome:R-RNO-1855204|Reactome:R-RNO-186763|Reactome:R-RNO-186797|Reactome:R-RNO-187042|Reactome:R-RNO-190322|Reactome:R-RNO-190370|Reactome:R-RNO-190373|Reactome:R-RNO-190374|Reactome:R-RNO-193634|Reactome:R-RNO-193648|Reactome:R-RNO-193692|Reactome:R-RNO-194306|Reactome:R-RNO-195399|Reactome:R-RNO-196108|Reactome:R-RNO-1963640|Reactome:R-RNO-1963642|Reactome:R-RNO-1971475|Reactome:R-RNO-198203|Reactome:R-RNO-198933|Reactome:R-RNO-200425|Reactome:R-RNO-2022854|Reactome:R-RNO-2022857|Reactome:R-RNO-2022870|Reactome:R-RNO-2022923|Reactome:R-RNO-2024101|Reactome:R-RNO-202424|Reactome:R-RNO-202427|Reactome:R-RNO-202430|Reactome:R-RNO-202433|Reactome:R-RNO-2025928|Reactome:R-RNO-202733|Reactome:R-RNO-2029481|Reactome:R-RNO-2029482|Reactome:R-RNO-2029485|Reactome:R-RNO-209560|Reactome:R-RNO-210500|Reactome:R-RNO-210990|Reactome:R-RNO-210991|Reactome:R-RNO-212676|Reactome:R-RNO-2129379|Reactome:R-RNO-2132295|Reactome:R-RNO-216083|Reactome:R-RNO-2160916|Reactome:R-RNO-2172127|Reactome:R-RNO-2173791|Reactome:R-RNO-2404192|Reactome:R-RNO-2424491|Reactome:R-RNO-2428928|Reactome:R-RNO-2428933|Reactome:R-RNO-2454202|Reactome:R-RNO-264642|Reactome:R-RNO-264876|Reactome:R-RNO-2682334|Reactome:R-RNO-2730905|Reactome:R-RNO-2871796|Reactome:R-RNO-2871809|Reactome:R-RNO-2871837|Reactome:R-RNO-3000170|Reactome:R-RNO-3000178|Reactome:R-RNO-3134963|Reactome:R-RNO-3214841|Reactome:R-RNO-3214847|Reactome:R-RNO-354192|Reactome:R-RNO-354194|Reactome:R-RNO-372708|Reactome:R-RNO-373752|Reactome:R-RNO-373753|Reactome:R-RNO-373760|Reactome:R-RNO-375165|Reactome:R-RNO-375276|Reactome:R-RNO-376172|Reactome:R-RNO-380972|Reactome:R-RNO-381426|Reactome:R-RNO-388844|Reactome:R-RNO-389356|Reactome:R-RNO-389357|Reactome:R-RNO-389359|Reactome:R-RNO-389948|Reactome:R-RNO-390522|Reactome:R-RNO-391160|Reactome:R-RNO-3928662|Reactome:R-RNO-3928663|Reactome:R-RNO-3928664|Reactome:R-RNO-3928665|Reactome:R-RNO-399954|Reactome:R-RNO-399955|Reactome:R-RNO-399956|Reactome:R-RNO-416476|Reactome:R-RNO-416482|Reactome:R-RNO-416550|Reactome:R-RNO-416700|Reactome:R-RNO-418594|Reactome:R-RNO-418885|Reactome:R-RNO-418889|Reactome:R-RNO-418990|Reactome:R-RNO-419037|Reactome:R-RNO-420029|Reactome:R-RNO-420597|Reactome:R-RNO-432142|Reactome:R-RNO-432722|Reactome:R-RNO-433692|Reactome:R-RNO-437239|Reactome:R-RNO-4420097|Reactome:R-RNO-445095|Reactome:R-RNO-445144|Reactome:R-RNO-445989|Reactome:R-RNO-446107|Reactome:R-RNO-446353|Reactome:R-RNO-447043|Reactome:R-RNO-448706|Reactome:R-RNO-449836|Reactome:R-RNO-5218921|Reactome:R-RNO-5223345|Reactome:R-RNO-525793|Reactome:R-RNO-5607763|Reactome:R-RNO-5607764|Reactome:R-RNO-5620916|Reactome:R-RNO-5621575|Reactome:R-RNO-5628897|Reactome:R-RNO-5632681|Reactome:R-RNO-5654219|Reactome:R-RNO-5654228|Reactome:R-RNO-5654687|Reactome:R-RNO-5654688|Reactome:R-RNO-5654689|Reactome:R-RNO-5654693|Reactome:R-RNO-5654712|Reactome:R-RNO-5654719|Reactome:R-RNO-5654720|Reactome:R-RNO-5654726|Reactome:R-RNO-5654733|Reactome:R-RNO-5658623|Reactome:R-RNO-5673001|Reactome:R-RNO-5674135|Reactome:R-RNO-5683826|Reactome:R-RNO-5684264|Reactome:R-RNO-5687128|Reactome:R-RNO-5689603|Reactome:R-RNO-6785631|Reactome:R-RNO-6785807|Reactome:R-RNO-6788467|Reactome:R-RNO-6798695|Reactome:R-RNO-6804756|Reactome:R-RNO-6806942|Reactome:R-RNO-6807004|Reactome:R-RNO-6809371|Reactome:R-RNO-6811558|Reactome:R-RNO-74713|Reactome:R-RNO-74749|Reactome:R-RNO-74751|Reactome:R-RNO-74752|Reactome:R-RNO-77387|Reactome:R-RNO-879415|Reactome:R-RNO-8847993|Reactome:R-RNO-8849932|Reactome:R-RNO-8851680|Reactome:R-RNO-8851805|Reactome:R-RNO-8851907|Reactome:R-RNO-8853383|Reactome:R-RNO-8854691|Reactome:R-RNO-8856825|Reactome:R-RNO-8856828|Reactome:R-RNO-8857538|Reactome:R-RNO-8863795|Reactome:R-RNO-8865999|Reactome:R-RNO-8874081|Reactome:R-RNO-8875513|Reactome:R-RNO-8875555|Reactome:R-RNO-8875656|Reactome:R-RNO-8875791|Reactome:R-RNO-8932505|Reactome:R-RNO-8951664|Reactome:R-RNO-8957275|Reactome:R-RNO-8963896|Reactome:R-RNO-8980692|Reactome:R-RNO-8983432|Reactome:R-RNO-8984722|Reactome:R-RNO-9006335|Reactome:R-RNO-9007892|Reactome:R-RNO-9009391|Reactome:R-RNO-9013026|Reactome:R-RNO-9013106|Reactome:R-RNO-9013148|Reactome:R-RNO-9013149|Reactome:R-RNO-9013404|Reactome:R-RNO-9013408|Reactome:R-RNO-9013409|Reactome:R-RNO-9013423|Reactome:R-RNO-9014826|Reactome:R-RNO-9014843|Reactome:R-RNO-9020558|Reactome:R-RNO-9020702|Reactome:R-RNO-9020956|Reactome:R-RNO-9026527|Reactome:R-RNO-9027276|Reactome:R-RNO-9027284|Reactome:R-RNO-9028731|Reactome:R-RNO-9032759|Reactome:R-RNO-9034013|Reactome:R-RNO-9034793|Reactome:R-RNO-9035034|Reactome:R-RNO-912526|Reactome:R-RNO-917977|Reactome:R-RNO-933542|Reactome:R-RNO-9603381|Reactome:R-RNO-9609523|Reactome:R-RNO-9634597|Reactome:R-RNO-9664873|Reactome:R-RNO-9734091|Reactome:R-RNO-9749641|Reactome:R-RNO-9772755|Reactome:R-RNO-977606|Reactome:R-RNO-982772|Reactome:R-RNO-983168|Reactome:R-RNO-983170|Reactome:R-RNO-9851151|Reactome:R-RNO-9860927|Reactome:R-RNO-9927353|Reactome:R-RNO-9927354|Reactome:R-RNO-9931269|Reactome:R-SCE-1632852|Reactome:R-SCE-163680|Reactome:R-SCE-200425|Reactome:R-SCE-3322077|Reactome:R-SCE-380972|Reactome:R-SCE-6798695|Reactome:R-SCE-8948751|Reactome:R-SCE-9013106|Reactome:R-SCE-9609523|Reactome:R-SPO-1632852|Reactome:R-SPO-163680|Reactome:R-SPO-200425|Reactome:R-SPO-380972|Reactome:R-SPO-5628897|Reactome:R-SPO-6798695|Reactome:R-SPO-9609523|Reactome:R-SPO-9664873|Reactome:R-SSC-114608|Reactome:R-SSC-1170546|Reactome:R-SSC-1236974|Reactome:R-SSC-1236977|Reactome:R-SSC-1257604|Reactome:R-SSC-1474228|Reactome:R-SSC-173623|Reactome:R-SSC-198933|Reactome:R-SSC-2022854|Reactome:R-SSC-2022857|Reactome:R-SSC-2024101|Reactome:R-SSC-202424|Reactome:R-SSC-202427|Reactome:R-SSC-202430|Reactome:R-SSC-202433|Reactome:R-SSC-202733|Reactome:R-SSC-2029481|Reactome:R-SSC-2029482|Reactome:R-SSC-2029485|Reactome:R-SSC-210990|Reactome:R-SSC-2132295|Reactome:R-SSC-216083|Reactome:R-SSC-2160916|Reactome:R-SSC-2168880|Reactome:R-SSC-2424491|Reactome:R-SSC-2454202|Reactome:R-SSC-2730905|Reactome:R-SSC-2871796|Reactome:R-SSC-2871809|Reactome:R-SSC-2871837|Reactome:R-SSC-3000178|Reactome:R-SSC-389948|Reactome:R-SSC-391160|Reactome:R-SSC-416550|Reactome:R-SSC-432142|Reactome:R-SSC-5673001|Reactome:R-SSC-5690714|Reactome:R-SSC-6798695|Reactome:R-SSC-6806942|Reactome:R-SSC-6807004|Reactome:R-SSC-6811558|Reactome:R-SSC-8851805|Reactome:R-SSC-8851907|Reactome:R-SSC-8856825|Reactome:R-SSC-8856828|Reactome:R-SSC-8865999|Reactome:R-SSC-8874081|Reactome:R-SSC-8875513|Reactome:R-SSC-8875555|Reactome:R-SSC-8875656|Reactome:R-SSC-8875791|Reactome:R-SSC-8980692|Reactome:R-SSC-9006335|Reactome:R-SSC-9013106|Reactome:R-SSC-9013404|Reactome:R-SSC-9013408|Reactome:R-SSC-9020591|Reactome:R-SSC-9020933|Reactome:R-SSC-9027276|Reactome:R-SSC-9027284|Reactome:R-SSC-9734091|Reactome:R-SSC-977606|Reactome:R-SSC-982772|Reactome:R-SSC-983170|Reactome:R-SSC-983695|Reactome:R-XTR-202433|Reactome:R-XTR-418990|Reactome:R-XTR-5654687
D_discoideum_EAL67967	f4c3f581de168d6f7c98487bd81740cf	2233	SignalP_GRAM_POSITIVE	SignalP-TM	SignalP-TM	1	22	-	T	26-08-2026	-	-	-	-
D_discoideum_EAL67967	f4c3f581de168d6f7c98487bd81740cf	2233	Phobius	SIGNAL_PEPTIDE_H_REGION	Hydrophobic region of a signal peptide.	4	14	-	T	26-08-2026	-	-	-	-
D_discoideum_EAL67967	f4c3f581de168d6f7c98487bd81740cf	2233	PANTHER	PTHR22916	GLYCOSYLTRANSFERASE	543	1975	4.6E-96	T	26-08-2026	-	-	-	-
D_discoideum_EAL67967	f4c3f581de168d6f7c98487bd81740cf	2233	SUPERFAMILY	SSF53756	UDP-Glycosyltransferase/glycogen phosphorylase	121	497	5.15E-21	T	26-08-2026	-	-	-	-
D_discoideum_EAL67967	f4c3f581de168d6f7c98487bd81740cf	2233	TMHMM	TMhelix	Region of a membrane-bound protein predicted to be embedded in the membrane.	1934	1956	-	T	26-08-2026	-	-	-	-
D_discoideum_EAL67967	f4c3f581de168d6f7c98487bd81740cf	2233	Pfam	PF02010	REJ domain	1021	1107	0.0051	T	26-08-2026	IPR002859	PKD/REJ-like domain	-	Reactome:R-HSA-5620916|Reactome:R-MMU-5620916
D_discoideum_EAL67967	f4c3f581de168d6f7c98487bd81740cf	2233	Pfam	PF02010	REJ domain	1129	1535	2.6E-73	T	26-08-2026	IPR002859	PKD/REJ-like domain	-	Reactome:R-HSA-5620916|Reactome:R-MMU-5620916
D_discoideum_EAL67967	f4c3f581de168d6f7c98487bd81740cf	2233	Phobius	SIGNAL_PEPTIDE_C_REGION	C-terminal region of a signal peptide.	15	19	-	T	26-08-2026	-	-	-	-
D_discoideum_EAL67967	f4c3f581de168d6f7c98487bd81740cf	2233	Gene3D	G3DSA:3.90.550.10	Spore Coat Polysaccharide Biosynthesis Protein SpsA; Chain A	524	764	4.6E-43	T	26-08-2026	IPR029044	Nucleotide-diphospho-sugar transferases	-	Reactome:R-BTA-1650814|Reactome:R-BTA-173599|Reactome:R-BTA-2022854|Reactome:R-BTA-2022928|Reactome:R-BTA-2534343|Reactome:R-BTA-3322077|Reactome:R-BTA-4085001|Reactome:R-BTA-5653890|Reactome:R-BTA-6798695|Reactome:R-BTA-6811436|Reactome:R-BTA-913709|Reactome:R-BTA-975577|Reactome:R-CEL-1650814|Reactome:R-CEL-1971475|Reactome:R-CEL-2022928|Reactome:R-CEL-3322077|Reactome:R-CEL-446205|Reactome:R-CEL-446210|Reactome:R-CEL-6798695|Reactome:R-CEL-6811436|Reactome:R-CEL-70221|Reactome:R-CEL-72731|Reactome:R-CEL-913709|Reactome:R-CEL-964739|Reactome:R-CEL-975577|Reactome:R-CEL-9840309|Reactome:R-CFA-1971475|Reactome:R-DDI-162699|Reactome:R-DDI-173599|Reactome:R-DDI-3322077|Reactome:R-DDI-446205|Reactome:R-DDI-446210|Reactome:R-DDI-480985|Reactome:R-DDI-72731|Reactome:R-DME-162699|Reactome:R-DME-1650814|Reactome:R-DME-190372|Reactome:R-DME-1971475|Reactome:R-DME-2022854|Reactome:R-DME-2022928|Reactome:R-DME-446205|Reactome:R-DME-480985|Reactome:R-DME-6811436|Reactome:R-DME-9037629|Reactome:R-DME-913709|Reactome:R-DME-975577|Reactome:R-DME-9840309|Reactome:R-DRE-1650814|Reactome:R-DRE-2022854|Reactome:R-DRE-2022928|Reactome:R-DRE-4085001|Reactome:R-DRE-446205|Reactome:R-DRE-913709|Reactome:R-DRE-975577|Reactome:R-DRE-9840309|Reactome:R-DRE-9939291|Reactome:R-HSA-162699|Reactome:R-HSA-1650814|Reactome:R-HSA-173599|Reactome:R-HSA-190372|Reactome:R-HSA-1912420|Reactome:R-HSA-1971475|Reactome:R-HSA-2022854|Reactome:R-HSA-2022870|Reactome:R-HSA-2022928|Reactome:R-HSA-2142845|Reactome:R-HSA-2534343|Reactome:R-HSA-3322077|Reactome:R-HSA-3560783|Reactome:R-HSA-3560801|Reactome:R-HSA-3595177|Reactome:R-HSA-3656237|Reactome:R-HSA-3656244|Reactome:R-HSA-3656253|Reactome:R-HSA-3785653|Reactome:R-HSA-381038|Reactome:R-HSA-3814836|Reactome:R-HSA-3828062|Reactome:R-HSA-3858516|Reactome:R-HSA-3878781|Reactome:R-HSA-4085001|Reactome:R-HSA-446203|Reactome:R-HSA-446205|Reactome:R-HSA-446210|Reactome:R-HSA-4717374|Reactome:R-HSA-4719360|Reactome:R-HSA-4719377|Reactome:R-HSA-4793952|Reactome:R-HSA-4793953|Reactome:R-HSA-480985|Reactome:R-HSA-5083625|Reactome:R-HSA-5083627|Reactome:R-HSA-5083628|Reactome:R-HSA-5083635|Reactome:R-HSA-5083636|Reactome:R-HSA-5173214|Reactome:R-HSA-5357609|Reactome:R-HSA-5653890|Reactome:R-HSA-6798695|Reactome:R-HSA-6811436|Reactome:R-HSA-70221|Reactome:R-HSA-72731|Reactome:R-HSA-8932504|Reactome:R-HSA-8932506|Reactome:R-HSA-901032|Reactome:R-HSA-9033807|Reactome:R-HSA-9037629|Reactome:R-HSA-913709|Reactome:R-HSA-964739|Reactome:R-HSA-9683673|Reactome:R-HSA-9683686|Reactome:R-HSA-9694548|Reactome:R-HSA-9694719|Reactome:R-HSA-975577|Reactome:R-HSA-975578|Reactome:R-HSA-9840309|Reactome:R-HSA-9918432|Reactome:R-HSA-9926550|Reactome:R-HSA-9931953|Reactome:R-HSA-9939291|Reactome:R-MMU-162699|Reactome:R-MMU-1650814|Reactome:R-MMU-173599|Reactome:R-MMU-190372|Reactome:R-MMU-1971475|Reactome:R-MMU-2022854|Reactome:R-MMU-2022870|Reactome:R-MMU-2022928|Reactome:R-MMU-2142845|Reactome:R-MMU-2534343|Reactome:R-MMU-3322077|Reactome:R-MMU-4085001|Reactome:R-MMU-446203|Reactome:R-MMU-446205|Reactome:R-MMU-446210|Reactome:R-MMU-480985|Reactome:R-MMU-5173214|Reactome:R-MMU-5653890|Reactome:R-MMU-6798695|Reactome:R-MMU-6811436|Reactome:R-MMU-70221|Reactome:R-MMU-72731|Reactome:R-MMU-8932504|Reactome:R-MMU-8932506|Reactome:R-MMU-9033807|Reactome:R-MMU-9037629|Reactome:R-MMU-913709|Reactome:R-MMU-964739|Reactome:R-MMU-975577|Reactome:R-MMU-975578|Reactome:R-MMU-9840309|Reactome:R-MMU-9939291|Reactome:R-RNO-1650814|Reactome:R-RNO-2022854|Reactome:R-RNO-2142845|Reactome:R-RNO-3322077|Reactome:R-RNO-4085001|Reactome:R-RNO-446205|Reactome:R-RNO-6798695|Reactome:R-RNO-6811436|Reactome:R-RNO-70221|Reactome:R-RNO-72731|Reactome:R-RNO-8932504|Reactome:R-RNO-8932506|Reactome:R-RNO-9033807|Reactome:R-RNO-913709|Reactome:R-RNO-964739|Reactome:R-RNO-975577|Reactome:R-RNO-975578|Reactome:R-RNO-9840309|Reactome:R-RNO-9939291|Reactome:R-SCE-173599|Reactome:R-SCE-3322077|Reactome:R-SCE-446210|Reactome:R-SCE-480985|Reactome:R-SCE-6798695|Reactome:R-SCE-70221|Reactome:R-SCE-72731|Reactome:R-SPO-162699|Reactome:R-SPO-173599|Reactome:R-SPO-3322077|Reactome:R-SPO-446205|Reactome:R-SPO-446210|Reactome:R-SPO-480985|Reactome:R-SPO-6798695|Reactome:R-SPO-70221|Reactome:R-SPO-72731|Reactome:R-SSC-162699|Reactome:R-SSC-2022854|Reactome:R-SSC-913709|Reactome:R-SSC-975577|Reactome:R-SSC-9840309|Reactome:R-XTR-446205|Reactome:R-XTR-913709|Reactome:R-XTR-9840309|Reactome:R-XTR-9939291
D_discoideum_EAL67967	f4c3f581de168d6f7c98487bd81740cf	2233	SignalP_EUK	SignalP-noTM	SignalP-noTM	1	19	-	T	26-08-2026	-	-	-	-
D_discoideum_EAL67967	f4c3f581de168d6f7c98487bd81740cf	2233	Pfam	PF01825	GAIN subdomain B	1800	1922	7.3E-8	T	26-08-2026	IPR000203	GPS motif	-	Reactome:R-CEL-373080|Reactome:R-CEL-6798695|Reactome:R-CEL-9619665|Reactome:R-DME-350368|Reactome:R-DME-350376|Reactome:R-DME-350379|Reactome:R-DME-350411|Reactome:R-DME-350480|Reactome:R-DME-373080|Reactome:R-DME-450728|Reactome:R-DME-6798695|Reactome:R-DME-9619665|Reactome:R-DRE-9619665|Reactome:R-HSA-373080|Reactome:R-HSA-5620916|Reactome:R-HSA-5683826|Reactome:R-HSA-6798695|Reactome:R-HSA-9619665|Reactome:R-MMU-373080|Reactome:R-MMU-5620916|Reactome:R-MMU-5683826|Reactome:R-MMU-6798695|Reactome:R-MMU-9619665|Reactome:R-RNO-373080|Reactome:R-RNO-5683826
D_discoideum_EAL67967	f4c3f581de168d6f7c98487bd81740cf	2233	MobiDBLite	mobidb-lite	consensus disorder prediction	2161	2233	-	T	26-08-2026	-	-	-	-
D_citrinum_KAN0013107	c7c30446d627893327c5deedb851b5dd	2209	Gene3D	G3DSA:3.40.50.2000	Glycogen Phosphorylase B;	317	495	1.8E-8	T	26-08-2026	-	-	-	-
D_citrinum_KAN0013107	c7c30446d627893327c5deedb851b5dd	2209	Phobius	SIGNAL_PEPTIDE	Signal peptide region	1	18	-	T	26-08-2026	-	-	-	-
D_citrinum_KAN0013107	c7c30446d627893327c5deedb851b5dd	2209	SUPERFAMILY	SSF53448	Nucleotide-diphospho-sugar transferases	541	752	1.03E-41	T	26-08-2026	IPR029044	Nucleotide-diphospho-sugar transferases	-	Reactome:R-BTA-1650814|Reactome:R-BTA-173599|Reactome:R-BTA-2022854|Reactome:R-BTA-2022928|Reactome:R-BTA-2534343|Reactome:R-BTA-3322077|Reactome:R-BTA-4085001|Reactome:R-BTA-5653890|Reactome:R-BTA-6798695|Reactome:R-BTA-6811436|Reactome:R-BTA-913709|Reactome:R-BTA-975577|Reactome:R-CEL-1650814|Reactome:R-CEL-1971475|Reactome:R-CEL-2022928|Reactome:R-CEL-3322077|Reactome:R-CEL-446205|Reactome:R-CEL-446210|Reactome:R-CEL-6798695|Reactome:R-CEL-6811436|Reactome:R-CEL-70221|Reactome:R-CEL-72731|Reactome:R-CEL-913709|Reactome:R-CEL-964739|Reactome:R-CEL-975577|Reactome:R-CEL-9840309|Reactome:R-CFA-1971475|Reactome:R-DDI-162699|Reactome:R-DDI-173599|Reactome:R-DDI-3322077|Reactome:R-DDI-446205|Reactome:R-DDI-446210|Reactome:R-DDI-480985|Reactome:R-DDI-72731|Reactome:R-DME-162699|Reactome:R-DME-1650814|Reactome:R-DME-190372|Reactome:R-DME-1971475|Reactome:R-DME-2022854|Reactome:R-DME-2022928|Reactome:R-DME-446205|Reactome:R-DME-480985|Reactome:R-DME-6811436|Reactome:R-DME-9037629|Reactome:R-DME-913709|Reactome:R-DME-975577|Reactome:R-DME-9840309|Reactome:R-DRE-1650814|Reactome:R-DRE-2022854|Reactome:R-DRE-2022928|Reactome:R-DRE-4085001|Reactome:R-DRE-446205|Reactome:R-DRE-913709|Reactome:R-DRE-975577|Reactome:R-DRE-9840309|Reactome:R-DRE-9939291|Reactome:R-HSA-162699|Reactome:R-HSA-1650814|Reactome:R-HSA-173599|Reactome:R-HSA-190372|Reactome:R-HSA-1912420|Reactome:R-HSA-1971475|Reactome:R-HSA-2022854|Reactome:R-HSA-2022870|Reactome:R-HSA-2022928|Reactome:R-HSA-2142845|Reactome:R-HSA-2534343|Reactome:R-HSA-3322077|Reactome:R-HSA-3560783|Reactome:R-HSA-3560801|Reactome:R-HSA-3595177|Reactome:R-HSA-3656237|Reactome:R-HSA-3656244|Reactome:R-HSA-3656253|Reactome:R-HSA-3785653|Reactome:R-HSA-381038|Reactome:R-HSA-3814836|Reactome:R-HSA-3828062|Reactome:R-HSA-3858516|Reactome:R-HSA-3878781|Reactome:R-HSA-4085001|Reactome:R-HSA-446203|Reactome:R-HSA-446205|Reactome:R-HSA-446210|Reactome:R-HSA-4717374|Reactome:R-HSA-4719360|Reactome:R-HSA-4719377|Reactome:R-HSA-4793952|Reactome:R-HSA-4793953|Reactome:R-HSA-480985|Reactome:R-HSA-5083625|Reactome:R-HSA-5083627|Reactome:R-HSA-5083628|Reactome:R-HSA-5083635|Reactome:R-HSA-5083636|Reactome:R-HSA-5173214|Reactome:R-HSA-5357609|Reactome:R-HSA-5653890|Reactome:R-HSA-6798695|Reactome:R-HSA-6811436|Reactome:R-HSA-70221|Reactome:R-HSA-72731|Reactome:R-HSA-8932504|Reactome:R-HSA-8932506|Reactome:R-HSA-901032|Reactome:R-HSA-9033807|Reactome:R-HSA-9037629|Reactome:R-HSA-913709|Reactome:R-HSA-964739|Reactome:R-HSA-9683673|Reactome:R-HSA-9683686|Reactome:R-HSA-9694548|Reactome:R-HSA-9694719|Reactome:R-HSA-975577|Reactome:R-HSA-975578|Reactome:R-HSA-9840309|Reactome:R-HSA-9918432|Reactome:R-HSA-9926550|Reactome:R-HSA-9931953|Reactome:R-HSA-9939291|Reactome:R-MMU-162699|Reactome:R-MMU-1650814|Reactome:R-MMU-173599|Reactome:R-MMU-190372|Reactome:R-MMU-1971475|Reactome:R-MMU-2022854|Reactome:R-MMU-2022870|Reactome:R-MMU-2022928|Reactome:R-MMU-2142845|Reactome:R-MMU-2534343|Reactome:R-MMU-3322077|Reactome:R-MMU-4085001|Reactome:R-MMU-446203|Reactome:R-MMU-446205|Reactome:R-MMU-446210|Reactome:R-MMU-480985|Reactome:R-MMU-5173214|Reactome:R-MMU-5653890|Reactome:R-MMU-6798695|Reactome:R-MMU-6811436|Reactome:R-MMU-70221|Reactome:R-MMU-72731|Reactome:R-MMU-8932504|Reactome:R-MMU-8932506|Reactome:R-MMU-9033807|Reactome:R-MMU-9037629|Reactome:R-MMU-913709|Reactome:R-MMU-964739|Reactome:R-MMU-975577|Reactome:R-MMU-975578|Reactome:R-MMU-9840309|Reactome:R-MMU-9939291|Reactome:R-RNO-1650814|Reactome:R-RNO-2022854|Reactome:R-RNO-2142845|Reactome:R-RNO-3322077|Reactome:R-RNO-4085001|Reactome:R-RNO-446205|Reactome:R-RNO-6798695|Reactome:R-RNO-6811436|Reactome:R-RNO-70221|Reactome:R-RNO-72731|Reactome:R-RNO-8932504|Reactome:R-RNO-8932506|Reactome:R-RNO-9033807|Reactome:R-RNO-913709|Reactome:R-RNO-964739|Reactome:R-RNO-975577|Reactome:R-RNO-975578|Reactome:R-RNO-9840309|Reactome:R-RNO-9939291|Reactome:R-SCE-173599|Reactome:R-SCE-3322077|Reactome:R-SCE-446210|Reactome:R-SCE-480985|Reactome:R-SCE-6798695|Reactome:R-SCE-70221|Reactome:R-SCE-72731|Reactome:R-SPO-162699|Reactome:R-SPO-173599|Reactome:R-SPO-3322077|Reactome:R-SPO-446205|Reactome:R-SPO-446210|Reactome:R-SPO-480985|Reactome:R-SPO-6798695|Reactome:R-SPO-70221|Reactome:R-SPO-72731|Reactome:R-SSC-162699|Reactome:R-SSC-2022854|Reactome:R-SSC-913709|Reactome:R-SSC-975577|Reactome:R-SSC-9840309|Reactome:R-XTR-446205|Reactome:R-XTR-913709|Reactome:R-XTR-9840309|Reactome:R-XTR-9939291
D_citrinum_KAN0013107	c7c30446d627893327c5deedb851b5dd	2209	Pfam	PF02010	REJ domain	1015	1101	0.0088	T	26-08-2026	IPR002859	PKD/REJ-like domain	-	Reactome:R-HSA-5620916|Reactome:R-MMU-5620916
D_citrinum_KAN0013107	c7c30446d627893327c5deedb851b5dd	2209	Pfam	PF02010	REJ domain	1123	1531	1.5E-69	T	26-08-2026	IPR002859	PKD/REJ-like domain	-	Reactome:R-HSA-5620916|Reactome:R-MMU-5620916
D_citrinum_KAN0013107	c7c30446d627893327c5deedb851b5dd	2209	SUPERFAMILY	SSF81296	E set domains	809	891	4.62E-10	T	26-08-2026	IPR014756	Immunoglobulin E-set	-	Reactome:R-BTA-1296041|Reactome:R-BTA-1296053|Reactome:R-BTA-1632852|Reactome:R-BTA-2514859|Reactome:R-BTA-350054|Reactome:R-BTA-380972|Reactome:R-BTA-418555|Reactome:R-BTA-432720|Reactome:R-BTA-432722|Reactome:R-BTA-456926|Reactome:R-BTA-5576886|Reactome:R-BTA-5624958|Reactome:R-BTA-5628897|Reactome:R-BTA-5635838|Reactome:R-BTA-5674135|Reactome:R-BTA-5689880|Reactome:R-BTA-6798695|Reactome:R-BTA-6804756|Reactome:R-BTA-8856825|Reactome:R-BTA-8856828|Reactome:R-BTA-8941856|Reactome:R-BTA-8964038|Reactome:R-BTA-9013148|Reactome:R-BTA-9013407|Reactome:R-BTA-9013408|Reactome:R-BTA-9648002|Reactome:R-BTA-9839389|Reactome:R-BTA-9931269|Reactome:R-BTA-9954716|Reactome:R-BTA-997272|Reactome:R-CEL-1296041|Reactome:R-CEL-1296053|Reactome:R-CEL-1296067|Reactome:R-CEL-264876|Reactome:R-CEL-416482|Reactome:R-CEL-416572|Reactome:R-CEL-416700|Reactome:R-CEL-432720|Reactome:R-CEL-432722|Reactome:R-CEL-456926|Reactome:R-CEL-5099900|Reactome:R-CEL-5576886|Reactome:R-CEL-5620916|Reactome:R-CEL-5624138|Reactome:R-CEL-5674135|Reactome:R-CEL-6798695|Reactome:R-CEL-72163|Reactome:R-CEL-72165|Reactome:R-CEL-844456|Reactome:R-CEL-8856825|Reactome:R-CEL-8856828|Reactome:R-CEL-8964038|Reactome:R-CEL-8980692|Reactome:R-CEL-9013148|Reactome:R-CEL-9013149|Reactome:R-CEL-9013407|Reactome:R-CEL-9013423|Reactome:R-CEL-913709|Reactome:R-CEL-9648002|Reactome:R-CEL-997272|Reactome:R-CFA-1296041|Reactome:R-CFA-1296053|Reactome:R-CFA-5576886|Reactome:R-CFA-5624958|Reactome:R-CFA-9648002|Reactome:R-CFA-997272|Reactome:R-DDI-3295583|Reactome:R-DDI-5213460|Reactome:R-DDI-5673000|Reactome:R-DDI-5674135|Reactome:R-DDI-5675221|Reactome:R-DDI-5675482|Reactome:R-DDI-6798695|Reactome:R-DDI-72163|Reactome:R-DDI-8964038|Reactome:R-DDI-9013149|Reactome:R-DDI-9013404|Reactome:R-DDI-9013423|Reactome:R-DDI-9954716|Reactome:R-DME-114608|Reactome:R-DME-1169091|Reactome:R-DME-1614517|Reactome:R-DME-1810476|Reactome:R-DME-202424|Reactome:R-DME-209394|Reactome:R-DME-209400|Reactome:R-DME-209406|Reactome:R-DME-209560|Reactome:R-DME-214399|Reactome:R-DME-214411|Reactome:R-DME-214416|Reactome:R-DME-214842|Reactome:R-DME-214844|Reactome:R-DME-214869|Reactome:R-DME-264876|Reactome:R-DME-2871837|Reactome:R-DME-3134963|Reactome:R-DME-350054|Reactome:R-DME-416482|Reactome:R-DME-416572|Reactome:R-DME-416700|Reactome:R-DME-418555|Reactome:R-DME-432720|Reactome:R-DME-432722|Reactome:R-DME-445989|Reactome:R-DME-446353|Reactome:R-DME-4755510|Reactome:R-DME-5607761|Reactome:R-DME-5607764|Reactome:R-DME-5620916|Reactome:R-DME-5621575|Reactome:R-DME-5627123|Reactome:R-DME-5674135|Reactome:R-DME-5676590|Reactome:R-DME-5689880|Reactome:R-DME-6798695|Reactome:R-DME-72163|Reactome:R-DME-72165|Reactome:R-DME-8856825|Reactome:R-DME-8856828|Reactome:R-DME-9020702|Reactome:R-DME-913709|Reactome:R-DME-933542|Reactome:R-DME-9648002|Reactome:R-DME-977068|Reactome:R-DME-9839389|Reactome:R-DME-9860927|Reactome:R-DRE-399954|Reactome:R-DRE-399956|Reactome:R-DRE-5624138|Reactome:R-DRE-6798695|Reactome:R-DRE-8964038|Reactome:R-DRE-983168|Reactome:R-GGA-1227892|Reactome:R-GGA-1296041|Reactome:R-GGA-1296053|Reactome:R-GGA-434001|Reactome:R-GGA-434131|Reactome:R-GGA-5576886|Reactome:R-GGA-9954716|Reactome:R-GGA-997272|Reactome:R-HSA-112126|Reactome:R-HSA-114608|Reactome:R-HSA-1169091|Reactome:R-HSA-1169408|Reactome:R-HSA-1236974|Reactome:R-HSA-1257604|Reactome:R-HSA-1296025|Reactome:R-HSA-1296041|Reactome:R-HSA-1296053|Reactome:R-HSA-1296067|Reactome:R-HSA-140534|Reactome:R-HSA-140837|Reactome:R-HSA-140875|Reactome:R-HSA-1445148|Reactome:R-HSA-1474228|Reactome:R-HSA-1614517|Reactome:R-HSA-163125|Reactome:R-HSA-1632852|Reactome:R-HSA-163680|Reactome:R-HSA-166016|Reactome:R-HSA-166058|Reactome:R-HSA-166166|Reactome:R-HSA-1810476|Reactome:R-HSA-1912408|Reactome:R-HSA-193634|Reactome:R-HSA-193692|Reactome:R-HSA-200425|Reactome:R-HSA-202424|Reactome:R-HSA-2025928|Reactome:R-HSA-209560|Reactome:R-HSA-209563|Reactome:R-HSA-210744|Reactome:R-HSA-2122947|Reactome:R-HSA-2122948|Reactome:R-HSA-2151209|Reactome:R-HSA-2197563|Reactome:R-HSA-2219530|Reactome:R-HSA-2485179|Reactome:R-HSA-2514859|Reactome:R-HSA-2559582|Reactome:R-HSA-2562578|Reactome:R-HSA-2644606|Reactome:R-HSA-264876|Reactome:R-HSA-2871809|Reactome:R-HSA-2871837|Reactome:R-HSA-2894862|Reactome:R-HSA-3134963|Reactome:R-HSA-3214841|Reactome:R-HSA-3322077|Reactome:R-HSA-350054|Reactome:R-HSA-380972|Reactome:R-HSA-381340|Reactome:R-HSA-382556|Reactome:R-HSA-3878781|Reactome:R-HSA-399954|Reactome:R-HSA-399955|Reactome:R-HSA-399956|Reactome:R-HSA-4086398|Reactome:R-HSA-416482|Reactome:R-HSA-416550|Reactome:R-HSA-416572|Reactome:R-HSA-416700|Reactome:R-HSA-418555|Reactome:R-HSA-422356|Reactome:R-HSA-430116|Reactome:R-HSA-432720|Reactome:R-HSA-432722|Reactome:R-HSA-445989|Reactome:R-HSA-446353|Reactome:R-HSA-448706|Reactome:R-HSA-456926|Reactome:R-HSA-4755510|Reactome:R-HSA-5099900|Reactome:R-HSA-5223345|Reactome:R-HSA-5576886|Reactome:R-HSA-5578775|Reactome:R-HSA-5602498|Reactome:R-HSA-5603029|Reactome:R-HSA-5603041|Reactome:R-HSA-5607761|Reactome:R-HSA-5607763|Reactome:R-HSA-5607764|Reactome:R-HSA-5620916|Reactome:R-HSA-5621575|Reactome:R-HSA-5624138|Reactome:R-HSA-5624958|Reactome:R-HSA-5627123|Reactome:R-HSA-5628897|Reactome:R-HSA-5635838|Reactome:R-HSA-5660668|Reactome:R-HSA-5673001|Reactome:R-HSA-5674135|Reactome:R-HSA-5676590|Reactome:R-HSA-5678420|Reactome:R-HSA-5683177|Reactome:R-HSA-5684264|Reactome:R-HSA-5686938|Reactome:R-HSA-5689880|Reactome:R-HSA-6785807|Reactome:R-HSA-6798695|Reactome:R-HSA-6802946|Reactome:R-HSA-6802948|Reactome:R-HSA-6802952|Reactome:R-HSA-6802955|Reactome:R-HSA-6804756|Reactome:R-HSA-6806942|Reactome:R-HSA-6807004|Reactome:R-HSA-6809371|Reactome:R-HSA-6811558|Reactome:R-HSA-72163|Reactome:R-HSA-72165|Reactome:R-HSA-844456|Reactome:R-HSA-877300|Reactome:R-HSA-8851805|Reactome:R-HSA-8851907|Reactome:R-HSA-8852405|Reactome:R-HSA-8853884|Reactome:R-HSA-8856825|Reactome:R-HSA-8856828|Reactome:R-HSA-8865999|Reactome:R-HSA-8874081|Reactome:R-HSA-8875360|Reactome:R-HSA-8875513|Reactome:R-HSA-8875555|Reactome:R-HSA-8875656|Reactome:R-HSA-8875791|Reactome:R-HSA-8876493|Reactome:R-HSA-8877330|Reactome:R-HSA-8941856|Reactome:R-HSA-8963896|Reactome:R-HSA-8964038|Reactome:R-HSA-8980692|Reactome:R-HSA-8983711|Reactome:R-HSA-9013026|Reactome:R-HSA-9013106|Reactome:R-HSA-9013148|Reactome:R-HSA-9013149|Reactome:R-HSA-9013404|Reactome:R-HSA-9013405|Reactome:R-HSA-9013407|Reactome:R-HSA-9013408|Reactome:R-HSA-9013423|Reactome:R-HSA-9013508|Reactome:R-HSA-9013695|Reactome:R-HSA-9020702|Reactome:R-HSA-9022699|Reactome:R-HSA-933542|Reactome:R-HSA-936964|Reactome:R-HSA-937041|Reactome:R-HSA-937072|Reactome:R-HSA-9609690|Reactome:R-HSA-9613354|Reactome:R-HSA-9615017|Reactome:R-HSA-9617629|Reactome:R-HSA-9619483|Reactome:R-HSA-9638334|Reactome:R-HSA-9648002|Reactome:R-HSA-9649948|Reactome:R-HSA-9656223|Reactome:R-HSA-9660826|Reactome:R-HSA-9692916|Reactome:R-HSA-9696270|Reactome:R-HSA-9696273|Reactome:R-HSA-9707564|Reactome:R-HSA-9707616|Reactome:R-HSA-9729555|Reactome:R-HSA-9734091|Reactome:R-HSA-975163|Reactome:R-HSA-9752946|Reactome:R-HSA-9793380|Reactome:R-HSA-9818749|Reactome:R-HSA-9820960|Reactome:R-HSA-9824272|Reactome:R-HSA-9824878|Reactome:R-HSA-9825892|Reactome:R-HSA-983168|Reactome:R-HSA-9833110|Reactome:R-HSA-9839389|Reactome:R-HSA-9844594|Reactome:R-HSA-9860927|Reactome:R-HSA-9909649|Reactome:R-HSA-9918432|Reactome:R-HSA-9918476|Reactome:R-HSA-9918481|Reactome:R-HSA-9918485|Reactome:R-HSA-9918487|Reactome:R-HSA-9920588|Reactome:R-HSA-9920951|Reactome:R-HSA-9931269|Reactome:R-HSA-9942503|Reactome:R-HSA-9954716|Reactome:R-HSA-997272|Reactome:R-MMU-114608|Reactome:R-MMU-1169091|Reactome:R-MMU-1169408|Reactome:R-MMU-1257604|Reactome:R-MMU-1296025|Reactome:R-MMU-1296041|Reactome:R-MMU-1296053|Reactome:R-MMU-1296067|Reactome:R-MMU-140534|Reactome:R-MMU-140837|Reactome:R-MMU-140875|Reactome:R-MMU-1474228|Reactome:R-MMU-1614517|Reactome:R-MMU-163125|Reactome:R-MMU-1632852|Reactome:R-MMU-163680|Reactome:R-MMU-166016|Reactome:R-MMU-166166|Reactome:R-MMU-1810476|Reactome:R-MMU-193634|Reactome:R-MMU-193692|Reactome:R-MMU-200425|Reactome:R-MMU-202424|Reactome:R-MMU-2025928|Reactome:R-MMU-209560|Reactome:R-MMU-209563|Reactome:R-MMU-2122947|Reactome:R-MMU-2514859|Reactome:R-MMU-2562578|Reactome:R-MMU-264876|Reactome:R-MMU-2871809|Reactome:R-MMU-2871837|Reactome:R-MMU-3134963|Reactome:R-MMU-3214841|Reactome:R-MMU-3322077|Reactome:R-MMU-350054|Reactome:R-MMU-380972|Reactome:R-MMU-382556|Reactome:R-MMU-399954|Reactome:R-MMU-399955|Reactome:R-MMU-399956|Reactome:R-MMU-4086398|Reactome:R-MMU-416482|Reactome:R-MMU-416550|Reactome:R-MMU-416572|Reactome:R-MMU-416700|Reactome:R-MMU-418555|Reactome:R-MMU-422356|Reactome:R-MMU-430116|Reactome:R-MMU-432720|Reactome:R-MMU-432722|Reactome:R-MMU-445989|Reactome:R-MMU-446353|Reactome:R-MMU-448706|Reactome:R-MMU-456926|Reactome:R-MMU-4755510|Reactome:R-MMU-5099900|Reactome:R-MMU-5223345|Reactome:R-MMU-5576886|Reactome:R-MMU-5578775|Reactome:R-MMU-5607761|Reactome:R-MMU-5607763|Reactome:R-MMU-5607764|Reactome:R-MMU-5620916|Reactome:R-MMU-5621575|Reactome:R-MMU-5624138|Reactome:R-MMU-5624958|Reactome:R-MMU-5627123|Reactome:R-MMU-5628897|Reactome:R-MMU-5635838|Reactome:R-MMU-5673001|Reactome:R-MMU-5674135|Reactome:R-MMU-5676590|Reactome:R-MMU-5684264|Reactome:R-MMU-5686938|Reactome:R-MMU-5689880|Reactome:R-MMU-6798695|Reactome:R-MMU-6804756|Reactome:R-MMU-6806942|Reactome:R-MMU-6807004|Reactome:R-MMU-6809371|Reactome:R-MMU-6811558|Reactome:R-MMU-72163|Reactome:R-MMU-72165|Reactome:R-MMU-844456|Reactome:R-MMU-8851805|Reactome:R-MMU-8851907|Reactome:R-MMU-8852405|Reactome:R-MMU-8856825|Reactome:R-MMU-8856828|Reactome:R-MMU-8865999|Reactome:R-MMU-8874081|Reactome:R-MMU-8875513|Reactome:R-MMU-8875555|Reactome:R-MMU-8875656|Reactome:R-MMU-8875791|Reactome:R-MMU-8941856|Reactome:R-MMU-8963896|Reactome:R-MMU-8964038|Reactome:R-MMU-8980692|Reactome:R-MMU-9013026|Reactome:R-MMU-9013106|Reactome:R-MMU-9013148|Reactome:R-MMU-9013149|Reactome:R-MMU-9013404|Reactome:R-MMU-9013407|Reactome:R-MMU-9013408|Reactome:R-MMU-9013423|Reactome:R-MMU-9020702|Reactome:R-MMU-933542|Reactome:R-MMU-936964|Reactome:R-MMU-937041|Reactome:R-MMU-937072|Reactome:R-MMU-9648002|Reactome:R-MMU-9696270|Reactome:R-MMU-9696273|Reactome:R-MMU-9707616|Reactome:R-MMU-9734091|Reactome:R-MMU-975163|Reactome:R-MMU-9824878|Reactome:R-MMU-983168|Reactome:R-MMU-9839389|Reactome:R-MMU-9860927|Reactome:R-MMU-9931269|Reactome:R-MMU-9954716|Reactome:R-MMU-997272|Reactome:R-MTU-868688|Reactome:R-RNO-114608|Reactome:R-RNO-1169091|Reactome:R-RNO-1257604|Reactome:R-RNO-1296025|Reactome:R-RNO-1296041|Reactome:R-RNO-1296053|Reactome:R-RNO-1296067|Reactome:R-RNO-140837|Reactome:R-RNO-140875|Reactome:R-RNO-1474228|Reactome:R-RNO-1614517|Reactome:R-RNO-1632852|Reactome:R-RNO-163680|Reactome:R-RNO-1810476|Reactome:R-RNO-193634|Reactome:R-RNO-193692|Reactome:R-RNO-200425|Reactome:R-RNO-202424|Reactome:R-RNO-2025928|Reactome:R-RNO-209560|Reactome:R-RNO-209563|Reactome:R-RNO-2514859|Reactome:R-RNO-264876|Reactome:R-RNO-2871809|Reactome:R-RNO-2871837|Reactome:R-RNO-3134963|Reactome:R-RNO-3214841|Reactome:R-RNO-380972|Reactome:R-RNO-382556|Reactome:R-RNO-399954|Reactome:R-RNO-399955|Reactome:R-RNO-399956|Reactome:R-RNO-416550|Reactome:R-RNO-416700|Reactome:R-RNO-418555|Reactome:R-RNO-422356|Reactome:R-RNO-432720|Reactome:R-RNO-432722|Reactome:R-RNO-445989|Reactome:R-RNO-446353|Reactome:R-RNO-448706|Reactome:R-RNO-456926|Reactome:R-RNO-5099900|Reactome:R-RNO-5223345|Reactome:R-RNO-5576886|Reactome:R-RNO-5578775|Reactome:R-RNO-5607763|Reactome:R-RNO-5607764|Reactome:R-RNO-5620916|Reactome:R-RNO-5621575|Reactome:R-RNO-5628897|Reactome:R-RNO-5673001|Reactome:R-RNO-5674135|Reactome:R-RNO-5684264|Reactome:R-RNO-5689880|Reactome:R-RNO-6798695|Reactome:R-RNO-6804756|Reactome:R-RNO-6806942|Reactome:R-RNO-6807004|Reactome:R-RNO-6809371|Reactome:R-RNO-6811558|Reactome:R-RNO-72163|Reactome:R-RNO-72165|Reactome:R-RNO-844456|Reactome:R-RNO-8851805|Reactome:R-RNO-8851907|Reactome:R-RNO-8856825|Reactome:R-RNO-8856828|Reactome:R-RNO-8865999|Reactome:R-RNO-8874081|Reactome:R-RNO-8875513|Reactome:R-RNO-8875555|Reactome:R-RNO-8875656|Reactome:R-RNO-8875791|Reactome:R-RNO-8963896|Reactome:R-RNO-8980692|Reactome:R-RNO-9013106|Reactome:R-RNO-9013148|Reactome:R-RNO-9013149|Reactome:R-RNO-9013404|Reactome:R-RNO-9013407|Reactome:R-RNO-9013408|Reactome:R-RNO-9020702|Reactome:R-RNO-933542|Reactome:R-RNO-9734091|Reactome:R-RNO-983168|Reactome:R-RNO-9839389|Reactome:R-RNO-9860927|Reactome:R-RNO-9931269|Reactome:R-RNO-9954716|Reactome:R-RNO-997272|Reactome:R-SCE-1632852|Reactome:R-SCE-163680|Reactome:R-SCE-200425|Reactome:R-SCE-3238698|Reactome:R-SCE-3322077|Reactome:R-SCE-380972|Reactome:R-SCE-6798695|Reactome:R-SCE-8948751|Reactome:R-SCE-8964038|Reactome:R-SCE-8980692|Reactome:R-SCE-9013106|Reactome:R-SCE-9013148|Reactome:R-SCE-9013149|Reactome:R-SCE-9013423|Reactome:R-SPO-1632852|Reactome:R-SPO-163680|Reactome:R-SPO-200425|Reactome:R-SPO-380972|Reactome:R-SPO-5628897|Reactome:R-SPO-6798695|Reactome:R-SPO-72163|Reactome:R-SPO-8964038|Reactome:R-SPO-8980692|Reactome:R-SPO-9013106|Reactome:R-SPO-9013148|Reactome:R-SSC-1257604|Reactome:R-SSC-1296041|Reactome:R-SSC-1296053|Reactome:R-SSC-416550|Reactome:R-SSC-5576886|Reactome:R-SSC-5673001|Reactome:R-SSC-6798695|Reactome:R-SSC-6806942|Reactome:R-SSC-6807004|Reactome:R-SSC-6811558|Reactome:R-SSC-844456|Reactome:R-SSC-8851805|Reactome:R-SSC-8851907|Reactome:R-SSC-8865999|Reactome:R-SSC-8874081|Reactome:R-SSC-8875513|Reactome:R-SSC-8875555|Reactome:R-SSC-8875656|Reactome:R-SSC-8875791|Reactome:R-SSC-8964038|Reactome:R-SSC-9734091|Reactome:R-SSC-997272
D_citrinum_KAN0013107	c7c30446d627893327c5deedb851b5dd	2209	Gene3D	G3DSA:3.90.550.10	Spore Coat Polysaccharide Biosynthesis Protein SpsA; Chain A	518	757	3.7E-42	T	26-08-2026	IPR029044	Nucleotide-diphospho-sugar transferases	-	Reactome:R-BTA-1650814|Reactome:R-BTA-173599|Reactome:R-BTA-2022854|Reactome:R-BTA-2022928|Reactome:R-BTA-2534343|Reactome:R-BTA-3322077|Reactome:R-BTA-4085001|Reactome:R-BTA-5653890|Reactome:R-BTA-6798695|Reactome:R-BTA-6811436|Reactome:R-BTA-913709|Reactome:R-BTA-975577|Reactome:R-CEL-1650814|Reactome:R-CEL-1971475|Reactome:R-CEL-2022928|Reactome:R-CEL-3322077|Reactome:R-CEL-446205|Reactome:R-CEL-446210|Reactome:R-CEL-6798695|Reactome:R-CEL-6811436|Reactome:R-CEL-70221|Reactome:R-CEL-72731|Reactome:R-CEL-913709|Reactome:R-CEL-964739|Reactome:R-CEL-975577|Reactome:R-CEL-9840309|Reactome:R-CFA-1971475|Reactome:R-DDI-162699|Reactome:R-DDI-173599|Reactome:R-DDI-3322077|Reactome:R-DDI-446205|Reactome:R-DDI-446210|Reactome:R-DDI-480985|Reactome:R-DDI-72731|Reactome:R-DME-162699|Reactome:R-DME-1650814|Reactome:R-DME-190372|Reactome:R-DME-1971475|Reactome:R-DME-2022854|Reactome:R-DME-2022928|Reactome:R-DME-446205|Reactome:R-DME-480985|Reactome:R-DME-6811436|Reactome:R-DME-9037629|Reactome:R-DME-913709|Reactome:R-DME-975577|Reactome:R-DME-9840309|Reactome:R-DRE-1650814|Reactome:R-DRE-2022854|Reactome:R-DRE-2022928|Reactome:R-DRE-4085001|Reactome:R-DRE-446205|Reactome:R-DRE-913709|Reactome:R-DRE-975577|Reactome:R-DRE-9840309|Reactome:R-DRE-9939291|Reactome:R-HSA-162699|Reactome:R-HSA-1650814|Reactome:R-HSA-173599|Reactome:R-HSA-190372|Reactome:R-HSA-1912420|Reactome:R-HSA-1971475|Reactome:R-HSA-2022854|Reactome:R-HSA-2022870|Reactome:R-HSA-2022928|Reactome:R-HSA-2142845|Reactome:R-HSA-2534343|Reactome:R-HSA-3322077|Reactome:R-HSA-3560783|Reactome:R-HSA-3560801|Reactome:R-HSA-3595177|Reactome:R-HSA-3656237|Reactome:R-HSA-3656244|Reactome:R-HSA-3656253|Reactome:R-HSA-3785653|Reactome:R-HSA-381038|Reactome:R-HSA-3814836|Reactome:R-HSA-3828062|Reactome:R-HSA-3858516|Reactome:R-HSA-3878781|Reactome:R-HSA-4085001|Reactome:R-HSA-446203|Reactome:R-HSA-446205|Reactome:R-HSA-446210|Reactome:R-HSA-4717374|Reactome:R-HSA-4719360|Reactome:R-HSA-4719377|Reactome:R-HSA-4793952|Reactome:R-HSA-4793953|Reactome:R-HSA-480985|Reactome:R-HSA-5083625|Reactome:R-HSA-5083627|Reactome:R-HSA-5083628|Reactome:R-HSA-5083635|Reactome:R-HSA-5083636|Reactome:R-HSA-5173214|Reactome:R-HSA-5357609|Reactome:R-HSA-5653890|Reactome:R-HSA-6798695|Reactome:R-HSA-6811436|Reactome:R-HSA-70221|Reactome:R-HSA-72731|Reactome:R-HSA-8932504|Reactome:R-HSA-8932506|Reactome:R-HSA-901032|Reactome:R-HSA-9033807|Reactome:R-HSA-9037629|Reactome:R-HSA-913709|Reactome:R-HSA-964739|Reactome:R-HSA-9683673|Reactome:R-HSA-9683686|Reactome:R-HSA-9694548|Reactome:R-HSA-9694719|Reactome:R-HSA-975577|Reactome:R-HSA-975578|Reactome:R-HSA-9840309|Reactome:R-HSA-9918432|Reactome:R-HSA-9926550|Reactome:R-HSA-9931953|Reactome:R-HSA-9939291|Reactome:R-MMU-162699|Reactome:R-MMU-1650814|Reactome:R-MMU-173599|Reactome:R-MMU-190372|Reactome:R-MMU-1971475|Reactome:R-MMU-2022854|Reactome:R-MMU-2022870|Reactome:R-MMU-2022928|Reactome:R-MMU-2142845|Reactome:R-MMU-2534343|Reactome:R-MMU-3322077|Reactome:R-MMU-4085001|Reactome:R-MMU-446203|Reactome:R-MMU-446205|Reactome:R-MMU-446210|Reactome:R-MMU-480985|Reactome:R-MMU-5173214|Reactome:R-MMU-5653890|Reactome:R-MMU-6798695|Reactome:R-MMU-6811436|Reactome:R-MMU-70221|Reactome:R-MMU-72731|Reactome:R-MMU-8932504|Reactome:R-MMU-8932506|Reactome:R-MMU-9033807|Reactome:R-MMU-9037629|Reactome:R-MMU-913709|Reactome:R-MMU-964739|Reactome:R-MMU-975577|Reactome:R-MMU-975578|Reactome:R-MMU-9840309|Reactome:R-MMU-9939291|Reactome:R-RNO-1650814|Reactome:R-RNO-2022854|Reactome:R-RNO-2142845|Reactome:R-RNO-3322077|Reactome:R-RNO-4085001|Reactome:R-RNO-446205|Reactome:R-RNO-6798695|Reactome:R-RNO-6811436|Reactome:R-RNO-70221|Reactome:R-RNO-72731|Reactome:R-RNO-8932504|Reactome:R-RNO-8932506|Reactome:R-RNO-9033807|Reactome:R-RNO-913709|Reactome:R-RNO-964739|Reactome:R-RNO-975577|Reactome:R-RNO-975578|Reactome:R-RNO-9840309|Reactome:R-RNO-9939291|Reactome:R-SCE-173599|Reactome:R-SCE-3322077|Reactome:R-SCE-446210|Reactome:R-SCE-480985|Reactome:R-SCE-6798695|Reactome:R-SCE-70221|Reactome:R-SCE-72731|Reactome:R-SPO-162699|Reactome:R-SPO-173599|Reactome:R-SPO-3322077|Reactome:R-SPO-446205|Reactome:R-SPO-446210|Reactome:R-SPO-480985|Reactome:R-SPO-6798695|Reactome:R-SPO-70221|Reactome:R-SPO-72731|Reactome:R-SSC-162699|Reactome:R-SSC-2022854|Reactome:R-SSC-913709|Reactome:R-SSC-975577|Reactome:R-SSC-9840309|Reactome:R-XTR-446205|Reactome:R-XTR-913709|Reactome:R-XTR-9840309|Reactome:R-XTR-9939291
D_citrinum_KAN0013107	c7c30446d627893327c5deedb851b5dd	2209	SignalP_GRAM_POSITIVE	SignalP-TM	SignalP-TM	1	24	-	T	26-08-2026	-	-	-	-
D_citrinum_KAN0013107	c7c30446d627893327c5deedb851b5dd	2209	SUPERFAMILY	SSF53756	UDP-Glycosyltransferase/glycogen phosphorylase	115	491	6.91E-21	T	26-08-2026	-	-	-	-
D_citrinum_KAN0013107	c7c30446d627893327c5deedb851b5dd	2209	MobiDBLite	mobidb-lite	consensus disorder prediction	1954	1964	-	T	26-08-2026	-	-	-	-
D_citrinum_KAN0013107	c7c30446d627893327c5deedb851b5dd	2209	MobiDBLite	mobidb-lite	consensus disorder prediction	2074	2085	-	T	26-08-2026	-	-	-	-
D_citrinum_KAN0013107	c7c30446d627893327c5deedb851b5dd	2209	MobiDBLite	mobidb-lite	consensus disorder prediction	1954	2029	-	T	26-08-2026	-	-	-	-
D_citrinum_KAN0013107	c7c30446d627893327c5deedb851b5dd	2209	MobiDBLite	mobidb-lite	consensus disorder prediction	2098	2109	-	T	26-08-2026	-	-	-	-
D_citrinum_KAN0013107	c7c30446d627893327c5deedb851b5dd	2209	MobiDBLite	mobidb-lite	consensus disorder prediction	2166	2178	-	T	26-08-2026	-	-	-	-
D_citrinum_KAN0013107	c7c30446d627893327c5deedb851b5dd	2209	MobiDBLite	mobidb-lite	consensus disorder prediction	1965	2008	-	T	26-08-2026	-	-	-	-
D_citrinum_KAN0013107	c7c30446d627893327c5deedb851b5dd	2209	MobiDBLite	mobidb-lite	consensus disorder prediction	2069	2109	-	T	26-08-2026	-	-	-	-
D_citrinum_KAN0013107	c7c30446d627893327c5deedb851b5dd	2209	MobiDBLite	mobidb-lite	consensus disorder prediction	2186	2209	-	T	26-08-2026	-	-	-	-
D_citrinum_KAN0013107	c7c30446d627893327c5deedb851b5dd	2209	MobiDBLite	mobidb-lite	consensus disorder prediction	2149	2209	-	T	26-08-2026	-	-	-	-
D_citrinum_KAN0013107	c7c30446d627893327c5deedb851b5dd	2209	Pfam	PF00535	Glycosyl transferase family 2	544	664	6.0E-20	T	26-08-2026	IPR001173	Glycosyltransferase 2-like	-	Reactome:R-BTA-6811436|Reactome:R-BTA-913709|Reactome:R-CEL-6811436|Reactome:R-CEL-913709|Reactome:R-DDI-162699|Reactome:R-DDI-480985|Reactome:R-DME-162699|Reactome:R-DME-190372|Reactome:R-DME-480985|Reactome:R-DME-6811436|Reactome:R-DME-913709|Reactome:R-DRE-913709|Reactome:R-HSA-162699|Reactome:R-HSA-190372|Reactome:R-HSA-446203|Reactome:R-HSA-4717374|Reactome:R-HSA-4719360|Reactome:R-HSA-4719377|Reactome:R-HSA-480985|Reactome:R-HSA-5083625|Reactome:R-HSA-5083636|Reactome:R-HSA-6811436|Reactome:R-HSA-9037629|Reactome:R-HSA-913709|Reactome:R-HSA-9683673|Reactome:R-HSA-9694719|Reactome:R-HSA-9840309|Reactome:R-HSA-9918432|Reactome:R-HSA-9931953|Reactome:R-MMU-162699|Reactome:R-MMU-190372|Reactome:R-MMU-2142845|Reactome:R-MMU-446203|Reactome:R-MMU-480985|Reactome:R-MMU-6811436|Reactome:R-MMU-9037629|Reactome:R-MMU-913709|Reactome:R-MMU-9840309|Reactome:R-RNO-6811436|Reactome:R-RNO-913709|Reactome:R-RNO-9840309|Reactome:R-SCE-480985|Reactome:R-SPO-162699|Reactome:R-SPO-480985|Reactome:R-SSC-162699|Reactome:R-XTR-913709
D_citrinum_KAN0013107	c7c30446d627893327c5deedb851b5dd	2209	Phobius	NON_CYTOPLASMIC_DOMAIN	Region of a membrane-bound protein predicted to be outside the membrane, in the extracellular region.	19	1925	-	T	26-08-2026	-	-	-	-
D_citrinum_KAN0013107	c7c30446d627893327c5deedb851b5dd	2209	Phobius	CYTOPLASMIC_DOMAIN	Region of a membrane-bound protein predicted to be outside the membrane, in the cytoplasm.	1951	2209	-	T	26-08-2026	-	-	-	-
D_citrinum_KAN0013107	c7c30446d627893327c5deedb851b5dd	2209	ProSiteProfiles	PS50221	GAIN-B domain profile.	1775	1924	15.29129	T	26-08-2026	IPR057244	GAIN, subdomain B	-	Reactome:R-CEL-373080|Reactome:R-CEL-6798695|Reactome:R-CEL-9619665|Reactome:R-DME-350368|Reactome:R-DME-350376|Reactome:R-DME-350379|Reactome:R-DME-350411|Reactome:R-DME-350480|Reactome:R-DME-373080|Reactome:R-DME-450728|Reactome:R-DME-6798695|Reactome:R-DME-9619665|Reactome:R-DRE-9619665|Reactome:R-HSA-373080|Reactome:R-HSA-5620916|Reactome:R-HSA-5683826|Reactome:R-HSA-6798695|Reactome:R-HSA-9619665|Reactome:R-MMU-373080|Reactome:R-MMU-5620916|Reactome:R-MMU-5683826|Reactome:R-MMU-6798695|Reactome:R-MMU-9619665|Reactome:R-RNO-373080|Reactome:R-RNO-5683826
D_citrinum_KAN0013107	c7c30446d627893327c5deedb851b5dd	2209	Pfam	PF01825	GAIN subdomain B	1794	1916	4.7E-10	T	26-08-2026	IPR000203	GPS motif	-	Reactome:R-CEL-373080|Reactome:R-CEL-6798695|Reactome:R-CEL-9619665|Reactome:R-DME-350368|Reactome:R-DME-350376|Reactome:R-DME-350379|Reactome:R-DME-350411|Reactome:R-DME-350480|Reactome:R-DME-373080|Reactome:R-DME-450728|Reactome:R-DME-6798695|Reactome:R-DME-9619665|Reactome:R-DRE-9619665|Reactome:R-HSA-373080|Reactome:R-HSA-5620916|Reactome:R-HSA-5683826|Reactome:R-HSA-6798695|Reactome:R-HSA-9619665|Reactome:R-MMU-373080|Reactome:R-MMU-5620916|Reactome:R-MMU-5683826|Reactome:R-MMU-6798695|Reactome:R-MMU-9619665|Reactome:R-RNO-373080|Reactome:R-RNO-5683826
D_citrinum_KAN0013107	c7c30446d627893327c5deedb851b5dd	2209	Phobius	SIGNAL_PEPTIDE_H_REGION	Hydrophobic region of a signal peptide.	4	13	-	T	26-08-2026	-	-	-	-
D_citrinum_KAN0013107	c7c30446d627893327c5deedb851b5dd	2209	Phobius	SIGNAL_PEPTIDE_C_REGION	C-terminal region of a signal peptide.	14	18	-	T	26-08-2026	-	-	-	-
D_citrinum_KAN0013107	c7c30446d627893327c5deedb851b5dd	2209	SMART	SM00303	GPS_3	1876	1923	4.0E-6	T	26-08-2026	IPR000203	GPS motif	-	Reactome:R-CEL-373080|Reactome:R-CEL-6798695|Reactome:R-CEL-9619665|Reactome:R-DME-350368|Reactome:R-DME-350376|Reactome:R-DME-350379|Reactome:R-DME-350411|Reactome:R-DME-350480|Reactome:R-DME-373080|Reactome:R-DME-450728|Reactome:R-DME-6798695|Reactome:R-DME-9619665|Reactome:R-DRE-9619665|Reactome:R-HSA-373080|Reactome:R-HSA-5620916|Reactome:R-HSA-5683826|Reactome:R-HSA-6798695|Reactome:R-HSA-9619665|Reactome:R-MMU-373080|Reactome:R-MMU-5620916|Reactome:R-MMU-5683826|Reactome:R-MMU-6798695|Reactome:R-MMU-9619665|Reactome:R-RNO-373080|Reactome:R-RNO-5683826
D_citrinum_KAN0013107	c7c30446d627893327c5deedb851b5dd	2209	TMHMM	TMhelix	Region of a membrane-bound protein predicted to be embedded in the membrane.	1928	1950	-	T	26-08-2026	-	-	-	-
D_citrinum_KAN0013107	c7c30446d627893327c5deedb851b5dd	2209	Coils	Coil	Coil	1952	2011	-	T	26-08-2026	-	-	-	-
D_citrinum_KAN0013107	c7c30446d627893327c5deedb851b5dd	2209	Pfam	PF01833	IPT/TIG domain	810	884	1.0E-6	T	26-08-2026	IPR002909	IPT domain	-	Reactome:R-CEL-264876|Reactome:R-CEL-416482|Reactome:R-CEL-416572|Reactome:R-CEL-416700|Reactome:R-CEL-5620916|Reactome:R-CEL-913709|Reactome:R-DDI-3295583|Reactome:R-DDI-5213460|Reactome:R-DDI-5673000|Reactome:R-DDI-5674135|Reactome:R-DDI-5675221|Reactome:R-DDI-5675482|Reactome:R-DME-1169091|Reactome:R-DME-1810476|Reactome:R-DME-202424|Reactome:R-DME-209394|Reactome:R-DME-209400|Reactome:R-DME-209406|Reactome:R-DME-209560|Reactome:R-DME-214399|Reactome:R-DME-214411|Reactome:R-DME-214416|Reactome:R-DME-214842|Reactome:R-DME-214844|Reactome:R-DME-214869|Reactome:R-DME-264876|Reactome:R-DME-2871837|Reactome:R-DME-3134963|Reactome:R-DME-416482|Reactome:R-DME-416572|Reactome:R-DME-416700|Reactome:R-DME-445989|Reactome:R-DME-4755510|Reactome:R-DME-5607761|Reactome:R-DME-5607764|Reactome:R-DME-5620916|Reactome:R-DME-5621575|Reactome:R-DME-5676590|Reactome:R-DME-6798695|Reactome:R-DME-9020702|Reactome:R-DME-933542|Reactome:R-DME-9860927|Reactome:R-DRE-399954|Reactome:R-DRE-399956|Reactome:R-GGA-1227892|Reactome:R-GGA-434001|Reactome:R-GGA-434131|Reactome:R-HSA-1169091|Reactome:R-HSA-1257604|Reactome:R-HSA-1445148|Reactome:R-HSA-1810476|Reactome:R-HSA-193692|Reactome:R-HSA-202424|Reactome:R-HSA-2025928|Reactome:R-HSA-209560|Reactome:R-HSA-2219530|Reactome:R-HSA-2559582|Reactome:R-HSA-264876|Reactome:R-HSA-2871809|Reactome:R-HSA-2871837|Reactome:R-HSA-3134963|Reactome:R-HSA-3214841|Reactome:R-HSA-381340|Reactome:R-HSA-399954|Reactome:R-HSA-399955|Reactome:R-HSA-399956|Reactome:R-HSA-4086398|Reactome:R-HSA-416482|Reactome:R-HSA-416550|Reactome:R-HSA-416572|Reactome:R-HSA-416700|Reactome:R-HSA-445989|Reactome:R-HSA-448706|Reactome:R-HSA-4755510|Reactome:R-HSA-5603029|Reactome:R-HSA-5607761|Reactome:R-HSA-5607763|Reactome:R-HSA-5607764|Reactome:R-HSA-5620916|Reactome:R-HSA-5621575|Reactome:R-HSA-5660668|Reactome:R-HSA-5673001|Reactome:R-HSA-5676590|Reactome:R-HSA-5684264|Reactome:R-HSA-6798695|Reactome:R-HSA-6806942|Reactome:R-HSA-6807004|Reactome:R-HSA-6811558|Reactome:R-HSA-844456|Reactome:R-HSA-8851805|Reactome:R-HSA-8851907|Reactome:R-HSA-8852405|Reactome:R-HSA-8853884|Reactome:R-HSA-8865999|Reactome:R-HSA-8874081|Reactome:R-HSA-8875360|Reactome:R-HSA-8875513|Reactome:R-HSA-8875555|Reactome:R-HSA-8875656|Reactome:R-HSA-8875791|Reactome:R-HSA-8877330|Reactome:R-HSA-9013405|Reactome:R-HSA-9013508|Reactome:R-HSA-9020702|Reactome:R-HSA-9022699|Reactome:R-HSA-933542|Reactome:R-HSA-9609690|Reactome:R-HSA-9615017|Reactome:R-HSA-9660826|Reactome:R-HSA-9692916|Reactome:R-HSA-9696270|Reactome:R-HSA-9696273|Reactome:R-HSA-9734091|Reactome:R-HSA-9752946|Reactome:R-HSA-9818749|Reactome:R-HSA-9825892|Reactome:R-HSA-9844594|Reactome:R-HSA-9860927|Reactome:R-HSA-9909649|Reactome:R-HSA-9942503|Reactome:R-MMU-1169091|Reactome:R-MMU-1257604|Reactome:R-MMU-1810476|Reactome:R-MMU-193692|Reactome:R-MMU-202424|Reactome:R-MMU-2025928|Reactome:R-MMU-209560|Reactome:R-MMU-264876|Reactome:R-MMU-2871809|Reactome:R-MMU-2871837|Reactome:R-MMU-3134963|Reactome:R-MMU-3214841|Reactome:R-MMU-399954|Reactome:R-MMU-399955|Reactome:R-MMU-399956|Reactome:R-MMU-4086398|Reactome:R-MMU-416482|Reactome:R-MMU-416550|Reactome:R-MMU-416572|Reactome:R-MMU-416700|Reactome:R-MMU-445989|Reactome:R-MMU-448706|Reactome:R-MMU-4755510|Reactome:R-MMU-5607761|Reactome:R-MMU-5607763|Reactome:R-MMU-5607764|Reactome:R-MMU-5620916|Reactome:R-MMU-5621575|Reactome:R-MMU-5673001|Reactome:R-MMU-5676590|Reactome:R-MMU-5684264|Reactome:R-MMU-6798695|Reactome:R-MMU-6806942|Reactome:R-MMU-6807004|Reactome:R-MMU-6811558|Reactome:R-MMU-8851805|Reactome:R-MMU-8851907|Reactome:R-MMU-8852405|Reactome:R-MMU-8865999|Reactome:R-MMU-8874081|Reactome:R-MMU-8875513|Reactome:R-MMU-8875555|Reactome:R-MMU-8875656|Reactome:R-MMU-8875791|Reactome:R-MMU-9020702|Reactome:R-MMU-933542|Reactome:R-MMU-9696270|Reactome:R-MMU-9696273|Reactome:R-MMU-9734091|Reactome:R-MMU-9860927|Reactome:R-RNO-1169091|Reactome:R-RNO-1257604|Reactome:R-RNO-1810476|Reactome:R-RNO-193692|Reactome:R-RNO-202424|Reactome:R-RNO-2025928|Reactome:R-RNO-209560|Reactome:R-RNO-264876|Reactome:R-RNO-2871809|Reactome:R-RNO-2871837|Reactome:R-RNO-3134963|Reactome:R-RNO-3214841|Reactome:R-RNO-399954|Reactome:R-RNO-399955|Reactome:R-RNO-399956|Reactome:R-RNO-416550|Reactome:R-RNO-416700|Reactome:R-RNO-445989|Reactome:R-RNO-448706|Reactome:R-RNO-5607763|Reactome:R-RNO-5607764|Reactome:R-RNO-5620916|Reactome:R-RNO-5621575|Reactome:R-RNO-5673001|Reactome:R-RNO-5684264|Reactome:R-RNO-6798695|Reactome:R-RNO-6806942|Reactome:R-RNO-6807004|Reactome:R-RNO-6811558|Reactome:R-RNO-8851805|Reactome:R-RNO-8851907|Reactome:R-RNO-8865999|Reactome:R-RNO-8874081|Reactome:R-RNO-8875513|Reactome:R-RNO-8875555|Reactome:R-RNO-8875656|Reactome:R-RNO-8875791|Reactome:R-RNO-9020702|Reactome:R-RNO-933542|Reactome:R-RNO-9734091|Reactome:R-RNO-9860927|Reactome:R-SCE-8948751|Reactome:R-SSC-1257604|Reactome:R-SSC-416550|Reactome:R-SSC-5673001|Reactome:R-SSC-6806942|Reactome:R-SSC-6807004|Reactome:R-SSC-6811558|Reactome:R-SSC-8851805|Reactome:R-SSC-8851907|Reactome:R-SSC-8865999|Reactome:R-SSC-8874081|Reactome:R-SSC-8875513|Reactome:R-SSC-8875555|Reactome:R-SSC-8875656|Reactome:R-SSC-8875791|Reactome:R-SSC-9734091
D_citrinum_KAN0013107	c7c30446d627893327c5deedb851b5dd	2209	SignalP_GRAM_NEGATIVE	SignalP-noTM	SignalP-noTM	1	19	-	T	26-08-2026	-	-	-	-
D_citrinum_KAN0013107	c7c30446d627893327c5deedb851b5dd	2209	Phobius	SIGNAL_PEPTIDE_N_REGION	N-terminal region of a signal peptide.	1	3	-	T	26-08-2026	-	-	-	-
D_citrinum_KAN0013107	c7c30446d627893327c5deedb851b5dd	2209	Coils	Coil	Coil	40	60	-	T	26-08-2026	-	-	-	-
D_citrinum_KAN0013107	c7c30446d627893327c5deedb851b5dd	2209	Gene3D	G3DSA:2.60.40.10	Immunoglobulins	802	904	2.1E-16	T	26-08-2026	IPR013783	Immunoglobulin-like fold	-	Reactome:R-BTA-114608|Reactome:R-BTA-1236974|Reactome:R-BTA-1236977|Reactome:R-BTA-1257604|Reactome:R-BTA-1266695|Reactome:R-BTA-140834|Reactome:R-BTA-163125|Reactome:R-BTA-1632852|Reactome:R-BTA-1660661|Reactome:R-BTA-173736|Reactome:R-BTA-174577|Reactome:R-BTA-1971475|Reactome:R-BTA-198933|Reactome:R-BTA-2022870|Reactome:R-BTA-2022923|Reactome:R-BTA-2024101|Reactome:R-BTA-202424|Reactome:R-BTA-202427|Reactome:R-BTA-202430|Reactome:R-BTA-202433|Reactome:R-BTA-202733|Reactome:R-BTA-210993|Reactome:R-BTA-216083|Reactome:R-BTA-2173791|Reactome:R-BTA-2424491|Reactome:R-BTA-3000178|Reactome:R-BTA-350054|Reactome:R-BTA-375276|Reactome:R-BTA-380972|Reactome:R-BTA-381426|Reactome:R-BTA-388844|Reactome:R-BTA-389948|Reactome:R-BTA-418594|Reactome:R-BTA-420029|Reactome:R-BTA-445355|Reactome:R-BTA-5576892|Reactome:R-BTA-5627123|Reactome:R-BTA-5628897|Reactome:R-BTA-5673001|Reactome:R-BTA-5690714|Reactome:R-BTA-6785807|Reactome:R-BTA-6798695|Reactome:R-BTA-6804756|Reactome:R-BTA-6811558|Reactome:R-BTA-77387|Reactome:R-BTA-8849932|Reactome:R-BTA-8856825|Reactome:R-BTA-8856828|Reactome:R-BTA-8932505|Reactome:R-BTA-8941856|Reactome:R-BTA-8957275|Reactome:R-BTA-8980692|Reactome:R-BTA-8983432|Reactome:R-BTA-8985947|Reactome:R-BTA-9013106|Reactome:R-BTA-9013404|Reactome:R-BTA-9013408|Reactome:R-BTA-9020558|Reactome:R-BTA-9020958|Reactome:R-BTA-909733|Reactome:R-BTA-912526|Reactome:R-BTA-912694|Reactome:R-BTA-9609523|Reactome:R-BTA-977606|Reactome:R-BTA-983168|Reactome:R-BTA-983170|Reactome:R-BTA-983695|Reactome:R-BTA-9927354|Reactome:R-BTA-9931269|Reactome:R-CEL-1257604|Reactome:R-CEL-1433557|Reactome:R-CEL-1433559|Reactome:R-CEL-1474228|Reactome:R-CEL-186763|Reactome:R-CEL-186797|Reactome:R-CEL-190322|Reactome:R-CEL-190370|Reactome:R-CEL-190371|Reactome:R-CEL-190372|Reactome:R-CEL-190373|Reactome:R-CEL-190375|Reactome:R-CEL-190377|Reactome:R-CEL-1971475|Reactome:R-CEL-2022928|Reactome:R-CEL-2024096|Reactome:R-CEL-209968|Reactome:R-CEL-210991|Reactome:R-CEL-216083|Reactome:R-CEL-2243919|Reactome:R-CEL-264876|Reactome:R-CEL-2682334|Reactome:R-CEL-3000171|Reactome:R-CEL-3000178|Reactome:R-CEL-373752|Reactome:R-CEL-373753|Reactome:R-CEL-375165|Reactome:R-CEL-376176|Reactome:R-CEL-388844|Reactome:R-CEL-3928662|Reactome:R-CEL-3928663|Reactome:R-CEL-3928664|Reactome:R-CEL-3928665|Reactome:R-CEL-399955|Reactome:R-CEL-399956|Reactome:R-CEL-416482|Reactome:R-CEL-416572|Reactome:R-CEL-416700|Reactome:R-CEL-418885|Reactome:R-CEL-419037|Reactome:R-CEL-428542|Reactome:R-CEL-433692|Reactome:R-CEL-4420097|Reactome:R-CEL-445144|Reactome:R-CEL-447043|Reactome:R-CEL-5140745|Reactome:R-CEL-5218920|Reactome:R-CEL-525793|Reactome:R-CEL-5620916|Reactome:R-CEL-5654219|Reactome:R-CEL-5654221|Reactome:R-CEL-5654227|Reactome:R-CEL-5654228|Reactome:R-CEL-5654689|Reactome:R-CEL-5654693|Reactome:R-CEL-5654695|Reactome:R-CEL-5654699|Reactome:R-CEL-5654700|Reactome:R-CEL-5654704|Reactome:R-CEL-5654706|Reactome:R-CEL-5654710|Reactome:R-CEL-5654712|Reactome:R-CEL-5654720|Reactome:R-CEL-5654726|Reactome:R-CEL-5654727|Reactome:R-CEL-5654732|Reactome:R-CEL-5654733|Reactome:R-CEL-5673001|Reactome:R-CEL-6798695|Reactome:R-CEL-6809371|Reactome:R-CEL-6811558|Reactome:R-CEL-77387|Reactome:R-CEL-8849932|Reactome:R-CEL-8853383|Reactome:R-CEL-8863795|Reactome:R-CEL-8941413|Reactome:R-CEL-9013149|Reactome:R-CEL-9013420|Reactome:R-CEL-9013423|Reactome:R-CEL-9013424|Reactome:R-CEL-913709|Reactome:R-CEL-9607240|Reactome:R-CEL-9749641|Reactome:R-CEL-9764561|Reactome:R-CEL-9772755|Reactome:R-CEL-9913351|Reactome:R-CFA-1257604|Reactome:R-CFA-1433557|Reactome:R-CFA-1433559|Reactome:R-CFA-198933|Reactome:R-CFA-2024096|Reactome:R-CFA-2024101|Reactome:R-CFA-202424|Reactome:R-CFA-202427|Reactome:R-CFA-202430|Reactome:R-CFA-202433|Reactome:R-CFA-216083|Reactome:R-CFA-389948|Reactome:R-CFA-5673001|Reactome:R-CFA-5690714|Reactome:R-CFA-6785807|Reactome:R-CFA-6788467|Reactome:R-CFA-6811558|Reactome:R-CFA-8932504|Reactome:R-CFA-8932505|Reactome:R-CFA-8932506|Reactome:R-CFA-9010553|Reactome:R-CFA-983170|Reactome:R-CFA-983695|Reactome:R-CFA-9856649|Reactome:R-CFA-9913351|Reactome:R-CFA-9927354|Reactome:R-CFA-9939291|Reactome:R-DDI-3295583|Reactome:R-DDI-5213460|Reactome:R-DDI-5673000|Reactome:R-DDI-5674135|Reactome:R-DDI-5675221|Reactome:R-DDI-5675482|Reactome:R-DME-109704|Reactome:R-DME-110478|Reactome:R-DME-114608|Reactome:R-DME-1169091|Reactome:R-DME-1227986|Reactome:R-DME-1236394|Reactome:R-DME-1250196|Reactome:R-DME-1250342|Reactome:R-DME-1250347|Reactome:R-DME-1257604|Reactome:R-DME-1307965|Reactome:R-DME-1358803|Reactome:R-DME-1474228|Reactome:R-DME-1810476|Reactome:R-DME-190322|Reactome:R-DME-190370|Reactome:R-DME-190371|Reactome:R-DME-190372|Reactome:R-DME-190373|Reactome:R-DME-190374|Reactome:R-DME-190375|Reactome:R-DME-190377|Reactome:R-DME-1963640|Reactome:R-DME-1963642|Reactome:R-DME-1971475|Reactome:R-DME-2022928|Reactome:R-DME-2024096|Reactome:R-DME-2024101|Reactome:R-DME-202424|Reactome:R-DME-202733|Reactome:R-DME-209209|Reactome:R-DME-209228|Reactome:R-DME-209338|Reactome:R-DME-209394|Reactome:R-DME-209400|Reactome:R-DME-209406|Reactome:R-DME-209560|Reactome:R-DME-209968|Reactome:R-DME-210688|Reactome:R-DME-210991|Reactome:R-DME-214399|Reactome:R-DME-214411|Reactome:R-DME-214416|Reactome:R-DME-214842|Reactome:R-DME-214844|Reactome:R-DME-214869|Reactome:R-DME-216083|Reactome:R-DME-264876|Reactome:R-DME-2871837|Reactome:R-DME-3000171|Reactome:R-DME-3000178|Reactome:R-DME-3134963|Reactome:R-DME-3214847|Reactome:R-DME-350054|Reactome:R-DME-373080|Reactome:R-DME-373752|Reactome:R-DME-373753|Reactome:R-DME-375165|Reactome:R-DME-376172|Reactome:R-DME-388844|Reactome:R-DME-416482|Reactome:R-DME-416572|Reactome:R-DME-416700|Reactome:R-DME-418990|Reactome:R-DME-419037|Reactome:R-DME-420597|Reactome:R-DME-428542|Reactome:R-DME-433692|Reactome:R-DME-445144|Reactome:R-DME-445989|Reactome:R-DME-446353|Reactome:R-DME-447043|Reactome:R-DME-4755510|Reactome:R-DME-5607761|Reactome:R-DME-5607764|Reactome:R-DME-5620916|Reactome:R-DME-5621575|Reactome:R-DME-5627123|Reactome:R-DME-5654219|Reactome:R-DME-5654221|Reactome:R-DME-5654227|Reactome:R-DME-5654228|Reactome:R-DME-5654687|Reactome:R-DME-5654688|Reactome:R-DME-5654689|Reactome:R-DME-5654693|Reactome:R-DME-5654695|Reactome:R-DME-5654699|Reactome:R-DME-5654700|Reactome:R-DME-5654704|Reactome:R-DME-5654706|Reactome:R-DME-5654710|Reactome:R-DME-5654712|Reactome:R-DME-5654719|Reactome:R-DME-5654720|Reactome:R-DME-5654726|Reactome:R-DME-5654727|Reactome:R-DME-5654732|Reactome:R-DME-5654733|Reactome:R-DME-5658623|Reactome:R-DME-5673001|Reactome:R-DME-5676590|Reactome:R-DME-5689603|Reactome:R-DME-6785631|Reactome:R-DME-6798695|Reactome:R-DME-6807878|Reactome:R-DME-6811558|Reactome:R-DME-77387|Reactome:R-DME-8849932|Reactome:R-DME-8863795|Reactome:R-DME-8941413|Reactome:R-DME-9009391|Reactome:R-DME-9020702|Reactome:R-DME-913709|Reactome:R-DME-933542|Reactome:R-DME-9749641|Reactome:R-DME-977068|Reactome:R-DME-9772755|Reactome:R-DME-983168|Reactome:R-DME-9860927|Reactome:R-DME-9913351|Reactome:R-DRE-109704|Reactome:R-DRE-1257604|Reactome:R-DRE-1300645|Reactome:R-DRE-1307965|Reactome:R-DRE-1433557|Reactome:R-DRE-1433559|Reactome:R-DRE-186763|Reactome:R-DRE-186797|Reactome:R-DRE-190322|Reactome:R-DRE-190370|Reactome:R-DRE-190371|Reactome:R-DRE-190372|Reactome:R-DRE-190373|Reactome:R-DRE-190374|Reactome:R-DRE-190375|Reactome:R-DRE-190377|Reactome:R-DRE-193648|Reactome:R-DRE-194306|Reactome:R-DRE-195399|Reactome:R-DRE-198933|Reactome:R-DRE-202733|Reactome:R-DRE-210993|Reactome:R-DRE-2132295|Reactome:R-DRE-216083|Reactome:R-DRE-2682334|Reactome:R-DRE-3214841|Reactome:R-DRE-381426|Reactome:R-DRE-388844|Reactome:R-DRE-3928662|Reactome:R-DRE-3928663|Reactome:R-DRE-3928664|Reactome:R-DRE-3928665|Reactome:R-DRE-399954|Reactome:R-DRE-399956|Reactome:R-DRE-416476|Reactome:R-DRE-416482|Reactome:R-DRE-416550|Reactome:R-DRE-416572|Reactome:R-DRE-418990|Reactome:R-DRE-420597|Reactome:R-DRE-4420097|Reactome:R-DRE-449836|Reactome:R-DRE-5218921|Reactome:R-DRE-5654219|Reactome:R-DRE-5654221|Reactome:R-DRE-5654227|Reactome:R-DRE-5654228|Reactome:R-DRE-5654687|Reactome:R-DRE-5654688|Reactome:R-DRE-5654689|Reactome:R-DRE-5654693|Reactome:R-DRE-5654695|Reactome:R-DRE-5654699|Reactome:R-DRE-5654700|Reactome:R-DRE-5654704|Reactome:R-DRE-5654706|Reactome:R-DRE-5654710|Reactome:R-DRE-5654712|Reactome:R-DRE-5654719|Reactome:R-DRE-5654720|Reactome:R-DRE-5654726|Reactome:R-DRE-5654727|Reactome:R-DRE-5654732|Reactome:R-DRE-5654733|Reactome:R-DRE-5673001|Reactome:R-DRE-6811558|Reactome:R-DRE-8849932|Reactome:R-DRE-8932505|Reactome:R-DRE-8957275|Reactome:R-DRE-8980692|Reactome:R-DRE-9007892|Reactome:R-DRE-9013148|Reactome:R-DRE-9013149|Reactome:R-DRE-9013404|Reactome:R-DRE-9013408|Reactome:R-DRE-9013409|Reactome:R-DRE-9013423|Reactome:R-DRE-983168|Reactome:R-DRE-9843940|Reactome:R-DRE-9843970|Reactome:R-DRE-9856649|Reactome:R-GGA-114608|Reactome:R-GGA-1227892|Reactome:R-GGA-1227986|Reactome:R-GGA-1236394|Reactome:R-GGA-1236974|Reactome:R-GGA-1236977|Reactome:R-GGA-1250196|Reactome:R-GGA-1250342|Reactome:R-GGA-1250347|Reactome:R-GGA-1257604|Reactome:R-GGA-1306955|Reactome:R-GGA-1358803|Reactome:R-GGA-1433557|Reactome:R-GGA-1433559|Reactome:R-GGA-1474228|Reactome:R-GGA-1566977|Reactome:R-GGA-163125|Reactome:R-GGA-190373|Reactome:R-GGA-193634|Reactome:R-GGA-1963640|Reactome:R-GGA-1963642|Reactome:R-GGA-198933|Reactome:R-GGA-202733|Reactome:R-GGA-210991|Reactome:R-GGA-2129379|Reactome:R-GGA-2132263|Reactome:R-GGA-2132286|Reactome:R-GGA-216083|Reactome:R-GGA-3000170|Reactome:R-GGA-3000178|Reactome:R-GGA-3214841|Reactome:R-GGA-354192|Reactome:R-GGA-354194|Reactome:R-GGA-372708|Reactome:R-GGA-373920|Reactome:R-GGA-381426|Reactome:R-GGA-388844|Reactome:R-GGA-433692|Reactome:R-GGA-434001|Reactome:R-GGA-434131|Reactome:R-GGA-449836|Reactome:R-GGA-5654726|Reactome:R-GGA-5673001|Reactome:R-GGA-5674135|Reactome:R-GGA-6785631|Reactome:R-GGA-6798695|Reactome:R-GGA-6811558|Reactome:R-GGA-8854691|Reactome:R-GGA-8863795|Reactome:R-GGA-8932505|Reactome:R-GGA-8957275|Reactome:R-GGA-9634597|Reactome:R-GGA-9749641|Reactome:R-GGA-983170|Reactome:R-GGA-9843940|Reactome:R-GGA-9843970|Reactome:R-GGA-9856649|Reactome:R-GGA-9860927|Reactome:R-HSA-1059683|Reactome:R-HSA-109704|Reactome:R-HSA-110056|Reactome:R-HSA-112411|Reactome:R-HSA-114604|Reactome:R-HSA-114608|Reactome:R-HSA-1169091|Reactome:R-HSA-1169408|Reactome:R-HSA-1170546|Reactome:R-HSA-1227986|Reactome:R-HSA-1236394|Reactome:R-HSA-1236974|Reactome:R-HSA-1236977|Reactome:R-HSA-1236978|Reactome:R-HSA-1250196|Reactome:R-HSA-1250342|Reactome:R-HSA-1250347|Reactome:R-HSA-1251985|Reactome:R-HSA-1257604|Reactome:R-HSA-1266695|Reactome:R-HSA-1300645|Reactome:R-HSA-1306955|Reactome:R-HSA-1307965|Reactome:R-HSA-1358803|Reactome:R-HSA-140834|Reactome:R-HSA-140837|Reactome:R-HSA-140875|Reactome:R-HSA-1433557|Reactome:R-HSA-1433559|Reactome:R-HSA-1442490|Reactome:R-HSA-1445148|Reactome:R-HSA-1462054|Reactome:R-HSA-1474228|Reactome:R-HSA-1483115|Reactome:R-HSA-1483152|Reactome:R-HSA-1566977|Reactome:R-HSA-163125|Reactome:R-HSA-1632852|Reactome:R-HSA-163680|Reactome:R-HSA-164939|Reactome:R-HSA-164940|Reactome:R-HSA-1650814|Reactome:R-HSA-1660499|Reactome:R-HSA-1660514|Reactome:R-HSA-166058|Reactome:R-HSA-1660661|Reactome:R-HSA-166663|Reactome:R-HSA-166665|Reactome:R-HSA-167021|Reactome:R-HSA-167044|Reactome:R-HSA-167590|Reactome:R-HSA-170968|Reactome:R-HSA-170984|Reactome:R-HSA-173107|Reactome:R-HSA-173623|Reactome:R-HSA-173736|Reactome:R-HSA-174577|Reactome:R-HSA-177504|Reactome:R-HSA-177929|Reactome:R-HSA-180534|Reactome:R-HSA-1810476|Reactome:R-HSA-181429|Reactome:R-HSA-181430|Reactome:R-HSA-182218|Reactome:R-HSA-182971|Reactome:R-HSA-1839120|Reactome:R-HSA-1839122|Reactome:R-HSA-1839128|Reactome:R-HSA-1839130|Reactome:R-HSA-1855183|Reactome:R-HSA-1855204|Reactome:R-HSA-186763|Reactome:R-HSA-186797|Reactome:R-HSA-187024|Reactome:R-HSA-187042|Reactome:R-HSA-187706|Reactome:R-HSA-190322|Reactome:R-HSA-190370|Reactome:R-HSA-190371|Reactome:R-HSA-190372|Reactome:R-HSA-190373|Reactome:R-HSA-190374|Reactome:R-HSA-190375|Reactome:R-HSA-190377|Reactome:R-HSA-1912408|Reactome:R-HSA-193634|Reactome:R-HSA-193648|Reactome:R-HSA-193692|Reactome:R-HSA-194306|Reactome:R-HSA-195399|Reactome:R-HSA-196108|Reactome:R-HSA-1963640|Reactome:R-HSA-1963642|Reactome:R-HSA-1971475|Reactome:R-HSA-198203|Reactome:R-HSA-198745|Reactome:R-HSA-198933|Reactome:R-HSA-200425|Reactome:R-HSA-2022090|Reactome:R-HSA-2022854|Reactome:R-HSA-2022857|Reactome:R-HSA-2022870|Reactome:R-HSA-2022923|Reactome:R-HSA-2022928|Reactome:R-HSA-2023837|Reactome:R-HSA-2024096|Reactome:R-HSA-2024101|Reactome:R-HSA-202424|Reactome:R-HSA-202427|Reactome:R-HSA-202430|Reactome:R-HSA-202433|Reactome:R-HSA-2025928|Reactome:R-HSA-202733|Reactome:R-HSA-2029481|Reactome:R-HSA-2029482|Reactome:R-HSA-2029485|Reactome:R-HSA-2033515|Reactome:R-HSA-2033519|Reactome:R-HSA-204005|Reactome:R-HSA-209560|Reactome:R-HSA-210500|Reactome:R-HSA-210744|Reactome:R-HSA-210990|Reactome:R-HSA-210991|Reactome:R-HSA-210993|Reactome:R-HSA-2122947|Reactome:R-HSA-2122948|Reactome:R-HSA-212676|Reactome:R-HSA-2129379|Reactome:R-HSA-2132295|Reactome:R-HSA-2151201|Reactome:R-HSA-2151209|Reactome:R-HSA-216083|Reactome:R-HSA-2160916|Reactome:R-HSA-2168880|Reactome:R-HSA-2172127|Reactome:R-HSA-2173791|Reactome:R-HSA-2197563|Reactome:R-HSA-2206292|Reactome:R-HSA-2206302|Reactome:R-HSA-2214320|Reactome:R-HSA-2219530|Reactome:R-HSA-2243919|Reactome:R-HSA-2404192|Reactome:R-HSA-2424491|Reactome:R-HSA-2428928|Reactome:R-HSA-2428933|Reactome:R-HSA-2454202|Reactome:R-HSA-2559582|Reactome:R-HSA-2565942|Reactome:R-HSA-2586552|Reactome:R-HSA-2644606|Reactome:R-HSA-264642|Reactome:R-HSA-264876|Reactome:R-HSA-2672351|Reactome:R-HSA-2682334|Reactome:R-HSA-2730905|Reactome:R-HSA-2871796|Reactome:R-HSA-2871809|Reactome:R-HSA-2871837|Reactome:R-HSA-2892247|Reactome:R-HSA-2894862|Reactome:R-HSA-2979096|Reactome:R-HSA-3000157|Reactome:R-HSA-3000170|Reactome:R-HSA-3000171|Reactome:R-HSA-3000178|Reactome:R-HSA-3134963|Reactome:R-HSA-3214841|Reactome:R-HSA-3214847|Reactome:R-HSA-3322077|Reactome:R-HSA-350054|Reactome:R-HSA-354192|Reactome:R-HSA-354194|Reactome:R-HSA-3560783|Reactome:R-HSA-3560801|Reactome:R-HSA-3595172|Reactome:R-HSA-3595174|Reactome:R-HSA-3595177|Reactome:R-HSA-3656225|Reactome:R-HSA-3656237|Reactome:R-HSA-3656243|Reactome:R-HSA-3656244|Reactome:R-HSA-3656253|Reactome:R-HSA-372708|Reactome:R-HSA-373752|Reactome:R-HSA-373753|Reactome:R-HSA-373756|Reactome:R-HSA-373760|Reactome:R-HSA-375165|Reactome:R-HSA-375276|Reactome:R-HSA-376172|Reactome:R-HSA-376176|Reactome:R-HSA-3785653|Reactome:R-HSA-380259|Reactome:R-HSA-380270|Reactome:R-HSA-380284|Reactome:R-HSA-380320|Reactome:R-HSA-380972|Reactome:R-HSA-381340|Reactome:R-HSA-381426|Reactome:R-HSA-3878781|Reactome:R-HSA-388844|Reactome:R-HSA-389356|Reactome:R-HSA-389357|Reactome:R-HSA-389359|Reactome:R-HSA-389513|Reactome:R-HSA-389948|Reactome:R-HSA-390522|Reactome:R-HSA-391160|Reactome:R-HSA-3928662|Reactome:R-HSA-3928663|Reactome:R-HSA-3928664|Reactome:R-HSA-3928665|Reactome:R-HSA-399954|Reactome:R-HSA-399955|Reactome:R-HSA-399956|Reactome:R-HSA-4086398|Reactome:R-HSA-4086400|Reactome:R-HSA-416476|Reactome:R-HSA-416482|Reactome:R-HSA-416550|Reactome:R-HSA-416572|Reactome:R-HSA-416700|Reactome:R-HSA-418594|Reactome:R-HSA-418885|Reactome:R-HSA-418886|Reactome:R-HSA-418889|Reactome:R-HSA-418890|Reactome:R-HSA-418990|Reactome:R-HSA-419037|Reactome:R-HSA-420029|Reactome:R-HSA-420597|Reactome:R-HSA-428540|Reactome:R-HSA-428542|Reactome:R-HSA-428543|Reactome:R-HSA-428890|Reactome:R-HSA-430116|Reactome:R-HSA-432142|Reactome:R-HSA-432722|Reactome:R-HSA-433692|Reactome:R-HSA-437239|Reactome:R-HSA-4420097|Reactome:R-HSA-4420332|Reactome:R-HSA-445095|Reactome:R-HSA-445144|Reactome:R-HSA-445355|Reactome:R-HSA-445989|Reactome:R-HSA-446107|Reactome:R-HSA-446353|Reactome:R-HSA-447038|Reactome:R-HSA-447041|Reactome:R-HSA-447043|Reactome:R-HSA-448706|Reactome:R-HSA-449836|Reactome:R-HSA-451927|Reactome:R-HSA-4755510|Reactome:R-HSA-5083628|Reactome:R-HSA-5083629|Reactome:R-HSA-5083633|Reactome:R-HSA-5083635|Reactome:R-HSA-512988|Reactome:R-HSA-5140745|Reactome:R-HSA-5173214|Reactome:R-HSA-5218921|Reactome:R-HSA-5223345|Reactome:R-HSA-525793|Reactome:R-HSA-5576892|Reactome:R-HSA-5603029|Reactome:R-HSA-5607761|Reactome:R-HSA-5607763|Reactome:R-HSA-5607764|Reactome:R-HSA-5619070|Reactome:R-HSA-5620912|Reactome:R-HSA-5620916|Reactome:R-HSA-5621575|Reactome:R-HSA-5627123|Reactome:R-HSA-5628897|Reactome:R-HSA-5632681|Reactome:R-HSA-5635838|Reactome:R-HSA-5654219|Reactome:R-HSA-5654221|Reactome:R-HSA-5654227|Reactome:R-HSA-5654228|Reactome:R-HSA-5654687|Reactome:R-HSA-5654688|Reactome:R-HSA-5654689|Reactome:R-HSA-5654693|Reactome:R-HSA-5654695|Reactome:R-HSA-5654699|Reactome:R-HSA-5654700|Reactome:R-HSA-5654704|Reactome:R-HSA-5654706|Reactome:R-HSA-5654710|Reactome:R-HSA-5654712|Reactome:R-HSA-5654719|Reactome:R-HSA-5654720|Reactome:R-HSA-5654726|Reactome:R-HSA-5654727|Reactome:R-HSA-5654732|Reactome:R-HSA-5654733|Reactome:R-HSA-5655253|Reactome:R-HSA-5655291|Reactome:R-HSA-5655302|Reactome:R-HSA-5655332|Reactome:R-HSA-5658623|Reactome:R-HSA-5660668|Reactome:R-HSA-5673001|Reactome:R-HSA-5674135|Reactome:R-HSA-5676590|Reactome:R-HSA-5683826|Reactome:R-HSA-5684264|Reactome:R-HSA-5687128|Reactome:R-HSA-5688849|Reactome:R-HSA-5688890|Reactome:R-HSA-5689603|Reactome:R-HSA-5690714|Reactome:R-HSA-5694530|Reactome:R-HSA-6783783|Reactome:R-HSA-6785631|Reactome:R-HSA-6785807|Reactome:R-HSA-6788467|Reactome:R-HSA-6798695|Reactome:R-HSA-6802946|Reactome:R-HSA-6802948|Reactome:R-HSA-6802952|Reactome:R-HSA-6802955|Reactome:R-HSA-6804756|Reactome:R-HSA-6806942|Reactome:R-HSA-6807004|Reactome:R-HSA-6809371|Reactome:R-HSA-6811558|Reactome:R-HSA-74713|Reactome:R-HSA-74749|Reactome:R-HSA-74751|Reactome:R-HSA-74752|Reactome:R-HSA-75892|Reactome:R-HSA-76009|Reactome:R-HSA-77387|Reactome:R-HSA-844456|Reactome:R-HSA-877300|Reactome:R-HSA-877312|Reactome:R-HSA-879415|Reactome:R-HSA-8847993|Reactome:R-HSA-8849932|Reactome:R-HSA-8851680|Reactome:R-HSA-8851708|Reactome:R-HSA-8851805|Reactome:R-HSA-8851907|Reactome:R-HSA-8852405|Reactome:R-HSA-8853333|Reactome:R-HSA-8853334|Reactome:R-HSA-8853336|Reactome:R-HSA-8853383|Reactome:R-HSA-8853884|Reactome:R-HSA-8854518|Reactome:R-HSA-8854691|Reactome:R-HSA-8856825|Reactome:R-HSA-8856828|Reactome:R-HSA-8857538|Reactome:R-HSA-8863795|Reactome:R-HSA-8865999|Reactome:R-HSA-8866654|Reactome:R-HSA-8866910|Reactome:R-HSA-8874081|Reactome:R-HSA-8875360|Reactome:R-HSA-8875513|Reactome:R-HSA-8875555|Reactome:R-HSA-8875656|Reactome:R-HSA-8875791|Reactome:R-HSA-8877330|Reactome:R-HSA-8932504|Reactome:R-HSA-8932505|Reactome:R-HSA-8932506|Reactome:R-HSA-8939247|Reactome:R-HSA-8941856|Reactome:R-HSA-8948216|Reactome:R-HSA-8951664|Reactome:R-HSA-8957275|Reactome:R-HSA-8963896|Reactome:R-HSA-8964038|Reactome:R-HSA-8964046|Reactome:R-HSA-8980692|Reactome:R-HSA-8983432|Reactome:R-HSA-8983711|Reactome:R-HSA-8984722|Reactome:R-HSA-8985586|Reactome:R-HSA-8985801|Reactome:R-HSA-8985947|Reactome:R-HSA-9006335|Reactome:R-HSA-9007892|Reactome:R-HSA-9008059|Reactome:R-HSA-9009391|Reactome:R-HSA-9010553|Reactome:R-HSA-9010642|Reactome:R-HSA-9012546|Reactome:R-HSA-9013026|Reactome:R-HSA-9013106|Reactome:R-HSA-9013148|Reactome:R-HSA-9013149|Reactome:R-HSA-9013404|Reactome:R-HSA-9013405|Reactome:R-HSA-9013406|Reactome:R-HSA-9013408|Reactome:R-HSA-9013409|Reactome:R-HSA-9013420|Reactome:R-HSA-9013423|Reactome:R-HSA-9013424|Reactome:R-HSA-9013508|Reactome:R-HSA-9013695|Reactome:R-HSA-9014826|Reactome:R-HSA-9014843|Reactome:R-HSA-9020558|Reactome:R-HSA-9020591|Reactome:R-HSA-9020702|Reactome:R-HSA-9020933|Reactome:R-HSA-9020956|Reactome:R-HSA-9020958|Reactome:R-HSA-9022699|Reactome:R-HSA-9024909|Reactome:R-HSA-9025046|Reactome:R-HSA-9026357|Reactome:R-HSA-9026519|Reactome:R-HSA-9026527|Reactome:R-HSA-9027276|Reactome:R-HSA-9027277|Reactome:R-HSA-9027283|Reactome:R-HSA-9027284|Reactome:R-HSA-9028335|Reactome:R-HSA-9028731|Reactome:R-HSA-9031628|Reactome:R-HSA-9032500|Reactome:R-HSA-9032759|Reactome:R-HSA-9032845|Reactome:R-HSA-9034013|Reactome:R-HSA-9034015|Reactome:R-HSA-9034793|Reactome:R-HSA-9034864|Reactome:R-HSA-9035034|Reactome:R-HSA-909733|Reactome:R-HSA-912526|Reactome:R-HSA-912694|Reactome:R-HSA-917977|Reactome:R-HSA-933542|Reactome:R-HSA-9603381|Reactome:R-HSA-9603505|Reactome:R-HSA-9607240|Reactome:R-HSA-9609523|Reactome:R-HSA-9609690|Reactome:R-HSA-9610379|Reactome:R-HSA-9613354|Reactome:R-HSA-9615017|Reactome:R-HSA-9616222|Reactome:R-HSA-9619483|Reactome:R-HSA-9619665|Reactome:R-HSA-9620244|Reactome:R-HSA-9634597|Reactome:R-HSA-9637628|Reactome:R-HSA-9638334|Reactome:R-HSA-9638630|Reactome:R-HSA-9645135|Reactome:R-HSA-9649948|Reactome:R-HSA-9656223|Reactome:R-HSA-9660826|Reactome:R-HSA-9664323|Reactome:R-HSA-9664422|Reactome:R-HSA-9664565|Reactome:R-HSA-9664873|Reactome:R-HSA-9665686|Reactome:R-HSA-9669914|Reactome:R-HSA-9669917|Reactome:R-HSA-9669921|Reactome:R-HSA-9669924|Reactome:R-HSA-9669926|Reactome:R-HSA-9669929|Reactome:R-HSA-9669933|Reactome:R-HSA-9669934|Reactome:R-HSA-9669935|Reactome:R-HSA-9669936|Reactome:R-HSA-9670439|Reactome:R-HSA-9673767|Reactome:R-HSA-9673768|Reactome:R-HSA-9673770|Reactome:R-HSA-9674396|Reactome:R-HSA-9674401|Reactome:R-HSA-9674403|Reactome:R-HSA-9674404|Reactome:R-HSA-9674428|Reactome:R-HSA-9674555|Reactome:R-HSA-9679191|Reactome:R-HSA-9680187|Reactome:R-HSA-9680350|Reactome:R-HSA-9692916|Reactome:R-HSA-9694614|Reactome:R-HSA-9696264|Reactome:R-HSA-9696270|Reactome:R-HSA-9696273|Reactome:R-HSA-9700645|Reactome:R-HSA-9701898|Reactome:R-HSA-9702509|Reactome:R-HSA-9702518|Reactome:R-HSA-9702569|Reactome:R-HSA-9702577|Reactome:R-HSA-9702581|Reactome:R-HSA-9702590|Reactome:R-HSA-9702596|Reactome:R-HSA-9702600|Reactome:R-HSA-9702605|Reactome:R-HSA-9702614|Reactome:R-HSA-9702620|Reactome:R-HSA-9702624|Reactome:R-HSA-9702632|Reactome:R-HSA-9702636|Reactome:R-HSA-9702998|Reactome:R-HSA-9703009|Reactome:R-HSA-9703648|Reactome:R-HSA-9705462|Reactome:R-HSA-9705671|Reactome:R-HSA-9706369|Reactome:R-HSA-9706374|Reactome:R-HSA-9706377|Reactome:R-HSA-9717207|Reactome:R-HSA-9725370|Reactome:R-HSA-9725371|Reactome:R-HSA-9725554|Reactome:R-HSA-9732724|Reactome:R-HSA-9734091|Reactome:R-HSA-9749641|Reactome:R-HSA-9752946|Reactome:R-HSA-975634|Reactome:R-HSA-9758919|Reactome:R-HSA-977225|Reactome:R-HSA-9772755|Reactome:R-HSA-977443|Reactome:R-HSA-977606|Reactome:R-HSA-9793380|Reactome:R-HSA-9818749|Reactome:R-HSA-9820960|Reactome:R-HSA-9824272|Reactome:R-HSA-9824585|Reactome:R-HSA-9825892|Reactome:R-HSA-982772|Reactome:R-HSA-9830674|Reactome:R-HSA-983168|Reactome:R-HSA-983170|Reactome:R-HSA-9833109|Reactome:R-HSA-9833110|Reactome:R-HSA-983695|Reactome:R-HSA-9843940|Reactome:R-HSA-9843970|Reactome:R-HSA-9844594|Reactome:R-HSA-9851151|Reactome:R-HSA-9854909|Reactome:R-HSA-9856530|Reactome:R-HSA-9856532|Reactome:R-HSA-9856649|Reactome:R-HSA-9860927|Reactome:R-HSA-9909620|Reactome:R-HSA-9909649|Reactome:R-HSA-9913351|Reactome:R-HSA-9918481|Reactome:R-HSA-9918485|Reactome:R-HSA-9920588|Reactome:R-HSA-9925563|Reactome:R-HSA-9926550|Reactome:R-HSA-9927353|Reactome:R-HSA-9927354|Reactome:R-HSA-9927418|Reactome:R-HSA-9927426|Reactome:R-HSA-9929356|Reactome:R-HSA-9929491|Reactome:R-HSA-9931269|Reactome:R-HSA-9931295|Reactome:R-HSA-9939291|Reactome:R-HSA-9942503|Reactome:R-HSA-9953038|Reactome:R-HSA-9953080|Reactome:R-MMU-1059683|Reactome:R-MMU-109704|Reactome:R-MMU-110056|Reactome:R-MMU-112411|Reactome:R-MMU-114604|Reactome:R-MMU-114608|Reactome:R-MMU-1169091|Reactome:R-MMU-1169408|Reactome:R-MMU-1170546|Reactome:R-MMU-1227986|Reactome:R-MMU-1236394|Reactome:R-MMU-1236974|Reactome:R-MMU-1236977|Reactome:R-MMU-1236978|Reactome:R-MMU-1250196|Reactome:R-MMU-1250342|Reactome:R-MMU-1250347|Reactome:R-MMU-1257604|Reactome:R-MMU-1266695|Reactome:R-MMU-1306955|Reactome:R-MMU-1307965|Reactome:R-MMU-1358803|Reactome:R-MMU-140834|Reactome:R-MMU-140837|Reactome:R-MMU-140875|Reactome:R-MMU-1433557|Reactome:R-MMU-1433559|Reactome:R-MMU-1442490|Reactome:R-MMU-1462054|Reactome:R-MMU-1474228|Reactome:R-MMU-1566977|Reactome:R-MMU-163125|Reactome:R-MMU-1632852|Reactome:R-MMU-163680|Reactome:R-MMU-1650814|Reactome:R-MMU-1660499|Reactome:R-MMU-1660514|Reactome:R-MMU-166663|Reactome:R-MMU-166665|Reactome:R-MMU-170968|Reactome:R-MMU-170984|Reactome:R-MMU-173623|Reactome:R-MMU-173736|Reactome:R-MMU-174577|Reactome:R-MMU-177504|Reactome:R-MMU-177929|Reactome:R-MMU-1810476|Reactome:R-MMU-181429|Reactome:R-MMU-181430|Reactome:R-MMU-182971|Reactome:R-MMU-1855183|Reactome:R-MMU-1855204|Reactome:R-MMU-186763|Reactome:R-MMU-186797|Reactome:R-MMU-187042|Reactome:R-MMU-190322|Reactome:R-MMU-190370|Reactome:R-MMU-190371|Reactome:R-MMU-190372|Reactome:R-MMU-190373|Reactome:R-MMU-190374|Reactome:R-MMU-190375|Reactome:R-MMU-190377|Reactome:R-MMU-193634|Reactome:R-MMU-193648|Reactome:R-MMU-193692|Reactome:R-MMU-194306|Reactome:R-MMU-195399|Reactome:R-MMU-196108|Reactome:R-MMU-1963640|Reactome:R-MMU-1963642|Reactome:R-MMU-1971475|Reactome:R-MMU-198203|Reactome:R-MMU-198933|Reactome:R-MMU-200425|Reactome:R-MMU-2022854|Reactome:R-MMU-2022857|Reactome:R-MMU-2022870|Reactome:R-MMU-2022923|Reactome:R-MMU-2024096|Reactome:R-MMU-2024101|Reactome:R-MMU-202424|Reactome:R-MMU-202427|Reactome:R-MMU-202430|Reactome:R-MMU-202433|Reactome:R-MMU-2025928|Reactome:R-MMU-202733|Reactome:R-MMU-2029481|Reactome:R-MMU-2029482|Reactome:R-MMU-2029485|Reactome:R-MMU-204005|Reactome:R-MMU-209560|Reactome:R-MMU-210500|Reactome:R-MMU-210990|Reactome:R-MMU-210991|Reactome:R-MMU-210993|Reactome:R-MMU-2122947|Reactome:R-MMU-212676|Reactome:R-MMU-2129379|Reactome:R-MMU-2132295|Reactome:R-MMU-216083|Reactome:R-MMU-2160916|Reactome:R-MMU-2168880|Reactome:R-MMU-2172127|Reactome:R-MMU-2173791|Reactome:R-MMU-2214320|Reactome:R-MMU-2243919|Reactome:R-MMU-2404192|Reactome:R-MMU-2424491|Reactome:R-MMU-2428928|Reactome:R-MMU-2428933|Reactome:R-MMU-2454202|Reactome:R-MMU-264642|Reactome:R-MMU-264876|Reactome:R-MMU-2672351|Reactome:R-MMU-2682334|Reactome:R-MMU-2730905|Reactome:R-MMU-2871796|Reactome:R-MMU-2871809|Reactome:R-MMU-2871837|Reactome:R-MMU-3000170|Reactome:R-MMU-3000178|Reactome:R-MMU-3134963|Reactome:R-MMU-3214841|Reactome:R-MMU-3214847|Reactome:R-MMU-3322077|Reactome:R-MMU-350054|Reactome:R-MMU-354192|Reactome:R-MMU-354194|Reactome:R-MMU-372708|Reactome:R-MMU-373752|Reactome:R-MMU-373753|Reactome:R-MMU-373756|Reactome:R-MMU-373760|Reactome:R-MMU-375165|Reactome:R-MMU-375276|Reactome:R-MMU-376172|Reactome:R-MMU-376176|Reactome:R-MMU-380972|Reactome:R-MMU-381426|Reactome:R-MMU-388844|Reactome:R-MMU-389356|Reactome:R-MMU-389357|Reactome:R-MMU-389359|Reactome:R-MMU-389513|Reactome:R-MMU-389948|Reactome:R-MMU-390522|Reactome:R-MMU-391160|Reactome:R-MMU-3928662|Reactome:R-MMU-3928663|Reactome:R-MMU-3928664|Reactome:R-MMU-3928665|Reactome:R-MMU-399954|Reactome:R-MMU-399955|Reactome:R-MMU-399956|Reactome:R-MMU-4086398|Reactome:R-MMU-416476|Reactome:R-MMU-416482|Reactome:R-MMU-416550|Reactome:R-MMU-416572|Reactome:R-MMU-416700|Reactome:R-MMU-418594|Reactome:R-MMU-418885|Reactome:R-MMU-418889|Reactome:R-MMU-418990|Reactome:R-MMU-419037|Reactome:R-MMU-420029|Reactome:R-MMU-420597|Reactome:R-MMU-428890|Reactome:R-MMU-430116|Reactome:R-MMU-432142|Reactome:R-MMU-432722|Reactome:R-MMU-433692|Reactome:R-MMU-437239|Reactome:R-MMU-4420097|Reactome:R-MMU-445095|Reactome:R-MMU-445144|Reactome:R-MMU-445355|Reactome:R-MMU-445989|Reactome:R-MMU-446107|Reactome:R-MMU-446353|Reactome:R-MMU-447043|Reactome:R-MMU-448706|Reactome:R-MMU-449836|Reactome:R-MMU-4755510|Reactome:R-MMU-512988|Reactome:R-MMU-5140745|Reactome:R-MMU-5173214|Reactome:R-MMU-5218921|Reactome:R-MMU-5223345|Reactome:R-MMU-525793|Reactome:R-MMU-5607761|Reactome:R-MMU-5607763|Reactome:R-MMU-5607764|Reactome:R-MMU-5620916|Reactome:R-MMU-5621575|Reactome:R-MMU-5627123|Reactome:R-MMU-5628897|Reactome:R-MMU-5632681|Reactome:R-MMU-5635838|Reactome:R-MMU-5654219|Reactome:R-MMU-5654221|Reactome:R-MMU-5654227|Reactome:R-MMU-5654228|Reactome:R-MMU-5654687|Reactome:R-MMU-5654688|Reactome:R-MMU-5654689|Reactome:R-MMU-5654693|Reactome:R-MMU-5654695|Reactome:R-MMU-5654699|Reactome:R-MMU-5654700|Reactome:R-MMU-5654704|Reactome:R-MMU-5654706|Reactome:R-MMU-5654710|Reactome:R-MMU-5654712|Reactome:R-MMU-5654719|Reactome:R-MMU-5654720|Reactome:R-MMU-5654726|Reactome:R-MMU-5654727|Reactome:R-MMU-5654732|Reactome:R-MMU-5654733|Reactome:R-MMU-5658623|Reactome:R-MMU-5660668|Reactome:R-MMU-5673001|Reactome:R-MMU-5674135|Reactome:R-MMU-5676590|Reactome:R-MMU-5683826|Reactome:R-MMU-5684264|Reactome:R-MMU-5687128|Reactome:R-MMU-5689603|Reactome:R-MMU-5690714|Reactome:R-MMU-5694530|Reactome:R-MMU-6783783|Reactome:R-MMU-6785631|Reactome:R-MMU-6785807|Reactome:R-MMU-6788467|Reactome:R-MMU-6798695|Reactome:R-MMU-6804756|Reactome:R-MMU-6806942|Reactome:R-MMU-6807004|Reactome:R-MMU-6809371|Reactome:R-MMU-6811558|Reactome:R-MMU-74713|Reactome:R-MMU-74749|Reactome:R-MMU-74751|Reactome:R-MMU-74752|Reactome:R-MMU-75892|Reactome:R-MMU-77387|Reactome:R-MMU-877300|Reactome:R-MMU-877312|Reactome:R-MMU-879415|Reactome:R-MMU-8847993|Reactome:R-MMU-8849932|Reactome:R-MMU-8851680|Reactome:R-MMU-8851805|Reactome:R-MMU-8851907|Reactome:R-MMU-8852405|Reactome:R-MMU-8853383|Reactome:R-MMU-8854691|Reactome:R-MMU-8856825|Reactome:R-MMU-8856828|Reactome:R-MMU-8857538|Reactome:R-MMU-8863795|Reactome:R-MMU-8865999|Reactome:R-MMU-8874081|Reactome:R-MMU-8875513|Reactome:R-MMU-8875555|Reactome:R-MMU-8875656|Reactome:R-MMU-8875791|Reactome:R-MMU-8932504|Reactome:R-MMU-8932505|Reactome:R-MMU-8932506|Reactome:R-MMU-8941856|Reactome:R-MMU-8948216|Reactome:R-MMU-8957275|Reactome:R-MMU-8963896|Reactome:R-MMU-8980692|Reactome:R-MMU-8983432|Reactome:R-MMU-8984722|Reactome:R-MMU-8985586|Reactome:R-MMU-8985947|Reactome:R-MMU-9006335|Reactome:R-MMU-9007892|Reactome:R-MMU-9009391|Reactome:R-MMU-9010553|Reactome:R-MMU-9012546|Reactome:R-MMU-9013026|Reactome:R-MMU-9013106|Reactome:R-MMU-9013148|Reactome:R-MMU-9013149|Reactome:R-MMU-9013404|Reactome:R-MMU-9013406|Reactome:R-MMU-9013408|Reactome:R-MMU-9013409|Reactome:R-MMU-9013420|Reactome:R-MMU-9013423|Reactome:R-MMU-9013424|Reactome:R-MMU-9014826|Reactome:R-MMU-9014843|Reactome:R-MMU-9020558|Reactome:R-MMU-9020591|Reactome:R-MMU-9020702|Reactome:R-MMU-9020933|Reactome:R-MMU-9020956|Reactome:R-MMU-9020958|Reactome:R-MMU-9026527|Reactome:R-MMU-9027276|Reactome:R-MMU-9027284|Reactome:R-MMU-9028731|Reactome:R-MMU-9032759|Reactome:R-MMU-9034013|Reactome:R-MMU-9034793|Reactome:R-MMU-9035034|Reactome:R-MMU-909733|Reactome:R-MMU-912526|Reactome:R-MMU-912694|Reactome:R-MMU-917977|Reactome:R-MMU-933542|Reactome:R-MMU-9603381|Reactome:R-MMU-9607240|Reactome:R-MMU-9609523|Reactome:R-MMU-9634597|Reactome:R-MMU-9664873|Reactome:R-MMU-9696264|Reactome:R-MMU-9696270|Reactome:R-MMU-9696273|Reactome:R-MMU-9706369|Reactome:R-MMU-9706374|Reactome:R-MMU-9732724|Reactome:R-MMU-9734091|Reactome:R-MMU-9749641|Reactome:R-MMU-9772755|Reactome:R-MMU-977606|Reactome:R-MMU-982772|Reactome:R-MMU-983168|Reactome:R-MMU-983170|Reactome:R-MMU-983695|Reactome:R-MMU-9843940|Reactome:R-MMU-9851151|Reactome:R-MMU-9856649|Reactome:R-MMU-9860927|Reactome:R-MMU-9913351|Reactome:R-MMU-9927353|Reactome:R-MMU-9927354|Reactome:R-MMU-9929356|Reactome:R-MMU-9929491|Reactome:R-MMU-9931269|Reactome:R-MMU-9931295|Reactome:R-MMU-9939291|Reactome:R-MTU-868688|Reactome:R-RNO-1059683|Reactome:R-RNO-109704|Reactome:R-RNO-110056|Reactome:R-RNO-112411|Reactome:R-RNO-114608|Reactome:R-RNO-1169091|Reactome:R-RNO-1170546|Reactome:R-RNO-1227986|Reactome:R-RNO-1236394|Reactome:R-RNO-1236974|Reactome:R-RNO-1236977|Reactome:R-RNO-1250196|Reactome:R-RNO-1250342|Reactome:R-RNO-1250347|Reactome:R-RNO-1257604|Reactome:R-RNO-1306955|Reactome:R-RNO-1307965|Reactome:R-RNO-1358803|Reactome:R-RNO-140834|Reactome:R-RNO-140837|Reactome:R-RNO-140875|Reactome:R-RNO-1462054|Reactome:R-RNO-1474228|Reactome:R-RNO-1566977|Reactome:R-RNO-163125|Reactome:R-RNO-1632852|Reactome:R-RNO-163680|Reactome:R-RNO-1660499|Reactome:R-RNO-1660514|Reactome:R-RNO-166663|Reactome:R-RNO-166665|Reactome:R-RNO-170968|Reactome:R-RNO-170984|Reactome:R-RNO-173623|Reactome:R-RNO-173736|Reactome:R-RNO-174577|Reactome:R-RNO-177504|Reactome:R-RNO-1810476|Reactome:R-RNO-181429|Reactome:R-RNO-181430|Reactome:R-RNO-1855183|Reactome:R-RNO-1855204|Reactome:R-RNO-186763|Reactome:R-RNO-186797|Reactome:R-RNO-187042|Reactome:R-RNO-190322|Reactome:R-RNO-190370|Reactome:R-RNO-190373|Reactome:R-RNO-190374|Reactome:R-RNO-193634|Reactome:R-RNO-193648|Reactome:R-RNO-193692|Reactome:R-RNO-194306|Reactome:R-RNO-195399|Reactome:R-RNO-196108|Reactome:R-RNO-1963640|Reactome:R-RNO-1963642|Reactome:R-RNO-1971475|Reactome:R-RNO-198203|Reactome:R-RNO-198933|Reactome:R-RNO-200425|Reactome:R-RNO-2022854|Reactome:R-RNO-2022857|Reactome:R-RNO-2022870|Reactome:R-RNO-2022923|Reactome:R-RNO-2024101|Reactome:R-RNO-202424|Reactome:R-RNO-202427|Reactome:R-RNO-202430|Reactome:R-RNO-202433|Reactome:R-RNO-2025928|Reactome:R-RNO-202733|Reactome:R-RNO-2029481|Reactome:R-RNO-2029482|Reactome:R-RNO-2029485|Reactome:R-RNO-209560|Reactome:R-RNO-210500|Reactome:R-RNO-210990|Reactome:R-RNO-210991|Reactome:R-RNO-212676|Reactome:R-RNO-2129379|Reactome:R-RNO-2132295|Reactome:R-RNO-216083|Reactome:R-RNO-2160916|Reactome:R-RNO-2172127|Reactome:R-RNO-2173791|Reactome:R-RNO-2404192|Reactome:R-RNO-2424491|Reactome:R-RNO-2428928|Reactome:R-RNO-2428933|Reactome:R-RNO-2454202|Reactome:R-RNO-264642|Reactome:R-RNO-264876|Reactome:R-RNO-2682334|Reactome:R-RNO-2730905|Reactome:R-RNO-2871796|Reactome:R-RNO-2871809|Reactome:R-RNO-2871837|Reactome:R-RNO-3000170|Reactome:R-RNO-3000178|Reactome:R-RNO-3134963|Reactome:R-RNO-3214841|Reactome:R-RNO-3214847|Reactome:R-RNO-354192|Reactome:R-RNO-354194|Reactome:R-RNO-372708|Reactome:R-RNO-373752|Reactome:R-RNO-373753|Reactome:R-RNO-373760|Reactome:R-RNO-375165|Reactome:R-RNO-375276|Reactome:R-RNO-376172|Reactome:R-RNO-380972|Reactome:R-RNO-381426|Reactome:R-RNO-388844|Reactome:R-RNO-389356|Reactome:R-RNO-389357|Reactome:R-RNO-389359|Reactome:R-RNO-389948|Reactome:R-RNO-390522|Reactome:R-RNO-391160|Reactome:R-RNO-3928662|Reactome:R-RNO-3928663|Reactome:R-RNO-3928664|Reactome:R-RNO-3928665|Reactome:R-RNO-399954|Reactome:R-RNO-399955|Reactome:R-RNO-399956|Reactome:R-RNO-416476|Reactome:R-RNO-416482|Reactome:R-RNO-416550|Reactome:R-RNO-416700|Reactome:R-RNO-418594|Reactome:R-RNO-418885|Reactome:R-RNO-418889|Reactome:R-RNO-418990|Reactome:R-RNO-419037|Reactome:R-RNO-420029|Reactome:R-RNO-420597|Reactome:R-RNO-432142|Reactome:R-RNO-432722|Reactome:R-RNO-433692|Reactome:R-RNO-437239|Reactome:R-RNO-4420097|Reactome:R-RNO-445095|Reactome:R-RNO-445144|Reactome:R-RNO-445989|Reactome:R-RNO-446107|Reactome:R-RNO-446353|Reactome:R-RNO-447043|Reactome:R-RNO-448706|Reactome:R-RNO-449836|Reactome:R-RNO-5218921|Reactome:R-RNO-5223345|Reactome:R-RNO-525793|Reactome:R-RNO-5607763|Reactome:R-RNO-5607764|Reactome:R-RNO-5620916|Reactome:R-RNO-5621575|Reactome:R-RNO-5628897|Reactome:R-RNO-5632681|Reactome:R-RNO-5654219|Reactome:R-RNO-5654228|Reactome:R-RNO-5654687|Reactome:R-RNO-5654688|Reactome:R-RNO-5654689|Reactome:R-RNO-5654693|Reactome:R-RNO-5654712|Reactome:R-RNO-5654719|Reactome:R-RNO-5654720|Reactome:R-RNO-5654726|Reactome:R-RNO-5654733|Reactome:R-RNO-5658623|Reactome:R-RNO-5673001|Reactome:R-RNO-5674135|Reactome:R-RNO-5683826|Reactome:R-RNO-5684264|Reactome:R-RNO-5687128|Reactome:R-RNO-5689603|Reactome:R-RNO-6785631|Reactome:R-RNO-6785807|Reactome:R-RNO-6788467|Reactome:R-RNO-6798695|Reactome:R-RNO-6804756|Reactome:R-RNO-6806942|Reactome:R-RNO-6807004|Reactome:R-RNO-6809371|Reactome:R-RNO-6811558|Reactome:R-RNO-74713|Reactome:R-RNO-74749|Reactome:R-RNO-74751|Reactome:R-RNO-74752|Reactome:R-RNO-77387|Reactome:R-RNO-879415|Reactome:R-RNO-8847993|Reactome:R-RNO-8849932|Reactome:R-RNO-8851680|Reactome:R-RNO-8851805|Reactome:R-RNO-8851907|Reactome:R-RNO-8853383|Reactome:R-RNO-8854691|Reactome:R-RNO-8856825|Reactome:R-RNO-8856828|Reactome:R-RNO-8857538|Reactome:R-RNO-8863795|Reactome:R-RNO-8865999|Reactome:R-RNO-8874081|Reactome:R-RNO-8875513|Reactome:R-RNO-8875555|Reactome:R-RNO-8875656|Reactome:R-RNO-8875791|Reactome:R-RNO-8932505|Reactome:R-RNO-8951664|Reactome:R-RNO-8957275|Reactome:R-RNO-8963896|Reactome:R-RNO-8980692|Reactome:R-RNO-8983432|Reactome:R-RNO-8984722|Reactome:R-RNO-9006335|Reactome:R-RNO-9007892|Reactome:R-RNO-9009391|Reactome:R-RNO-9013026|Reactome:R-RNO-9013106|Reactome:R-RNO-9013148|Reactome:R-RNO-9013149|Reactome:R-RNO-9013404|Reactome:R-RNO-9013408|Reactome:R-RNO-9013409|Reactome:R-RNO-9013423|Reactome:R-RNO-9014826|Reactome:R-RNO-9014843|Reactome:R-RNO-9020558|Reactome:R-RNO-9020702|Reactome:R-RNO-9020956|Reactome:R-RNO-9026527|Reactome:R-RNO-9027276|Reactome:R-RNO-9027284|Reactome:R-RNO-9028731|Reactome:R-RNO-9032759|Reactome:R-RNO-9034013|Reactome:R-RNO-9034793|Reactome:R-RNO-9035034|Reactome:R-RNO-912526|Reactome:R-RNO-917977|Reactome:R-RNO-933542|Reactome:R-RNO-9603381|Reactome:R-RNO-9609523|Reactome:R-RNO-9634597|Reactome:R-RNO-9664873|Reactome:R-RNO-9734091|Reactome:R-RNO-9749641|Reactome:R-RNO-9772755|Reactome:R-RNO-977606|Reactome:R-RNO-982772|Reactome:R-RNO-983168|Reactome:R-RNO-983170|Reactome:R-RNO-9851151|Reactome:R-RNO-9860927|Reactome:R-RNO-9927353|Reactome:R-RNO-9927354|Reactome:R-RNO-9931269|Reactome:R-SCE-1632852|Reactome:R-SCE-163680|Reactome:R-SCE-200425|Reactome:R-SCE-3322077|Reactome:R-SCE-380972|Reactome:R-SCE-6798695|Reactome:R-SCE-8948751|Reactome:R-SCE-9013106|Reactome:R-SCE-9609523|Reactome:R-SPO-1632852|Reactome:R-SPO-163680|Reactome:R-SPO-200425|Reactome:R-SPO-380972|Reactome:R-SPO-5628897|Reactome:R-SPO-6798695|Reactome:R-SPO-9609523|Reactome:R-SPO-9664873|Reactome:R-SSC-114608|Reactome:R-SSC-1170546|Reactome:R-SSC-1236974|Reactome:R-SSC-1236977|Reactome:R-SSC-1257604|Reactome:R-SSC-1474228|Reactome:R-SSC-173623|Reactome:R-SSC-198933|Reactome:R-SSC-2022854|Reactome:R-SSC-2022857|Reactome:R-SSC-2024101|Reactome:R-SSC-202424|Reactome:R-SSC-202427|Reactome:R-SSC-202430|Reactome:R-SSC-202433|Reactome:R-SSC-202733|Reactome:R-SSC-2029481|Reactome:R-SSC-2029482|Reactome:R-SSC-2029485|Reactome:R-SSC-210990|Reactome:R-SSC-2132295|Reactome:R-SSC-216083|Reactome:R-SSC-2160916|Reactome:R-SSC-2168880|Reactome:R-SSC-2424491|Reactome:R-SSC-2454202|Reactome:R-SSC-2730905|Reactome:R-SSC-2871796|Reactome:R-SSC-2871809|Reactome:R-SSC-2871837|Reactome:R-SSC-3000178|Reactome:R-SSC-389948|Reactome:R-SSC-391160|Reactome:R-SSC-416550|Reactome:R-SSC-432142|Reactome:R-SSC-5673001|Reactome:R-SSC-5690714|Reactome:R-SSC-6798695|Reactome:R-SSC-6806942|Reactome:R-SSC-6807004|Reactome:R-SSC-6811558|Reactome:R-SSC-8851805|Reactome:R-SSC-8851907|Reactome:R-SSC-8856825|Reactome:R-SSC-8856828|Reactome:R-SSC-8865999|Reactome:R-SSC-8874081|Reactome:R-SSC-8875513|Reactome:R-SSC-8875555|Reactome:R-SSC-8875656|Reactome:R-SSC-8875791|Reactome:R-SSC-8980692|Reactome:R-SSC-9006335|Reactome:R-SSC-9013106|Reactome:R-SSC-9013404|Reactome:R-SSC-9013408|Reactome:R-SSC-9020591|Reactome:R-SSC-9020933|Reactome:R-SSC-9027276|Reactome:R-SSC-9027284|Reactome:R-SSC-9734091|Reactome:R-SSC-977606|Reactome:R-SSC-982772|Reactome:R-SSC-983170|Reactome:R-SSC-983695|Reactome:R-XTR-202433|Reactome:R-XTR-418990|Reactome:R-XTR-5654687
D_citrinum_KAN0013107	c7c30446d627893327c5deedb851b5dd	2209	Gene3D	G3DSA:2.60.40.10	Immunoglobulins	1105	1200	4.1E-5	T	26-08-2026	IPR013783	Immunoglobulin-like fold	-	Reactome:R-BTA-114608|Reactome:R-BTA-1236974|Reactome:R-BTA-1236977|Reactome:R-BTA-1257604|Reactome:R-BTA-1266695|Reactome:R-BTA-140834|Reactome:R-BTA-163125|Reactome:R-BTA-1632852|Reactome:R-BTA-1660661|Reactome:R-BTA-173736|Reactome:R-BTA-174577|Reactome:R-BTA-1971475|Reactome:R-BTA-198933|Reactome:R-BTA-2022870|Reactome:R-BTA-2022923|Reactome:R-BTA-2024101|Reactome:R-BTA-202424|Reactome:R-BTA-202427|Reactome:R-BTA-202430|Reactome:R-BTA-202433|Reactome:R-BTA-202733|Reactome:R-BTA-210993|Reactome:R-BTA-216083|Reactome:R-BTA-2173791|Reactome:R-BTA-2424491|Reactome:R-BTA-3000178|Reactome:R-BTA-350054|Reactome:R-BTA-375276|Reactome:R-BTA-380972|Reactome:R-BTA-381426|Reactome:R-BTA-388844|Reactome:R-BTA-389948|Reactome:R-BTA-418594|Reactome:R-BTA-420029|Reactome:R-BTA-445355|Reactome:R-BTA-5576892|Reactome:R-BTA-5627123|Reactome:R-BTA-5628897|Reactome:R-BTA-5673001|Reactome:R-BTA-5690714|Reactome:R-BTA-6785807|Reactome:R-BTA-6798695|Reactome:R-BTA-6804756|Reactome:R-BTA-6811558|Reactome:R-BTA-77387|Reactome:R-BTA-8849932|Reactome:R-BTA-8856825|Reactome:R-BTA-8856828|Reactome:R-BTA-8932505|Reactome:R-BTA-8941856|Reactome:R-BTA-8957275|Reactome:R-BTA-8980692|Reactome:R-BTA-8983432|Reactome:R-BTA-8985947|Reactome:R-BTA-9013106|Reactome:R-BTA-9013404|Reactome:R-BTA-9013408|Reactome:R-BTA-9020558|Reactome:R-BTA-9020958|Reactome:R-BTA-909733|Reactome:R-BTA-912526|Reactome:R-BTA-912694|Reactome:R-BTA-9609523|Reactome:R-BTA-977606|Reactome:R-BTA-983168|Reactome:R-BTA-983170|Reactome:R-BTA-983695|Reactome:R-BTA-9927354|Reactome:R-BTA-9931269|Reactome:R-CEL-1257604|Reactome:R-CEL-1433557|Reactome:R-CEL-1433559|Reactome:R-CEL-1474228|Reactome:R-CEL-186763|Reactome:R-CEL-186797|Reactome:R-CEL-190322|Reactome:R-CEL-190370|Reactome:R-CEL-190371|Reactome:R-CEL-190372|Reactome:R-CEL-190373|Reactome:R-CEL-190375|Reactome:R-CEL-190377|Reactome:R-CEL-1971475|Reactome:R-CEL-2022928|Reactome:R-CEL-2024096|Reactome:R-CEL-209968|Reactome:R-CEL-210991|Reactome:R-CEL-216083|Reactome:R-CEL-2243919|Reactome:R-CEL-264876|Reactome:R-CEL-2682334|Reactome:R-CEL-3000171|Reactome:R-CEL-3000178|Reactome:R-CEL-373752|Reactome:R-CEL-373753|Reactome:R-CEL-375165|Reactome:R-CEL-376176|Reactome:R-CEL-388844|Reactome:R-CEL-3928662|Reactome:R-CEL-3928663|Reactome:R-CEL-3928664|Reactome:R-CEL-3928665|Reactome:R-CEL-399955|Reactome:R-CEL-399956|Reactome:R-CEL-416482|Reactome:R-CEL-416572|Reactome:R-CEL-416700|Reactome:R-CEL-418885|Reactome:R-CEL-419037|Reactome:R-CEL-428542|Reactome:R-CEL-433692|Reactome:R-CEL-4420097|Reactome:R-CEL-445144|Reactome:R-CEL-447043|Reactome:R-CEL-5140745|Reactome:R-CEL-5218920|Reactome:R-CEL-525793|Reactome:R-CEL-5620916|Reactome:R-CEL-5654219|Reactome:R-CEL-5654221|Reactome:R-CEL-5654227|Reactome:R-CEL-5654228|Reactome:R-CEL-5654689|Reactome:R-CEL-5654693|Reactome:R-CEL-5654695|Reactome:R-CEL-5654699|Reactome:R-CEL-5654700|Reactome:R-CEL-5654704|Reactome:R-CEL-5654706|Reactome:R-CEL-5654710|Reactome:R-CEL-5654712|Reactome:R-CEL-5654720|Reactome:R-CEL-5654726|Reactome:R-CEL-5654727|Reactome:R-CEL-5654732|Reactome:R-CEL-5654733|Reactome:R-CEL-5673001|Reactome:R-CEL-6798695|Reactome:R-CEL-6809371|Reactome:R-CEL-6811558|Reactome:R-CEL-77387|Reactome:R-CEL-8849932|Reactome:R-CEL-8853383|Reactome:R-CEL-8863795|Reactome:R-CEL-8941413|Reactome:R-CEL-9013149|Reactome:R-CEL-9013420|Reactome:R-CEL-9013423|Reactome:R-CEL-9013424|Reactome:R-CEL-913709|Reactome:R-CEL-9607240|Reactome:R-CEL-9749641|Reactome:R-CEL-9764561|Reactome:R-CEL-9772755|Reactome:R-CEL-9913351|Reactome:R-CFA-1257604|Reactome:R-CFA-1433557|Reactome:R-CFA-1433559|Reactome:R-CFA-198933|Reactome:R-CFA-2024096|Reactome:R-CFA-2024101|Reactome:R-CFA-202424|Reactome:R-CFA-202427|Reactome:R-CFA-202430|Reactome:R-CFA-202433|Reactome:R-CFA-216083|Reactome:R-CFA-389948|Reactome:R-CFA-5673001|Reactome:R-CFA-5690714|Reactome:R-CFA-6785807|Reactome:R-CFA-6788467|Reactome:R-CFA-6811558|Reactome:R-CFA-8932504|Reactome:R-CFA-8932505|Reactome:R-CFA-8932506|Reactome:R-CFA-9010553|Reactome:R-CFA-983170|Reactome:R-CFA-983695|Reactome:R-CFA-9856649|Reactome:R-CFA-9913351|Reactome:R-CFA-9927354|Reactome:R-CFA-9939291|Reactome:R-DDI-3295583|Reactome:R-DDI-5213460|Reactome:R-DDI-5673000|Reactome:R-DDI-5674135|Reactome:R-DDI-5675221|Reactome:R-DDI-5675482|Reactome:R-DME-109704|Reactome:R-DME-110478|Reactome:R-DME-114608|Reactome:R-DME-1169091|Reactome:R-DME-1227986|Reactome:R-DME-1236394|Reactome:R-DME-1250196|Reactome:R-DME-1250342|Reactome:R-DME-1250347|Reactome:R-DME-1257604|Reactome:R-DME-1307965|Reactome:R-DME-1358803|Reactome:R-DME-1474228|Reactome:R-DME-1810476|Reactome:R-DME-190322|Reactome:R-DME-190370|Reactome:R-DME-190371|Reactome:R-DME-190372|Reactome:R-DME-190373|Reactome:R-DME-190374|Reactome:R-DME-190375|Reactome:R-DME-190377|Reactome:R-DME-1963640|Reactome:R-DME-1963642|Reactome:R-DME-1971475|Reactome:R-DME-2022928|Reactome:R-DME-2024096|Reactome:R-DME-2024101|Reactome:R-DME-202424|Reactome:R-DME-202733|Reactome:R-DME-209209|Reactome:R-DME-209228|Reactome:R-DME-209338|Reactome:R-DME-209394|Reactome:R-DME-209400|Reactome:R-DME-209406|Reactome:R-DME-209560|Reactome:R-DME-209968|Reactome:R-DME-210688|Reactome:R-DME-210991|Reactome:R-DME-214399|Reactome:R-DME-214411|Reactome:R-DME-214416|Reactome:R-DME-214842|Reactome:R-DME-214844|Reactome:R-DME-214869|Reactome:R-DME-216083|Reactome:R-DME-264876|Reactome:R-DME-2871837|Reactome:R-DME-3000171|Reactome:R-DME-3000178|Reactome:R-DME-3134963|Reactome:R-DME-3214847|Reactome:R-DME-350054|Reactome:R-DME-373080|Reactome:R-DME-373752|Reactome:R-DME-373753|Reactome:R-DME-375165|Reactome:R-DME-376172|Reactome:R-DME-388844|Reactome:R-DME-416482|Reactome:R-DME-416572|Reactome:R-DME-416700|Reactome:R-DME-418990|Reactome:R-DME-419037|Reactome:R-DME-420597|Reactome:R-DME-428542|Reactome:R-DME-433692|Reactome:R-DME-445144|Reactome:R-DME-445989|Reactome:R-DME-446353|Reactome:R-DME-447043|Reactome:R-DME-4755510|Reactome:R-DME-5607761|Reactome:R-DME-5607764|Reactome:R-DME-5620916|Reactome:R-DME-5621575|Reactome:R-DME-5627123|Reactome:R-DME-5654219|Reactome:R-DME-5654221|Reactome:R-DME-5654227|Reactome:R-DME-5654228|Reactome:R-DME-5654687|Reactome:R-DME-5654688|Reactome:R-DME-5654689|Reactome:R-DME-5654693|Reactome:R-DME-5654695|Reactome:R-DME-5654699|Reactome:R-DME-5654700|Reactome:R-DME-5654704|Reactome:R-DME-5654706|Reactome:R-DME-5654710|Reactome:R-DME-5654712|Reactome:R-DME-5654719|Reactome:R-DME-5654720|Reactome:R-DME-5654726|Reactome:R-DME-5654727|Reactome:R-DME-5654732|Reactome:R-DME-5654733|Reactome:R-DME-5658623|Reactome:R-DME-5673001|Reactome:R-DME-5676590|Reactome:R-DME-5689603|Reactome:R-DME-6785631|Reactome:R-DME-6798695|Reactome:R-DME-6807878|Reactome:R-DME-6811558|Reactome:R-DME-77387|Reactome:R-DME-8849932|Reactome:R-DME-8863795|Reactome:R-DME-8941413|Reactome:R-DME-9009391|Reactome:R-DME-9020702|Reactome:R-DME-913709|Reactome:R-DME-933542|Reactome:R-DME-9749641|Reactome:R-DME-977068|Reactome:R-DME-9772755|Reactome:R-DME-983168|Reactome:R-DME-9860927|Reactome:R-DME-9913351|Reactome:R-DRE-109704|Reactome:R-DRE-1257604|Reactome:R-DRE-1300645|Reactome:R-DRE-1307965|Reactome:R-DRE-1433557|Reactome:R-DRE-1433559|Reactome:R-DRE-186763|Reactome:R-DRE-186797|Reactome:R-DRE-190322|Reactome:R-DRE-190370|Reactome:R-DRE-190371|Reactome:R-DRE-190372|Reactome:R-DRE-190373|Reactome:R-DRE-190374|Reactome:R-DRE-190375|Reactome:R-DRE-190377|Reactome:R-DRE-193648|Reactome:R-DRE-194306|Reactome:R-DRE-195399|Reactome:R-DRE-198933|Reactome:R-DRE-202733|Reactome:R-DRE-210993|Reactome:R-DRE-2132295|Reactome:R-DRE-216083|Reactome:R-DRE-2682334|Reactome:R-DRE-3214841|Reactome:R-DRE-381426|Reactome:R-DRE-388844|Reactome:R-DRE-3928662|Reactome:R-DRE-3928663|Reactome:R-DRE-3928664|Reactome:R-DRE-3928665|Reactome:R-DRE-399954|Reactome:R-DRE-399956|Reactome:R-DRE-416476|Reactome:R-DRE-416482|Reactome:R-DRE-416550|Reactome:R-DRE-416572|Reactome:R-DRE-418990|Reactome:R-DRE-420597|Reactome:R-DRE-4420097|Reactome:R-DRE-449836|Reactome:R-DRE-5218921|Reactome:R-DRE-5654219|Reactome:R-DRE-5654221|Reactome:R-DRE-5654227|Reactome:R-DRE-5654228|Reactome:R-DRE-5654687|Reactome:R-DRE-5654688|Reactome:R-DRE-5654689|Reactome:R-DRE-5654693|Reactome:R-DRE-5654695|Reactome:R-DRE-5654699|Reactome:R-DRE-5654700|Reactome:R-DRE-5654704|Reactome:R-DRE-5654706|Reactome:R-DRE-5654710|Reactome:R-DRE-5654712|Reactome:R-DRE-5654719|Reactome:R-DRE-5654720|Reactome:R-DRE-5654726|Reactome:R-DRE-5654727|Reactome:R-DRE-5654732|Reactome:R-DRE-5654733|Reactome:R-DRE-5673001|Reactome:R-DRE-6811558|Reactome:R-DRE-8849932|Reactome:R-DRE-8932505|Reactome:R-DRE-8957275|Reactome:R-DRE-8980692|Reactome:R-DRE-9007892|Reactome:R-DRE-9013148|Reactome:R-DRE-9013149|Reactome:R-DRE-9013404|Reactome:R-DRE-9013408|Reactome:R-DRE-9013409|Reactome:R-DRE-9013423|Reactome:R-DRE-983168|Reactome:R-DRE-9843940|Reactome:R-DRE-9843970|Reactome:R-DRE-9856649|Reactome:R-GGA-114608|Reactome:R-GGA-1227892|Reactome:R-GGA-1227986|Reactome:R-GGA-1236394|Reactome:R-GGA-1236974|Reactome:R-GGA-1236977|Reactome:R-GGA-1250196|Reactome:R-GGA-1250342|Reactome:R-GGA-1250347|Reactome:R-GGA-1257604|Reactome:R-GGA-1306955|Reactome:R-GGA-1358803|Reactome:R-GGA-1433557|Reactome:R-GGA-1433559|Reactome:R-GGA-1474228|Reactome:R-GGA-1566977|Reactome:R-GGA-163125|Reactome:R-GGA-190373|Reactome:R-GGA-193634|Reactome:R-GGA-1963640|Reactome:R-GGA-1963642|Reactome:R-GGA-198933|Reactome:R-GGA-202733|Reactome:R-GGA-210991|Reactome:R-GGA-2129379|Reactome:R-GGA-2132263|Reactome:R-GGA-2132286|Reactome:R-GGA-216083|Reactome:R-GGA-3000170|Reactome:R-GGA-3000178|Reactome:R-GGA-3214841|Reactome:R-GGA-354192|Reactome:R-GGA-354194|Reactome:R-GGA-372708|Reactome:R-GGA-373920|Reactome:R-GGA-381426|Reactome:R-GGA-388844|Reactome:R-GGA-433692|Reactome:R-GGA-434001|Reactome:R-GGA-434131|Reactome:R-GGA-449836|Reactome:R-GGA-5654726|Reactome:R-GGA-5673001|Reactome:R-GGA-5674135|Reactome:R-GGA-6785631|Reactome:R-GGA-6798695|Reactome:R-GGA-6811558|Reactome:R-GGA-8854691|Reactome:R-GGA-8863795|Reactome:R-GGA-8932505|Reactome:R-GGA-8957275|Reactome:R-GGA-9634597|Reactome:R-GGA-9749641|Reactome:R-GGA-983170|Reactome:R-GGA-9843940|Reactome:R-GGA-9843970|Reactome:R-GGA-9856649|Reactome:R-GGA-9860927|Reactome:R-HSA-1059683|Reactome:R-HSA-109704|Reactome:R-HSA-110056|Reactome:R-HSA-112411|Reactome:R-HSA-114604|Reactome:R-HSA-114608|Reactome:R-HSA-1169091|Reactome:R-HSA-1169408|Reactome:R-HSA-1170546|Reactome:R-HSA-1227986|Reactome:R-HSA-1236394|Reactome:R-HSA-1236974|Reactome:R-HSA-1236977|Reactome:R-HSA-1236978|Reactome:R-HSA-1250196|Reactome:R-HSA-1250342|Reactome:R-HSA-1250347|Reactome:R-HSA-1251985|Reactome:R-HSA-1257604|Reactome:R-HSA-1266695|Reactome:R-HSA-1300645|Reactome:R-HSA-1306955|Reactome:R-HSA-1307965|Reactome:R-HSA-1358803|Reactome:R-HSA-140834|Reactome:R-HSA-140837|Reactome:R-HSA-140875|Reactome:R-HSA-1433557|Reactome:R-HSA-1433559|Reactome:R-HSA-1442490|Reactome:R-HSA-1445148|Reactome:R-HSA-1462054|Reactome:R-HSA-1474228|Reactome:R-HSA-1483115|Reactome:R-HSA-1483152|Reactome:R-HSA-1566977|Reactome:R-HSA-163125|Reactome:R-HSA-1632852|Reactome:R-HSA-163680|Reactome:R-HSA-164939|Reactome:R-HSA-164940|Reactome:R-HSA-1650814|Reactome:R-HSA-1660499|Reactome:R-HSA-1660514|Reactome:R-HSA-166058|Reactome:R-HSA-1660661|Reactome:R-HSA-166663|Reactome:R-HSA-166665|Reactome:R-HSA-167021|Reactome:R-HSA-167044|Reactome:R-HSA-167590|Reactome:R-HSA-170968|Reactome:R-HSA-170984|Reactome:R-HSA-173107|Reactome:R-HSA-173623|Reactome:R-HSA-173736|Reactome:R-HSA-174577|Reactome:R-HSA-177504|Reactome:R-HSA-177929|Reactome:R-HSA-180534|Reactome:R-HSA-1810476|Reactome:R-HSA-181429|Reactome:R-HSA-181430|Reactome:R-HSA-182218|Reactome:R-HSA-182971|Reactome:R-HSA-1839120|Reactome:R-HSA-1839122|Reactome:R-HSA-1839128|Reactome:R-HSA-1839130|Reactome:R-HSA-1855183|Reactome:R-HSA-1855204|Reactome:R-HSA-186763|Reactome:R-HSA-186797|Reactome:R-HSA-187024|Reactome:R-HSA-187042|Reactome:R-HSA-187706|Reactome:R-HSA-190322|Reactome:R-HSA-190370|Reactome:R-HSA-190371|Reactome:R-HSA-190372|Reactome:R-HSA-190373|Reactome:R-HSA-190374|Reactome:R-HSA-190375|Reactome:R-HSA-190377|Reactome:R-HSA-1912408|Reactome:R-HSA-193634|Reactome:R-HSA-193648|Reactome:R-HSA-193692|Reactome:R-HSA-194306|Reactome:R-HSA-195399|Reactome:R-HSA-196108|Reactome:R-HSA-1963640|Reactome:R-HSA-1963642|Reactome:R-HSA-1971475|Reactome:R-HSA-198203|Reactome:R-HSA-198745|Reactome:R-HSA-198933|Reactome:R-HSA-200425|Reactome:R-HSA-2022090|Reactome:R-HSA-2022854|Reactome:R-HSA-2022857|Reactome:R-HSA-2022870|Reactome:R-HSA-2022923|Reactome:R-HSA-2022928|Reactome:R-HSA-2023837|Reactome:R-HSA-2024096|Reactome:R-HSA-2024101|Reactome:R-HSA-202424|Reactome:R-HSA-202427|Reactome:R-HSA-202430|Reactome:R-HSA-202433|Reactome:R-HSA-2025928|Reactome:R-HSA-202733|Reactome:R-HSA-2029481|Reactome:R-HSA-2029482|Reactome:R-HSA-2029485|Reactome:R-HSA-2033515|Reactome:R-HSA-2033519|Reactome:R-HSA-204005|Reactome:R-HSA-209560|Reactome:R-HSA-210500|Reactome:R-HSA-210744|Reactome:R-HSA-210990|Reactome:R-HSA-210991|Reactome:R-HSA-210993|Reactome:R-HSA-2122947|Reactome:R-HSA-2122948|Reactome:R-HSA-212676|Reactome:R-HSA-2129379|Reactome:R-HSA-2132295|Reactome:R-HSA-2151201|Reactome:R-HSA-2151209|Reactome:R-HSA-216083|Reactome:R-HSA-2160916|Reactome:R-HSA-2168880|Reactome:R-HSA-2172127|Reactome:R-HSA-2173791|Reactome:R-HSA-2197563|Reactome:R-HSA-2206292|Reactome:R-HSA-2206302|Reactome:R-HSA-2214320|Reactome:R-HSA-2219530|Reactome:R-HSA-2243919|Reactome:R-HSA-2404192|Reactome:R-HSA-2424491|Reactome:R-HSA-2428928|Reactome:R-HSA-2428933|Reactome:R-HSA-2454202|Reactome:R-HSA-2559582|Reactome:R-HSA-2565942|Reactome:R-HSA-2586552|Reactome:R-HSA-2644606|Reactome:R-HSA-264642|Reactome:R-HSA-264876|Reactome:R-HSA-2672351|Reactome:R-HSA-2682334|Reactome:R-HSA-2730905|Reactome:R-HSA-2871796|Reactome:R-HSA-2871809|Reactome:R-HSA-2871837|Reactome:R-HSA-2892247|Reactome:R-HSA-2894862|Reactome:R-HSA-2979096|Reactome:R-HSA-3000157|Reactome:R-HSA-3000170|Reactome:R-HSA-3000171|Reactome:R-HSA-3000178|Reactome:R-HSA-3134963|Reactome:R-HSA-3214841|Reactome:R-HSA-3214847|Reactome:R-HSA-3322077|Reactome:R-HSA-350054|Reactome:R-HSA-354192|Reactome:R-HSA-354194|Reactome:R-HSA-3560783|Reactome:R-HSA-3560801|Reactome:R-HSA-3595172|Reactome:R-HSA-3595174|Reactome:R-HSA-3595177|Reactome:R-HSA-3656225|Reactome:R-HSA-3656237|Reactome:R-HSA-3656243|Reactome:R-HSA-3656244|Reactome:R-HSA-3656253|Reactome:R-HSA-372708|Reactome:R-HSA-373752|Reactome:R-HSA-373753|Reactome:R-HSA-373756|Reactome:R-HSA-373760|Reactome:R-HSA-375165|Reactome:R-HSA-375276|Reactome:R-HSA-376172|Reactome:R-HSA-376176|Reactome:R-HSA-3785653|Reactome:R-HSA-380259|Reactome:R-HSA-380270|Reactome:R-HSA-380284|Reactome:R-HSA-380320|Reactome:R-HSA-380972|Reactome:R-HSA-381340|Reactome:R-HSA-381426|Reactome:R-HSA-3878781|Reactome:R-HSA-388844|Reactome:R-HSA-389356|Reactome:R-HSA-389357|Reactome:R-HSA-389359|Reactome:R-HSA-389513|Reactome:R-HSA-389948|Reactome:R-HSA-390522|Reactome:R-HSA-391160|Reactome:R-HSA-3928662|Reactome:R-HSA-3928663|Reactome:R-HSA-3928664|Reactome:R-HSA-3928665|Reactome:R-HSA-399954|Reactome:R-HSA-399955|Reactome:R-HSA-399956|Reactome:R-HSA-4086398|Reactome:R-HSA-4086400|Reactome:R-HSA-416476|Reactome:R-HSA-416482|Reactome:R-HSA-416550|Reactome:R-HSA-416572|Reactome:R-HSA-416700|Reactome:R-HSA-418594|Reactome:R-HSA-418885|Reactome:R-HSA-418886|Reactome:R-HSA-418889|Reactome:R-HSA-418890|Reactome:R-HSA-418990|Reactome:R-HSA-419037|Reactome:R-HSA-420029|Reactome:R-HSA-420597|Reactome:R-HSA-428540|Reactome:R-HSA-428542|Reactome:R-HSA-428543|Reactome:R-HSA-428890|Reactome:R-HSA-430116|Reactome:R-HSA-432142|Reactome:R-HSA-432722|Reactome:R-HSA-433692|Reactome:R-HSA-437239|Reactome:R-HSA-4420097|Reactome:R-HSA-4420332|Reactome:R-HSA-445095|Reactome:R-HSA-445144|Reactome:R-HSA-445355|Reactome:R-HSA-445989|Reactome:R-HSA-446107|Reactome:R-HSA-446353|Reactome:R-HSA-447038|Reactome:R-HSA-447041|Reactome:R-HSA-447043|Reactome:R-HSA-448706|Reactome:R-HSA-449836|Reactome:R-HSA-451927|Reactome:R-HSA-4755510|Reactome:R-HSA-5083628|Reactome:R-HSA-5083629|Reactome:R-HSA-5083633|Reactome:R-HSA-5083635|Reactome:R-HSA-512988|Reactome:R-HSA-5140745|Reactome:R-HSA-5173214|Reactome:R-HSA-5218921|Reactome:R-HSA-5223345|Reactome:R-HSA-525793|Reactome:R-HSA-5576892|Reactome:R-HSA-5603029|Reactome:R-HSA-5607761|Reactome:R-HSA-5607763|Reactome:R-HSA-5607764|Reactome:R-HSA-5619070|Reactome:R-HSA-5620912|Reactome:R-HSA-5620916|Reactome:R-HSA-5621575|Reactome:R-HSA-5627123|Reactome:R-HSA-5628897|Reactome:R-HSA-5632681|Reactome:R-HSA-5635838|Reactome:R-HSA-5654219|Reactome:R-HSA-5654221|Reactome:R-HSA-5654227|Reactome:R-HSA-5654228|Reactome:R-HSA-5654687|Reactome:R-HSA-5654688|Reactome:R-HSA-5654689|Reactome:R-HSA-5654693|Reactome:R-HSA-5654695|Reactome:R-HSA-5654699|Reactome:R-HSA-5654700|Reactome:R-HSA-5654704|Reactome:R-HSA-5654706|Reactome:R-HSA-5654710|Reactome:R-HSA-5654712|Reactome:R-HSA-5654719|Reactome:R-HSA-5654720|Reactome:R-HSA-5654726|Reactome:R-HSA-5654727|Reactome:R-HSA-5654732|Reactome:R-HSA-5654733|Reactome:R-HSA-5655253|Reactome:R-HSA-5655291|Reactome:R-HSA-5655302|Reactome:R-HSA-5655332|Reactome:R-HSA-5658623|Reactome:R-HSA-5660668|Reactome:R-HSA-5673001|Reactome:R-HSA-5674135|Reactome:R-HSA-5676590|Reactome:R-HSA-5683826|Reactome:R-HSA-5684264|Reactome:R-HSA-5687128|Reactome:R-HSA-5688849|Reactome:R-HSA-5688890|Reactome:R-HSA-5689603|Reactome:R-HSA-5690714|Reactome:R-HSA-5694530|Reactome:R-HSA-6783783|Reactome:R-HSA-6785631|Reactome:R-HSA-6785807|Reactome:R-HSA-6788467|Reactome:R-HSA-6798695|Reactome:R-HSA-6802946|Reactome:R-HSA-6802948|Reactome:R-HSA-6802952|Reactome:R-HSA-6802955|Reactome:R-HSA-6804756|Reactome:R-HSA-6806942|Reactome:R-HSA-6807004|Reactome:R-HSA-6809371|Reactome:R-HSA-6811558|Reactome:R-HSA-74713|Reactome:R-HSA-74749|Reactome:R-HSA-74751|Reactome:R-HSA-74752|Reactome:R-HSA-75892|Reactome:R-HSA-76009|Reactome:R-HSA-77387|Reactome:R-HSA-844456|Reactome:R-HSA-877300|Reactome:R-HSA-877312|Reactome:R-HSA-879415|Reactome:R-HSA-8847993|Reactome:R-HSA-8849932|Reactome:R-HSA-8851680|Reactome:R-HSA-8851708|Reactome:R-HSA-8851805|Reactome:R-HSA-8851907|Reactome:R-HSA-8852405|Reactome:R-HSA-8853333|Reactome:R-HSA-8853334|Reactome:R-HSA-8853336|Reactome:R-HSA-8853383|Reactome:R-HSA-8853884|Reactome:R-HSA-8854518|Reactome:R-HSA-8854691|Reactome:R-HSA-8856825|Reactome:R-HSA-8856828|Reactome:R-HSA-8857538|Reactome:R-HSA-8863795|Reactome:R-HSA-8865999|Reactome:R-HSA-8866654|Reactome:R-HSA-8866910|Reactome:R-HSA-8874081|Reactome:R-HSA-8875360|Reactome:R-HSA-8875513|Reactome:R-HSA-8875555|Reactome:R-HSA-8875656|Reactome:R-HSA-8875791|Reactome:R-HSA-8877330|Reactome:R-HSA-8932504|Reactome:R-HSA-8932505|Reactome:R-HSA-8932506|Reactome:R-HSA-8939247|Reactome:R-HSA-8941856|Reactome:R-HSA-8948216|Reactome:R-HSA-8951664|Reactome:R-HSA-8957275|Reactome:R-HSA-8963896|Reactome:R-HSA-8964038|Reactome:R-HSA-8964046|Reactome:R-HSA-8980692|Reactome:R-HSA-8983432|Reactome:R-HSA-8983711|Reactome:R-HSA-8984722|Reactome:R-HSA-8985586|Reactome:R-HSA-8985801|Reactome:R-HSA-8985947|Reactome:R-HSA-9006335|Reactome:R-HSA-9007892|Reactome:R-HSA-9008059|Reactome:R-HSA-9009391|Reactome:R-HSA-9010553|Reactome:R-HSA-9010642|Reactome:R-HSA-9012546|Reactome:R-HSA-9013026|Reactome:R-HSA-9013106|Reactome:R-HSA-9013148|Reactome:R-HSA-9013149|Reactome:R-HSA-9013404|Reactome:R-HSA-9013405|Reactome:R-HSA-9013406|Reactome:R-HSA-9013408|Reactome:R-HSA-9013409|Reactome:R-HSA-9013420|Reactome:R-HSA-9013423|Reactome:R-HSA-9013424|Reactome:R-HSA-9013508|Reactome:R-HSA-9013695|Reactome:R-HSA-9014826|Reactome:R-HSA-9014843|Reactome:R-HSA-9020558|Reactome:R-HSA-9020591|Reactome:R-HSA-9020702|Reactome:R-HSA-9020933|Reactome:R-HSA-9020956|Reactome:R-HSA-9020958|Reactome:R-HSA-9022699|Reactome:R-HSA-9024909|Reactome:R-HSA-9025046|Reactome:R-HSA-9026357|Reactome:R-HSA-9026519|Reactome:R-HSA-9026527|Reactome:R-HSA-9027276|Reactome:R-HSA-9027277|Reactome:R-HSA-9027283|Reactome:R-HSA-9027284|Reactome:R-HSA-9028335|Reactome:R-HSA-9028731|Reactome:R-HSA-9031628|Reactome:R-HSA-9032500|Reactome:R-HSA-9032759|Reactome:R-HSA-9032845|Reactome:R-HSA-9034013|Reactome:R-HSA-9034015|Reactome:R-HSA-9034793|Reactome:R-HSA-9034864|Reactome:R-HSA-9035034|Reactome:R-HSA-909733|Reactome:R-HSA-912526|Reactome:R-HSA-912694|Reactome:R-HSA-917977|Reactome:R-HSA-933542|Reactome:R-HSA-9603381|Reactome:R-HSA-9603505|Reactome:R-HSA-9607240|Reactome:R-HSA-9609523|Reactome:R-HSA-9609690|Reactome:R-HSA-9610379|Reactome:R-HSA-9613354|Reactome:R-HSA-9615017|Reactome:R-HSA-9616222|Reactome:R-HSA-9619483|Reactome:R-HSA-9619665|Reactome:R-HSA-9620244|Reactome:R-HSA-9634597|Reactome:R-HSA-9637628|Reactome:R-HSA-9638334|Reactome:R-HSA-9638630|Reactome:R-HSA-9645135|Reactome:R-HSA-9649948|Reactome:R-HSA-9656223|Reactome:R-HSA-9660826|Reactome:R-HSA-9664323|Reactome:R-HSA-9664422|Reactome:R-HSA-9664565|Reactome:R-HSA-9664873|Reactome:R-HSA-9665686|Reactome:R-HSA-9669914|Reactome:R-HSA-9669917|Reactome:R-HSA-9669921|Reactome:R-HSA-9669924|Reactome:R-HSA-9669926|Reactome:R-HSA-9669929|Reactome:R-HSA-9669933|Reactome:R-HSA-9669934|Reactome:R-HSA-9669935|Reactome:R-HSA-9669936|Reactome:R-HSA-9670439|Reactome:R-HSA-9673767|Reactome:R-HSA-9673768|Reactome:R-HSA-9673770|Reactome:R-HSA-9674396|Reactome:R-HSA-9674401|Reactome:R-HSA-9674403|Reactome:R-HSA-9674404|Reactome:R-HSA-9674428|Reactome:R-HSA-9674555|Reactome:R-HSA-9679191|Reactome:R-HSA-9680187|Reactome:R-HSA-9680350|Reactome:R-HSA-9692916|Reactome:R-HSA-9694614|Reactome:R-HSA-9696264|Reactome:R-HSA-9696270|Reactome:R-HSA-9696273|Reactome:R-HSA-9700645|Reactome:R-HSA-9701898|Reactome:R-HSA-9702509|Reactome:R-HSA-9702518|Reactome:R-HSA-9702569|Reactome:R-HSA-9702577|Reactome:R-HSA-9702581|Reactome:R-HSA-9702590|Reactome:R-HSA-9702596|Reactome:R-HSA-9702600|Reactome:R-HSA-9702605|Reactome:R-HSA-9702614|Reactome:R-HSA-9702620|Reactome:R-HSA-9702624|Reactome:R-HSA-9702632|Reactome:R-HSA-9702636|Reactome:R-HSA-9702998|Reactome:R-HSA-9703009|Reactome:R-HSA-9703648|Reactome:R-HSA-9705462|Reactome:R-HSA-9705671|Reactome:R-HSA-9706369|Reactome:R-HSA-9706374|Reactome:R-HSA-9706377|Reactome:R-HSA-9717207|Reactome:R-HSA-9725370|Reactome:R-HSA-9725371|Reactome:R-HSA-9725554|Reactome:R-HSA-9732724|Reactome:R-HSA-9734091|Reactome:R-HSA-9749641|Reactome:R-HSA-9752946|Reactome:R-HSA-975634|Reactome:R-HSA-9758919|Reactome:R-HSA-977225|Reactome:R-HSA-9772755|Reactome:R-HSA-977443|Reactome:R-HSA-977606|Reactome:R-HSA-9793380|Reactome:R-HSA-9818749|Reactome:R-HSA-9820960|Reactome:R-HSA-9824272|Reactome:R-HSA-9824585|Reactome:R-HSA-9825892|Reactome:R-HSA-982772|Reactome:R-HSA-9830674|Reactome:R-HSA-983168|Reactome:R-HSA-983170|Reactome:R-HSA-9833109|Reactome:R-HSA-9833110|Reactome:R-HSA-983695|Reactome:R-HSA-9843940|Reactome:R-HSA-9843970|Reactome:R-HSA-9844594|Reactome:R-HSA-9851151|Reactome:R-HSA-9854909|Reactome:R-HSA-9856530|Reactome:R-HSA-9856532|Reactome:R-HSA-9856649|Reactome:R-HSA-9860927|Reactome:R-HSA-9909620|Reactome:R-HSA-9909649|Reactome:R-HSA-9913351|Reactome:R-HSA-9918481|Reactome:R-HSA-9918485|Reactome:R-HSA-9920588|Reactome:R-HSA-9925563|Reactome:R-HSA-9926550|Reactome:R-HSA-9927353|Reactome:R-HSA-9927354|Reactome:R-HSA-9927418|Reactome:R-HSA-9927426|Reactome:R-HSA-9929356|Reactome:R-HSA-9929491|Reactome:R-HSA-9931269|Reactome:R-HSA-9931295|Reactome:R-HSA-9939291|Reactome:R-HSA-9942503|Reactome:R-HSA-9953038|Reactome:R-HSA-9953080|Reactome:R-MMU-1059683|Reactome:R-MMU-109704|Reactome:R-MMU-110056|Reactome:R-MMU-112411|Reactome:R-MMU-114604|Reactome:R-MMU-114608|Reactome:R-MMU-1169091|Reactome:R-MMU-1169408|Reactome:R-MMU-1170546|Reactome:R-MMU-1227986|Reactome:R-MMU-1236394|Reactome:R-MMU-1236974|Reactome:R-MMU-1236977|Reactome:R-MMU-1236978|Reactome:R-MMU-1250196|Reactome:R-MMU-1250342|Reactome:R-MMU-1250347|Reactome:R-MMU-1257604|Reactome:R-MMU-1266695|Reactome:R-MMU-1306955|Reactome:R-MMU-1307965|Reactome:R-MMU-1358803|Reactome:R-MMU-140834|Reactome:R-MMU-140837|Reactome:R-MMU-140875|Reactome:R-MMU-1433557|Reactome:R-MMU-1433559|Reactome:R-MMU-1442490|Reactome:R-MMU-1462054|Reactome:R-MMU-1474228|Reactome:R-MMU-1566977|Reactome:R-MMU-163125|Reactome:R-MMU-1632852|Reactome:R-MMU-163680|Reactome:R-MMU-1650814|Reactome:R-MMU-1660499|Reactome:R-MMU-1660514|Reactome:R-MMU-166663|Reactome:R-MMU-166665|Reactome:R-MMU-170968|Reactome:R-MMU-170984|Reactome:R-MMU-173623|Reactome:R-MMU-173736|Reactome:R-MMU-174577|Reactome:R-MMU-177504|Reactome:R-MMU-177929|Reactome:R-MMU-1810476|Reactome:R-MMU-181429|Reactome:R-MMU-181430|Reactome:R-MMU-182971|Reactome:R-MMU-1855183|Reactome:R-MMU-1855204|Reactome:R-MMU-186763|Reactome:R-MMU-186797|Reactome:R-MMU-187042|Reactome:R-MMU-190322|Reactome:R-MMU-190370|Reactome:R-MMU-190371|Reactome:R-MMU-190372|Reactome:R-MMU-190373|Reactome:R-MMU-190374|Reactome:R-MMU-190375|Reactome:R-MMU-190377|Reactome:R-MMU-193634|Reactome:R-MMU-193648|Reactome:R-MMU-193692|Reactome:R-MMU-194306|Reactome:R-MMU-195399|Reactome:R-MMU-196108|Reactome:R-MMU-1963640|Reactome:R-MMU-1963642|Reactome:R-MMU-1971475|Reactome:R-MMU-198203|Reactome:R-MMU-198933|Reactome:R-MMU-200425|Reactome:R-MMU-2022854|Reactome:R-MMU-2022857|Reactome:R-MMU-2022870|Reactome:R-MMU-2022923|Reactome:R-MMU-2024096|Reactome:R-MMU-2024101|Reactome:R-MMU-202424|Reactome:R-MMU-202427|Reactome:R-MMU-202430|Reactome:R-MMU-202433|Reactome:R-MMU-2025928|Reactome:R-MMU-202733|Reactome:R-MMU-2029481|Reactome:R-MMU-2029482|Reactome:R-MMU-2029485|Reactome:R-MMU-204005|Reactome:R-MMU-209560|Reactome:R-MMU-210500|Reactome:R-MMU-210990|Reactome:R-MMU-210991|Reactome:R-MMU-210993|Reactome:R-MMU-2122947|Reactome:R-MMU-212676|Reactome:R-MMU-2129379|Reactome:R-MMU-2132295|Reactome:R-MMU-216083|Reactome:R-MMU-2160916|Reactome:R-MMU-2168880|Reactome:R-MMU-2172127|Reactome:R-MMU-2173791|Reactome:R-MMU-2214320|Reactome:R-MMU-2243919|Reactome:R-MMU-2404192|Reactome:R-MMU-2424491|Reactome:R-MMU-2428928|Reactome:R-MMU-2428933|Reactome:R-MMU-2454202|Reactome:R-MMU-264642|Reactome:R-MMU-264876|Reactome:R-MMU-2672351|Reactome:R-MMU-2682334|Reactome:R-MMU-2730905|Reactome:R-MMU-2871796|Reactome:R-MMU-2871809|Reactome:R-MMU-2871837|Reactome:R-MMU-3000170|Reactome:R-MMU-3000178|Reactome:R-MMU-3134963|Reactome:R-MMU-3214841|Reactome:R-MMU-3214847|Reactome:R-MMU-3322077|Reactome:R-MMU-350054|Reactome:R-MMU-354192|Reactome:R-MMU-354194|Reactome:R-MMU-372708|Reactome:R-MMU-373752|Reactome:R-MMU-373753|Reactome:R-MMU-373756|Reactome:R-MMU-373760|Reactome:R-MMU-375165|Reactome:R-MMU-375276|Reactome:R-MMU-376172|Reactome:R-MMU-376176|Reactome:R-MMU-380972|Reactome:R-MMU-381426|Reactome:R-MMU-388844|Reactome:R-MMU-389356|Reactome:R-MMU-389357|Reactome:R-MMU-389359|Reactome:R-MMU-389513|Reactome:R-MMU-389948|Reactome:R-MMU-390522|Reactome:R-MMU-391160|Reactome:R-MMU-3928662|Reactome:R-MMU-3928663|Reactome:R-MMU-3928664|Reactome:R-MMU-3928665|Reactome:R-MMU-399954|Reactome:R-MMU-399955|Reactome:R-MMU-399956|Reactome:R-MMU-4086398|Reactome:R-MMU-416476|Reactome:R-MMU-416482|Reactome:R-MMU-416550|Reactome:R-MMU-416572|Reactome:R-MMU-416700|Reactome:R-MMU-418594|Reactome:R-MMU-418885|Reactome:R-MMU-418889|Reactome:R-MMU-418990|Reactome:R-MMU-419037|Reactome:R-MMU-420029|Reactome:R-MMU-420597|Reactome:R-MMU-428890|Reactome:R-MMU-430116|Reactome:R-MMU-432142|Reactome:R-MMU-432722|Reactome:R-MMU-433692|Reactome:R-MMU-437239|Reactome:R-MMU-4420097|Reactome:R-MMU-445095|Reactome:R-MMU-445144|Reactome:R-MMU-445355|Reactome:R-MMU-445989|Reactome:R-MMU-446107|Reactome:R-MMU-446353|Reactome:R-MMU-447043|Reactome:R-MMU-448706|Reactome:R-MMU-449836|Reactome:R-MMU-4755510|Reactome:R-MMU-512988|Reactome:R-MMU-5140745|Reactome:R-MMU-5173214|Reactome:R-MMU-5218921|Reactome:R-MMU-5223345|Reactome:R-MMU-525793|Reactome:R-MMU-5607761|Reactome:R-MMU-5607763|Reactome:R-MMU-5607764|Reactome:R-MMU-5620916|Reactome:R-MMU-5621575|Reactome:R-MMU-5627123|Reactome:R-MMU-5628897|Reactome:R-MMU-5632681|Reactome:R-MMU-5635838|Reactome:R-MMU-5654219|Reactome:R-MMU-5654221|Reactome:R-MMU-5654227|Reactome:R-MMU-5654228|Reactome:R-MMU-5654687|Reactome:R-MMU-5654688|Reactome:R-MMU-5654689|Reactome:R-MMU-5654693|Reactome:R-MMU-5654695|Reactome:R-MMU-5654699|Reactome:R-MMU-5654700|Reactome:R-MMU-5654704|Reactome:R-MMU-5654706|Reactome:R-MMU-5654710|Reactome:R-MMU-5654712|Reactome:R-MMU-5654719|Reactome:R-MMU-5654720|Reactome:R-MMU-5654726|Reactome:R-MMU-5654727|Reactome:R-MMU-5654732|Reactome:R-MMU-5654733|Reactome:R-MMU-5658623|Reactome:R-MMU-5660668|Reactome:R-MMU-5673001|Reactome:R-MMU-5674135|Reactome:R-MMU-5676590|Reactome:R-MMU-5683826|Reactome:R-MMU-5684264|Reactome:R-MMU-5687128|Reactome:R-MMU-5689603|Reactome:R-MMU-5690714|Reactome:R-MMU-5694530|Reactome:R-MMU-6783783|Reactome:R-MMU-6785631|Reactome:R-MMU-6785807|Reactome:R-MMU-6788467|Reactome:R-MMU-6798695|Reactome:R-MMU-6804756|Reactome:R-MMU-6806942|Reactome:R-MMU-6807004|Reactome:R-MMU-6809371|Reactome:R-MMU-6811558|Reactome:R-MMU-74713|Reactome:R-MMU-74749|Reactome:R-MMU-74751|Reactome:R-MMU-74752|Reactome:R-MMU-75892|Reactome:R-MMU-77387|Reactome:R-MMU-877300|Reactome:R-MMU-877312|Reactome:R-MMU-879415|Reactome:R-MMU-8847993|Reactome:R-MMU-8849932|Reactome:R-MMU-8851680|Reactome:R-MMU-8851805|Reactome:R-MMU-8851907|Reactome:R-MMU-8852405|Reactome:R-MMU-8853383|Reactome:R-MMU-8854691|Reactome:R-MMU-8856825|Reactome:R-MMU-8856828|Reactome:R-MMU-8857538|Reactome:R-MMU-8863795|Reactome:R-MMU-8865999|Reactome:R-MMU-8874081|Reactome:R-MMU-8875513|Reactome:R-MMU-8875555|Reactome:R-MMU-8875656|Reactome:R-MMU-8875791|Reactome:R-MMU-8932504|Reactome:R-MMU-8932505|Reactome:R-MMU-8932506|Reactome:R-MMU-8941856|Reactome:R-MMU-8948216|Reactome:R-MMU-8957275|Reactome:R-MMU-8963896|Reactome:R-MMU-8980692|Reactome:R-MMU-8983432|Reactome:R-MMU-8984722|Reactome:R-MMU-8985586|Reactome:R-MMU-8985947|Reactome:R-MMU-9006335|Reactome:R-MMU-9007892|Reactome:R-MMU-9009391|Reactome:R-MMU-9010553|Reactome:R-MMU-9012546|Reactome:R-MMU-9013026|Reactome:R-MMU-9013106|Reactome:R-MMU-9013148|Reactome:R-MMU-9013149|Reactome:R-MMU-9013404|Reactome:R-MMU-9013406|Reactome:R-MMU-9013408|Reactome:R-MMU-9013409|Reactome:R-MMU-9013420|Reactome:R-MMU-9013423|Reactome:R-MMU-9013424|Reactome:R-MMU-9014826|Reactome:R-MMU-9014843|Reactome:R-MMU-9020558|Reactome:R-MMU-9020591|Reactome:R-MMU-9020702|Reactome:R-MMU-9020933|Reactome:R-MMU-9020956|Reactome:R-MMU-9020958|Reactome:R-MMU-9026527|Reactome:R-MMU-9027276|Reactome:R-MMU-9027284|Reactome:R-MMU-9028731|Reactome:R-MMU-9032759|Reactome:R-MMU-9034013|Reactome:R-MMU-9034793|Reactome:R-MMU-9035034|Reactome:R-MMU-909733|Reactome:R-MMU-912526|Reactome:R-MMU-912694|Reactome:R-MMU-917977|Reactome:R-MMU-933542|Reactome:R-MMU-9603381|Reactome:R-MMU-9607240|Reactome:R-MMU-9609523|Reactome:R-MMU-9634597|Reactome:R-MMU-9664873|Reactome:R-MMU-9696264|Reactome:R-MMU-9696270|Reactome:R-MMU-9696273|Reactome:R-MMU-9706369|Reactome:R-MMU-9706374|Reactome:R-MMU-9732724|Reactome:R-MMU-9734091|Reactome:R-MMU-9749641|Reactome:R-MMU-9772755|Reactome:R-MMU-977606|Reactome:R-MMU-982772|Reactome:R-MMU-983168|Reactome:R-MMU-983170|Reactome:R-MMU-983695|Reactome:R-MMU-9843940|Reactome:R-MMU-9851151|Reactome:R-MMU-9856649|Reactome:R-MMU-9860927|Reactome:R-MMU-9913351|Reactome:R-MMU-9927353|Reactome:R-MMU-9927354|Reactome:R-MMU-9929356|Reactome:R-MMU-9929491|Reactome:R-MMU-9931269|Reactome:R-MMU-9931295|Reactome:R-MMU-9939291|Reactome:R-MTU-868688|Reactome:R-RNO-1059683|Reactome:R-RNO-109704|Reactome:R-RNO-110056|Reactome:R-RNO-112411|Reactome:R-RNO-114608|Reactome:R-RNO-1169091|Reactome:R-RNO-1170546|Reactome:R-RNO-1227986|Reactome:R-RNO-1236394|Reactome:R-RNO-1236974|Reactome:R-RNO-1236977|Reactome:R-RNO-1250196|Reactome:R-RNO-1250342|Reactome:R-RNO-1250347|Reactome:R-RNO-1257604|Reactome:R-RNO-1306955|Reactome:R-RNO-1307965|Reactome:R-RNO-1358803|Reactome:R-RNO-140834|Reactome:R-RNO-140837|Reactome:R-RNO-140875|Reactome:R-RNO-1462054|Reactome:R-RNO-1474228|Reactome:R-RNO-1566977|Reactome:R-RNO-163125|Reactome:R-RNO-1632852|Reactome:R-RNO-163680|Reactome:R-RNO-1660499|Reactome:R-RNO-1660514|Reactome:R-RNO-166663|Reactome:R-RNO-166665|Reactome:R-RNO-170968|Reactome:R-RNO-170984|Reactome:R-RNO-173623|Reactome:R-RNO-173736|Reactome:R-RNO-174577|Reactome:R-RNO-177504|Reactome:R-RNO-1810476|Reactome:R-RNO-181429|Reactome:R-RNO-181430|Reactome:R-RNO-1855183|Reactome:R-RNO-1855204|Reactome:R-RNO-186763|Reactome:R-RNO-186797|Reactome:R-RNO-187042|Reactome:R-RNO-190322|Reactome:R-RNO-190370|Reactome:R-RNO-190373|Reactome:R-RNO-190374|Reactome:R-RNO-193634|Reactome:R-RNO-193648|Reactome:R-RNO-193692|Reactome:R-RNO-194306|Reactome:R-RNO-195399|Reactome:R-RNO-196108|Reactome:R-RNO-1963640|Reactome:R-RNO-1963642|Reactome:R-RNO-1971475|Reactome:R-RNO-198203|Reactome:R-RNO-198933|Reactome:R-RNO-200425|Reactome:R-RNO-2022854|Reactome:R-RNO-2022857|Reactome:R-RNO-2022870|Reactome:R-RNO-2022923|Reactome:R-RNO-2024101|Reactome:R-RNO-202424|Reactome:R-RNO-202427|Reactome:R-RNO-202430|Reactome:R-RNO-202433|Reactome:R-RNO-2025928|Reactome:R-RNO-202733|Reactome:R-RNO-2029481|Reactome:R-RNO-2029482|Reactome:R-RNO-2029485|Reactome:R-RNO-209560|Reactome:R-RNO-210500|Reactome:R-RNO-210990|Reactome:R-RNO-210991|Reactome:R-RNO-212676|Reactome:R-RNO-2129379|Reactome:R-RNO-2132295|Reactome:R-RNO-216083|Reactome:R-RNO-2160916|Reactome:R-RNO-2172127|Reactome:R-RNO-2173791|Reactome:R-RNO-2404192|Reactome:R-RNO-2424491|Reactome:R-RNO-2428928|Reactome:R-RNO-2428933|Reactome:R-RNO-2454202|Reactome:R-RNO-264642|Reactome:R-RNO-264876|Reactome:R-RNO-2682334|Reactome:R-RNO-2730905|Reactome:R-RNO-2871796|Reactome:R-RNO-2871809|Reactome:R-RNO-2871837|Reactome:R-RNO-3000170|Reactome:R-RNO-3000178|Reactome:R-RNO-3134963|Reactome:R-RNO-3214841|Reactome:R-RNO-3214847|Reactome:R-RNO-354192|Reactome:R-RNO-354194|Reactome:R-RNO-372708|Reactome:R-RNO-373752|Reactome:R-RNO-373753|Reactome:R-RNO-373760|Reactome:R-RNO-375165|Reactome:R-RNO-375276|Reactome:R-RNO-376172|Reactome:R-RNO-380972|Reactome:R-RNO-381426|Reactome:R-RNO-388844|Reactome:R-RNO-389356|Reactome:R-RNO-389357|Reactome:R-RNO-389359|Reactome:R-RNO-389948|Reactome:R-RNO-390522|Reactome:R-RNO-391160|Reactome:R-RNO-3928662|Reactome:R-RNO-3928663|Reactome:R-RNO-3928664|Reactome:R-RNO-3928665|Reactome:R-RNO-399954|Reactome:R-RNO-399955|Reactome:R-RNO-399956|Reactome:R-RNO-416476|Reactome:R-RNO-416482|Reactome:R-RNO-416550|Reactome:R-RNO-416700|Reactome:R-RNO-418594|Reactome:R-RNO-418885|Reactome:R-RNO-418889|Reactome:R-RNO-418990|Reactome:R-RNO-419037|Reactome:R-RNO-420029|Reactome:R-RNO-420597|Reactome:R-RNO-432142|Reactome:R-RNO-432722|Reactome:R-RNO-433692|Reactome:R-RNO-437239|Reactome:R-RNO-4420097|Reactome:R-RNO-445095|Reactome:R-RNO-445144|Reactome:R-RNO-445989|Reactome:R-RNO-446107|Reactome:R-RNO-446353|Reactome:R-RNO-447043|Reactome:R-RNO-448706|Reactome:R-RNO-449836|Reactome:R-RNO-5218921|Reactome:R-RNO-5223345|Reactome:R-RNO-525793|Reactome:R-RNO-5607763|Reactome:R-RNO-5607764|Reactome:R-RNO-5620916|Reactome:R-RNO-5621575|Reactome:R-RNO-5628897|Reactome:R-RNO-5632681|Reactome:R-RNO-5654219|Reactome:R-RNO-5654228|Reactome:R-RNO-5654687|Reactome:R-RNO-5654688|Reactome:R-RNO-5654689|Reactome:R-RNO-5654693|Reactome:R-RNO-5654712|Reactome:R-RNO-5654719|Reactome:R-RNO-5654720|Reactome:R-RNO-5654726|Reactome:R-RNO-5654733|Reactome:R-RNO-5658623|Reactome:R-RNO-5673001|Reactome:R-RNO-5674135|Reactome:R-RNO-5683826|Reactome:R-RNO-5684264|Reactome:R-RNO-5687128|Reactome:R-RNO-5689603|Reactome:R-RNO-6785631|Reactome:R-RNO-6785807|Reactome:R-RNO-6788467|Reactome:R-RNO-6798695|Reactome:R-RNO-6804756|Reactome:R-RNO-6806942|Reactome:R-RNO-6807004|Reactome:R-RNO-6809371|Reactome:R-RNO-6811558|Reactome:R-RNO-74713|Reactome:R-RNO-74749|Reactome:R-RNO-74751|Reactome:R-RNO-74752|Reactome:R-RNO-77387|Reactome:R-RNO-879415|Reactome:R-RNO-8847993|Reactome:R-RNO-8849932|Reactome:R-RNO-8851680|Reactome:R-RNO-8851805|Reactome:R-RNO-8851907|Reactome:R-RNO-8853383|Reactome:R-RNO-8854691|Reactome:R-RNO-8856825|Reactome:R-RNO-8856828|Reactome:R-RNO-8857538|Reactome:R-RNO-8863795|Reactome:R-RNO-8865999|Reactome:R-RNO-8874081|Reactome:R-RNO-8875513|Reactome:R-RNO-8875555|Reactome:R-RNO-8875656|Reactome:R-RNO-8875791|Reactome:R-RNO-8932505|Reactome:R-RNO-8951664|Reactome:R-RNO-8957275|Reactome:R-RNO-8963896|Reactome:R-RNO-8980692|Reactome:R-RNO-8983432|Reactome:R-RNO-8984722|Reactome:R-RNO-9006335|Reactome:R-RNO-9007892|Reactome:R-RNO-9009391|Reactome:R-RNO-9013026|Reactome:R-RNO-9013106|Reactome:R-RNO-9013148|Reactome:R-RNO-9013149|Reactome:R-RNO-9013404|Reactome:R-RNO-9013408|Reactome:R-RNO-9013409|Reactome:R-RNO-9013423|Reactome:R-RNO-9014826|Reactome:R-RNO-9014843|Reactome:R-RNO-9020558|Reactome:R-RNO-9020702|Reactome:R-RNO-9020956|Reactome:R-RNO-9026527|Reactome:R-RNO-9027276|Reactome:R-RNO-9027284|Reactome:R-RNO-9028731|Reactome:R-RNO-9032759|Reactome:R-RNO-9034013|Reactome:R-RNO-9034793|Reactome:R-RNO-9035034|Reactome:R-RNO-912526|Reactome:R-RNO-917977|Reactome:R-RNO-933542|Reactome:R-RNO-9603381|Reactome:R-RNO-9609523|Reactome:R-RNO-9634597|Reactome:R-RNO-9664873|Reactome:R-RNO-9734091|Reactome:R-RNO-9749641|Reactome:R-RNO-9772755|Reactome:R-RNO-977606|Reactome:R-RNO-982772|Reactome:R-RNO-983168|Reactome:R-RNO-983170|Reactome:R-RNO-9851151|Reactome:R-RNO-9860927|Reactome:R-RNO-9927353|Reactome:R-RNO-9927354|Reactome:R-RNO-9931269|Reactome:R-SCE-1632852|Reactome:R-SCE-163680|Reactome:R-SCE-200425|Reactome:R-SCE-3322077|Reactome:R-SCE-380972|Reactome:R-SCE-6798695|Reactome:R-SCE-8948751|Reactome:R-SCE-9013106|Reactome:R-SCE-9609523|Reactome:R-SPO-1632852|Reactome:R-SPO-163680|Reactome:R-SPO-200425|Reactome:R-SPO-380972|Reactome:R-SPO-5628897|Reactome:R-SPO-6798695|Reactome:R-SPO-9609523|Reactome:R-SPO-9664873|Reactome:R-SSC-114608|Reactome:R-SSC-1170546|Reactome:R-SSC-1236974|Reactome:R-SSC-1236977|Reactome:R-SSC-1257604|Reactome:R-SSC-1474228|Reactome:R-SSC-173623|Reactome:R-SSC-198933|Reactome:R-SSC-2022854|Reactome:R-SSC-2022857|Reactome:R-SSC-2024101|Reactome:R-SSC-202424|Reactome:R-SSC-202427|Reactome:R-SSC-202430|Reactome:R-SSC-202433|Reactome:R-SSC-202733|Reactome:R-SSC-2029481|Reactome:R-SSC-2029482|Reactome:R-SSC-2029485|Reactome:R-SSC-210990|Reactome:R-SSC-2132295|Reactome:R-SSC-216083|Reactome:R-SSC-2160916|Reactome:R-SSC-2168880|Reactome:R-SSC-2424491|Reactome:R-SSC-2454202|Reactome:R-SSC-2730905|Reactome:R-SSC-2871796|Reactome:R-SSC-2871809|Reactome:R-SSC-2871837|Reactome:R-SSC-3000178|Reactome:R-SSC-389948|Reactome:R-SSC-391160|Reactome:R-SSC-416550|Reactome:R-SSC-432142|Reactome:R-SSC-5673001|Reactome:R-SSC-5690714|Reactome:R-SSC-6798695|Reactome:R-SSC-6806942|Reactome:R-SSC-6807004|Reactome:R-SSC-6811558|Reactome:R-SSC-8851805|Reactome:R-SSC-8851907|Reactome:R-SSC-8856825|Reactome:R-SSC-8856828|Reactome:R-SSC-8865999|Reactome:R-SSC-8874081|Reactome:R-SSC-8875513|Reactome:R-SSC-8875555|Reactome:R-SSC-8875656|Reactome:R-SSC-8875791|Reactome:R-SSC-8980692|Reactome:R-SSC-9006335|Reactome:R-SSC-9013106|Reactome:R-SSC-9013404|Reactome:R-SSC-9013408|Reactome:R-SSC-9020591|Reactome:R-SSC-9020933|Reactome:R-SSC-9027276|Reactome:R-SSC-9027284|Reactome:R-SSC-9734091|Reactome:R-SSC-977606|Reactome:R-SSC-982772|Reactome:R-SSC-983170|Reactome:R-SSC-983695|Reactome:R-XTR-202433|Reactome:R-XTR-418990|Reactome:R-XTR-5654687
D_citrinum_KAN0013107	c7c30446d627893327c5deedb851b5dd	2209	CDD	cd00761	Glyco_tranf_GTA_type	550	737	7.75224E-27	T	26-08-2026	-	-	-	-
D_citrinum_KAN0013107	c7c30446d627893327c5deedb851b5dd	2209	Phobius	TRANSMEMBRANE	Region of a membrane-bound protein predicted to be embedded in the membrane.	1926	1950	-	T	26-08-2026	-	-	-	-
D_citrinum_KAN0013107	c7c30446d627893327c5deedb851b5dd	2209	SignalP_EUK	SignalP-noTM	SignalP-noTM	1	18	-	T	26-08-2026	-	-	-	-
D_citrinum_KAN0013107	c7c30446d627893327c5deedb851b5dd	2209	Gene3D	G3DSA:3.40.50.2000	Glycogen Phosphorylase B;	104	307	1.9E-8	T	26-08-2026	-	-	-	-
D_citrinum_KAN0013107	c7c30446d627893327c5deedb851b5dd	2209	Gene3D	G3DSA:2.60.220.50	-	1761	1923	3.7E-16	T	26-08-2026	IPR046338	GAIN domain superfamily	-	Reactome:R-CEL-373080|Reactome:R-CEL-6798695|Reactome:R-CEL-9619665|Reactome:R-DME-350368|Reactome:R-DME-350376|Reactome:R-DME-350379|Reactome:R-DME-350411|Reactome:R-DME-350480|Reactome:R-DME-373080|Reactome:R-DME-450728|Reactome:R-DME-6798695|Reactome:R-DME-9619665|Reactome:R-DRE-9619665|Reactome:R-HSA-373080|Reactome:R-HSA-5683826|Reactome:R-HSA-6798695|Reactome:R-HSA-9619665|Reactome:R-MMU-373080|Reactome:R-MMU-5683826|Reactome:R-MMU-6798695|Reactome:R-MMU-9619665|Reactome:R-RNO-373080|Reactome:R-RNO-5683826
D_citrinum_KAN0013107	c7c30446d627893327c5deedb851b5dd	2209	PANTHER	PTHR22916	GLYCOSYLTRANSFERASE	537	1969	2.3E-94	T	26-08-2026	-	-	-	-
D_citrinum_KAN0013107	c7c30446d627893327c5deedb851b5dd	2209	Gene3D	G3DSA:2.60.40.10	Immunoglobulins	993	1090	3.1E-9	T	26-08-2026	IPR013783	Immunoglobulin-like fold	-	Reactome:R-BTA-114608|Reactome:R-BTA-1236974|Reactome:R-BTA-1236977|Reactome:R-BTA-1257604|Reactome:R-BTA-1266695|Reactome:R-BTA-140834|Reactome:R-BTA-163125|Reactome:R-BTA-1632852|Reactome:R-BTA-1660661|Reactome:R-BTA-173736|Reactome:R-BTA-174577|Reactome:R-BTA-1971475|Reactome:R-BTA-198933|Reactome:R-BTA-2022870|Reactome:R-BTA-2022923|Reactome:R-BTA-2024101|Reactome:R-BTA-202424|Reactome:R-BTA-202427|Reactome:R-BTA-202430|Reactome:R-BTA-202433|Reactome:R-BTA-202733|Reactome:R-BTA-210993|Reactome:R-BTA-216083|Reactome:R-BTA-2173791|Reactome:R-BTA-2424491|Reactome:R-BTA-3000178|Reactome:R-BTA-350054|Reactome:R-BTA-375276|Reactome:R-BTA-380972|Reactome:R-BTA-381426|Reactome:R-BTA-388844|Reactome:R-BTA-389948|Reactome:R-BTA-418594|Reactome:R-BTA-420029|Reactome:R-BTA-445355|Reactome:R-BTA-5576892|Reactome:R-BTA-5627123|Reactome:R-BTA-5628897|Reactome:R-BTA-5673001|Reactome:R-BTA-5690714|Reactome:R-BTA-6785807|Reactome:R-BTA-6798695|Reactome:R-BTA-6804756|Reactome:R-BTA-6811558|Reactome:R-BTA-77387|Reactome:R-BTA-8849932|Reactome:R-BTA-8856825|Reactome:R-BTA-8856828|Reactome:R-BTA-8932505|Reactome:R-BTA-8941856|Reactome:R-BTA-8957275|Reactome:R-BTA-8980692|Reactome:R-BTA-8983432|Reactome:R-BTA-8985947|Reactome:R-BTA-9013106|Reactome:R-BTA-9013404|Reactome:R-BTA-9013408|Reactome:R-BTA-9020558|Reactome:R-BTA-9020958|Reactome:R-BTA-909733|Reactome:R-BTA-912526|Reactome:R-BTA-912694|Reactome:R-BTA-9609523|Reactome:R-BTA-977606|Reactome:R-BTA-983168|Reactome:R-BTA-983170|Reactome:R-BTA-983695|Reactome:R-BTA-9927354|Reactome:R-BTA-9931269|Reactome:R-CEL-1257604|Reactome:R-CEL-1433557|Reactome:R-CEL-1433559|Reactome:R-CEL-1474228|Reactome:R-CEL-186763|Reactome:R-CEL-186797|Reactome:R-CEL-190322|Reactome:R-CEL-190370|Reactome:R-CEL-190371|Reactome:R-CEL-190372|Reactome:R-CEL-190373|Reactome:R-CEL-190375|Reactome:R-CEL-190377|Reactome:R-CEL-1971475|Reactome:R-CEL-2022928|Reactome:R-CEL-2024096|Reactome:R-CEL-209968|Reactome:R-CEL-210991|Reactome:R-CEL-216083|Reactome:R-CEL-2243919|Reactome:R-CEL-264876|Reactome:R-CEL-2682334|Reactome:R-CEL-3000171|Reactome:R-CEL-3000178|Reactome:R-CEL-373752|Reactome:R-CEL-373753|Reactome:R-CEL-375165|Reactome:R-CEL-376176|Reactome:R-CEL-388844|Reactome:R-CEL-3928662|Reactome:R-CEL-3928663|Reactome:R-CEL-3928664|Reactome:R-CEL-3928665|Reactome:R-CEL-399955|Reactome:R-CEL-399956|Reactome:R-CEL-416482|Reactome:R-CEL-416572|Reactome:R-CEL-416700|Reactome:R-CEL-418885|Reactome:R-CEL-419037|Reactome:R-CEL-428542|Reactome:R-CEL-433692|Reactome:R-CEL-4420097|Reactome:R-CEL-445144|Reactome:R-CEL-447043|Reactome:R-CEL-5140745|Reactome:R-CEL-5218920|Reactome:R-CEL-525793|Reactome:R-CEL-5620916|Reactome:R-CEL-5654219|Reactome:R-CEL-5654221|Reactome:R-CEL-5654227|Reactome:R-CEL-5654228|Reactome:R-CEL-5654689|Reactome:R-CEL-5654693|Reactome:R-CEL-5654695|Reactome:R-CEL-5654699|Reactome:R-CEL-5654700|Reactome:R-CEL-5654704|Reactome:R-CEL-5654706|Reactome:R-CEL-5654710|Reactome:R-CEL-5654712|Reactome:R-CEL-5654720|Reactome:R-CEL-5654726|Reactome:R-CEL-5654727|Reactome:R-CEL-5654732|Reactome:R-CEL-5654733|Reactome:R-CEL-5673001|Reactome:R-CEL-6798695|Reactome:R-CEL-6809371|Reactome:R-CEL-6811558|Reactome:R-CEL-77387|Reactome:R-CEL-8849932|Reactome:R-CEL-8853383|Reactome:R-CEL-8863795|Reactome:R-CEL-8941413|Reactome:R-CEL-9013149|Reactome:R-CEL-9013420|Reactome:R-CEL-9013423|Reactome:R-CEL-9013424|Reactome:R-CEL-913709|Reactome:R-CEL-9607240|Reactome:R-CEL-9749641|Reactome:R-CEL-9764561|Reactome:R-CEL-9772755|Reactome:R-CEL-9913351|Reactome:R-CFA-1257604|Reactome:R-CFA-1433557|Reactome:R-CFA-1433559|Reactome:R-CFA-198933|Reactome:R-CFA-2024096|Reactome:R-CFA-2024101|Reactome:R-CFA-202424|Reactome:R-CFA-202427|Reactome:R-CFA-202430|Reactome:R-CFA-202433|Reactome:R-CFA-216083|Reactome:R-CFA-389948|Reactome:R-CFA-5673001|Reactome:R-CFA-5690714|Reactome:R-CFA-6785807|Reactome:R-CFA-6788467|Reactome:R-CFA-6811558|Reactome:R-CFA-8932504|Reactome:R-CFA-8932505|Reactome:R-CFA-8932506|Reactome:R-CFA-9010553|Reactome:R-CFA-983170|Reactome:R-CFA-983695|Reactome:R-CFA-9856649|Reactome:R-CFA-9913351|Reactome:R-CFA-9927354|Reactome:R-CFA-9939291|Reactome:R-DDI-3295583|Reactome:R-DDI-5213460|Reactome:R-DDI-5673000|Reactome:R-DDI-5674135|Reactome:R-DDI-5675221|Reactome:R-DDI-5675482|Reactome:R-DME-109704|Reactome:R-DME-110478|Reactome:R-DME-114608|Reactome:R-DME-1169091|Reactome:R-DME-1227986|Reactome:R-DME-1236394|Reactome:R-DME-1250196|Reactome:R-DME-1250342|Reactome:R-DME-1250347|Reactome:R-DME-1257604|Reactome:R-DME-1307965|Reactome:R-DME-1358803|Reactome:R-DME-1474228|Reactome:R-DME-1810476|Reactome:R-DME-190322|Reactome:R-DME-190370|Reactome:R-DME-190371|Reactome:R-DME-190372|Reactome:R-DME-190373|Reactome:R-DME-190374|Reactome:R-DME-190375|Reactome:R-DME-190377|Reactome:R-DME-1963640|Reactome:R-DME-1963642|Reactome:R-DME-1971475|Reactome:R-DME-2022928|Reactome:R-DME-2024096|Reactome:R-DME-2024101|Reactome:R-DME-202424|Reactome:R-DME-202733|Reactome:R-DME-209209|Reactome:R-DME-209228|Reactome:R-DME-209338|Reactome:R-DME-209394|Reactome:R-DME-209400|Reactome:R-DME-209406|Reactome:R-DME-209560|Reactome:R-DME-209968|Reactome:R-DME-210688|Reactome:R-DME-210991|Reactome:R-DME-214399|Reactome:R-DME-214411|Reactome:R-DME-214416|Reactome:R-DME-214842|Reactome:R-DME-214844|Reactome:R-DME-214869|Reactome:R-DME-216083|Reactome:R-DME-264876|Reactome:R-DME-2871837|Reactome:R-DME-3000171|Reactome:R-DME-3000178|Reactome:R-DME-3134963|Reactome:R-DME-3214847|Reactome:R-DME-350054|Reactome:R-DME-373080|Reactome:R-DME-373752|Reactome:R-DME-373753|Reactome:R-DME-375165|Reactome:R-DME-376172|Reactome:R-DME-388844|Reactome:R-DME-416482|Reactome:R-DME-416572|Reactome:R-DME-416700|Reactome:R-DME-418990|Reactome:R-DME-419037|Reactome:R-DME-420597|Reactome:R-DME-428542|Reactome:R-DME-433692|Reactome:R-DME-445144|Reactome:R-DME-445989|Reactome:R-DME-446353|Reactome:R-DME-447043|Reactome:R-DME-4755510|Reactome:R-DME-5607761|Reactome:R-DME-5607764|Reactome:R-DME-5620916|Reactome:R-DME-5621575|Reactome:R-DME-5627123|Reactome:R-DME-5654219|Reactome:R-DME-5654221|Reactome:R-DME-5654227|Reactome:R-DME-5654228|Reactome:R-DME-5654687|Reactome:R-DME-5654688|Reactome:R-DME-5654689|Reactome:R-DME-5654693|Reactome:R-DME-5654695|Reactome:R-DME-5654699|Reactome:R-DME-5654700|Reactome:R-DME-5654704|Reactome:R-DME-5654706|Reactome:R-DME-5654710|Reactome:R-DME-5654712|Reactome:R-DME-5654719|Reactome:R-DME-5654720|Reactome:R-DME-5654726|Reactome:R-DME-5654727|Reactome:R-DME-5654732|Reactome:R-DME-5654733|Reactome:R-DME-5658623|Reactome:R-DME-5673001|Reactome:R-DME-5676590|Reactome:R-DME-5689603|Reactome:R-DME-6785631|Reactome:R-DME-6798695|Reactome:R-DME-6807878|Reactome:R-DME-6811558|Reactome:R-DME-77387|Reactome:R-DME-8849932|Reactome:R-DME-8863795|Reactome:R-DME-8941413|Reactome:R-DME-9009391|Reactome:R-DME-9020702|Reactome:R-DME-913709|Reactome:R-DME-933542|Reactome:R-DME-9749641|Reactome:R-DME-977068|Reactome:R-DME-9772755|Reactome:R-DME-983168|Reactome:R-DME-9860927|Reactome:R-DME-9913351|Reactome:R-DRE-109704|Reactome:R-DRE-1257604|Reactome:R-DRE-1300645|Reactome:R-DRE-1307965|Reactome:R-DRE-1433557|Reactome:R-DRE-1433559|Reactome:R-DRE-186763|Reactome:R-DRE-186797|Reactome:R-DRE-190322|Reactome:R-DRE-190370|Reactome:R-DRE-190371|Reactome:R-DRE-190372|Reactome:R-DRE-190373|Reactome:R-DRE-190374|Reactome:R-DRE-190375|Reactome:R-DRE-190377|Reactome:R-DRE-193648|Reactome:R-DRE-194306|Reactome:R-DRE-195399|Reactome:R-DRE-198933|Reactome:R-DRE-202733|Reactome:R-DRE-210993|Reactome:R-DRE-2132295|Reactome:R-DRE-216083|Reactome:R-DRE-2682334|Reactome:R-DRE-3214841|Reactome:R-DRE-381426|Reactome:R-DRE-388844|Reactome:R-DRE-3928662|Reactome:R-DRE-3928663|Reactome:R-DRE-3928664|Reactome:R-DRE-3928665|Reactome:R-DRE-399954|Reactome:R-DRE-399956|Reactome:R-DRE-416476|Reactome:R-DRE-416482|Reactome:R-DRE-416550|Reactome:R-DRE-416572|Reactome:R-DRE-418990|Reactome:R-DRE-420597|Reactome:R-DRE-4420097|Reactome:R-DRE-449836|Reactome:R-DRE-5218921|Reactome:R-DRE-5654219|Reactome:R-DRE-5654221|Reactome:R-DRE-5654227|Reactome:R-DRE-5654228|Reactome:R-DRE-5654687|Reactome:R-DRE-5654688|Reactome:R-DRE-5654689|Reactome:R-DRE-5654693|Reactome:R-DRE-5654695|Reactome:R-DRE-5654699|Reactome:R-DRE-5654700|Reactome:R-DRE-5654704|Reactome:R-DRE-5654706|Reactome:R-DRE-5654710|Reactome:R-DRE-5654712|Reactome:R-DRE-5654719|Reactome:R-DRE-5654720|Reactome:R-DRE-5654726|Reactome:R-DRE-5654727|Reactome:R-DRE-5654732|Reactome:R-DRE-5654733|Reactome:R-DRE-5673001|Reactome:R-DRE-6811558|Reactome:R-DRE-8849932|Reactome:R-DRE-8932505|Reactome:R-DRE-8957275|Reactome:R-DRE-8980692|Reactome:R-DRE-9007892|Reactome:R-DRE-9013148|Reactome:R-DRE-9013149|Reactome:R-DRE-9013404|Reactome:R-DRE-9013408|Reactome:R-DRE-9013409|Reactome:R-DRE-9013423|Reactome:R-DRE-983168|Reactome:R-DRE-9843940|Reactome:R-DRE-9843970|Reactome:R-DRE-9856649|Reactome:R-GGA-114608|Reactome:R-GGA-1227892|Reactome:R-GGA-1227986|Reactome:R-GGA-1236394|Reactome:R-GGA-1236974|Reactome:R-GGA-1236977|Reactome:R-GGA-1250196|Reactome:R-GGA-1250342|Reactome:R-GGA-1250347|Reactome:R-GGA-1257604|Reactome:R-GGA-1306955|Reactome:R-GGA-1358803|Reactome:R-GGA-1433557|Reactome:R-GGA-1433559|Reactome:R-GGA-1474228|Reactome:R-GGA-1566977|Reactome:R-GGA-163125|Reactome:R-GGA-190373|Reactome:R-GGA-193634|Reactome:R-GGA-1963640|Reactome:R-GGA-1963642|Reactome:R-GGA-198933|Reactome:R-GGA-202733|Reactome:R-GGA-210991|Reactome:R-GGA-2129379|Reactome:R-GGA-2132263|Reactome:R-GGA-2132286|Reactome:R-GGA-216083|Reactome:R-GGA-3000170|Reactome:R-GGA-3000178|Reactome:R-GGA-3214841|Reactome:R-GGA-354192|Reactome:R-GGA-354194|Reactome:R-GGA-372708|Reactome:R-GGA-373920|Reactome:R-GGA-381426|Reactome:R-GGA-388844|Reactome:R-GGA-433692|Reactome:R-GGA-434001|Reactome:R-GGA-434131|Reactome:R-GGA-449836|Reactome:R-GGA-5654726|Reactome:R-GGA-5673001|Reactome:R-GGA-5674135|Reactome:R-GGA-6785631|Reactome:R-GGA-6798695|Reactome:R-GGA-6811558|Reactome:R-GGA-8854691|Reactome:R-GGA-8863795|Reactome:R-GGA-8932505|Reactome:R-GGA-8957275|Reactome:R-GGA-9634597|Reactome:R-GGA-9749641|Reactome:R-GGA-983170|Reactome:R-GGA-9843940|Reactome:R-GGA-9843970|Reactome:R-GGA-9856649|Reactome:R-GGA-9860927|Reactome:R-HSA-1059683|Reactome:R-HSA-109704|Reactome:R-HSA-110056|Reactome:R-HSA-112411|Reactome:R-HSA-114604|Reactome:R-HSA-114608|Reactome:R-HSA-1169091|Reactome:R-HSA-1169408|Reactome:R-HSA-1170546|Reactome:R-HSA-1227986|Reactome:R-HSA-1236394|Reactome:R-HSA-1236974|Reactome:R-HSA-1236977|Reactome:R-HSA-1236978|Reactome:R-HSA-1250196|Reactome:R-HSA-1250342|Reactome:R-HSA-1250347|Reactome:R-HSA-1251985|Reactome:R-HSA-1257604|Reactome:R-HSA-1266695|Reactome:R-HSA-1300645|Reactome:R-HSA-1306955|Reactome:R-HSA-1307965|Reactome:R-HSA-1358803|Reactome:R-HSA-140834|Reactome:R-HSA-140837|Reactome:R-HSA-140875|Reactome:R-HSA-1433557|Reactome:R-HSA-1433559|Reactome:R-HSA-1442490|Reactome:R-HSA-1445148|Reactome:R-HSA-1462054|Reactome:R-HSA-1474228|Reactome:R-HSA-1483115|Reactome:R-HSA-1483152|Reactome:R-HSA-1566977|Reactome:R-HSA-163125|Reactome:R-HSA-1632852|Reactome:R-HSA-163680|Reactome:R-HSA-164939|Reactome:R-HSA-164940|Reactome:R-HSA-1650814|Reactome:R-HSA-1660499|Reactome:R-HSA-1660514|Reactome:R-HSA-166058|Reactome:R-HSA-1660661|Reactome:R-HSA-166663|Reactome:R-HSA-166665|Reactome:R-HSA-167021|Reactome:R-HSA-167044|Reactome:R-HSA-167590|Reactome:R-HSA-170968|Reactome:R-HSA-170984|Reactome:R-HSA-173107|Reactome:R-HSA-173623|Reactome:R-HSA-173736|Reactome:R-HSA-174577|Reactome:R-HSA-177504|Reactome:R-HSA-177929|Reactome:R-HSA-180534|Reactome:R-HSA-1810476|Reactome:R-HSA-181429|Reactome:R-HSA-181430|Reactome:R-HSA-182218|Reactome:R-HSA-182971|Reactome:R-HSA-1839120|Reactome:R-HSA-1839122|Reactome:R-HSA-1839128|Reactome:R-HSA-1839130|Reactome:R-HSA-1855183|Reactome:R-HSA-1855204|Reactome:R-HSA-186763|Reactome:R-HSA-186797|Reactome:R-HSA-187024|Reactome:R-HSA-187042|Reactome:R-HSA-187706|Reactome:R-HSA-190322|Reactome:R-HSA-190370|Reactome:R-HSA-190371|Reactome:R-HSA-190372|Reactome:R-HSA-190373|Reactome:R-HSA-190374|Reactome:R-HSA-190375|Reactome:R-HSA-190377|Reactome:R-HSA-1912408|Reactome:R-HSA-193634|Reactome:R-HSA-193648|Reactome:R-HSA-193692|Reactome:R-HSA-194306|Reactome:R-HSA-195399|Reactome:R-HSA-196108|Reactome:R-HSA-1963640|Reactome:R-HSA-1963642|Reactome:R-HSA-1971475|Reactome:R-HSA-198203|Reactome:R-HSA-198745|Reactome:R-HSA-198933|Reactome:R-HSA-200425|Reactome:R-HSA-2022090|Reactome:R-HSA-2022854|Reactome:R-HSA-2022857|Reactome:R-HSA-2022870|Reactome:R-HSA-2022923|Reactome:R-HSA-2022928|Reactome:R-HSA-2023837|Reactome:R-HSA-2024096|Reactome:R-HSA-2024101|Reactome:R-HSA-202424|Reactome:R-HSA-202427|Reactome:R-HSA-202430|Reactome:R-HSA-202433|Reactome:R-HSA-2025928|Reactome:R-HSA-202733|Reactome:R-HSA-2029481|Reactome:R-HSA-2029482|Reactome:R-HSA-2029485|Reactome:R-HSA-2033515|Reactome:R-HSA-2033519|Reactome:R-HSA-204005|Reactome:R-HSA-209560|Reactome:R-HSA-210500|Reactome:R-HSA-210744|Reactome:R-HSA-210990|Reactome:R-HSA-210991|Reactome:R-HSA-210993|Reactome:R-HSA-2122947|Reactome:R-HSA-2122948|Reactome:R-HSA-212676|Reactome:R-HSA-2129379|Reactome:R-HSA-2132295|Reactome:R-HSA-2151201|Reactome:R-HSA-2151209|Reactome:R-HSA-216083|Reactome:R-HSA-2160916|Reactome:R-HSA-2168880|Reactome:R-HSA-2172127|Reactome:R-HSA-2173791|Reactome:R-HSA-2197563|Reactome:R-HSA-2206292|Reactome:R-HSA-2206302|Reactome:R-HSA-2214320|Reactome:R-HSA-2219530|Reactome:R-HSA-2243919|Reactome:R-HSA-2404192|Reactome:R-HSA-2424491|Reactome:R-HSA-2428928|Reactome:R-HSA-2428933|Reactome:R-HSA-2454202|Reactome:R-HSA-2559582|Reactome:R-HSA-2565942|Reactome:R-HSA-2586552|Reactome:R-HSA-2644606|Reactome:R-HSA-264642|Reactome:R-HSA-264876|Reactome:R-HSA-2672351|Reactome:R-HSA-2682334|Reactome:R-HSA-2730905|Reactome:R-HSA-2871796|Reactome:R-HSA-2871809|Reactome:R-HSA-2871837|Reactome:R-HSA-2892247|Reactome:R-HSA-2894862|Reactome:R-HSA-2979096|Reactome:R-HSA-3000157|Reactome:R-HSA-3000170|Reactome:R-HSA-3000171|Reactome:R-HSA-3000178|Reactome:R-HSA-3134963|Reactome:R-HSA-3214841|Reactome:R-HSA-3214847|Reactome:R-HSA-3322077|Reactome:R-HSA-350054|Reactome:R-HSA-354192|Reactome:R-HSA-354194|Reactome:R-HSA-3560783|Reactome:R-HSA-3560801|Reactome:R-HSA-3595172|Reactome:R-HSA-3595174|Reactome:R-HSA-3595177|Reactome:R-HSA-3656225|Reactome:R-HSA-3656237|Reactome:R-HSA-3656243|Reactome:R-HSA-3656244|Reactome:R-HSA-3656253|Reactome:R-HSA-372708|Reactome:R-HSA-373752|Reactome:R-HSA-373753|Reactome:R-HSA-373756|Reactome:R-HSA-373760|Reactome:R-HSA-375165|Reactome:R-HSA-375276|Reactome:R-HSA-376172|Reactome:R-HSA-376176|Reactome:R-HSA-3785653|Reactome:R-HSA-380259|Reactome:R-HSA-380270|Reactome:R-HSA-380284|Reactome:R-HSA-380320|Reactome:R-HSA-380972|Reactome:R-HSA-381340|Reactome:R-HSA-381426|Reactome:R-HSA-3878781|Reactome:R-HSA-388844|Reactome:R-HSA-389356|Reactome:R-HSA-389357|Reactome:R-HSA-389359|Reactome:R-HSA-389513|Reactome:R-HSA-389948|Reactome:R-HSA-390522|Reactome:R-HSA-391160|Reactome:R-HSA-3928662|Reactome:R-HSA-3928663|Reactome:R-HSA-3928664|Reactome:R-HSA-3928665|Reactome:R-HSA-399954|Reactome:R-HSA-399955|Reactome:R-HSA-399956|Reactome:R-HSA-4086398|Reactome:R-HSA-4086400|Reactome:R-HSA-416476|Reactome:R-HSA-416482|Reactome:R-HSA-416550|Reactome:R-HSA-416572|Reactome:R-HSA-416700|Reactome:R-HSA-418594|Reactome:R-HSA-418885|Reactome:R-HSA-418886|Reactome:R-HSA-418889|Reactome:R-HSA-418890|Reactome:R-HSA-418990|Reactome:R-HSA-419037|Reactome:R-HSA-420029|Reactome:R-HSA-420597|Reactome:R-HSA-428540|Reactome:R-HSA-428542|Reactome:R-HSA-428543|Reactome:R-HSA-428890|Reactome:R-HSA-430116|Reactome:R-HSA-432142|Reactome:R-HSA-432722|Reactome:R-HSA-433692|Reactome:R-HSA-437239|Reactome:R-HSA-4420097|Reactome:R-HSA-4420332|Reactome:R-HSA-445095|Reactome:R-HSA-445144|Reactome:R-HSA-445355|Reactome:R-HSA-445989|Reactome:R-HSA-446107|Reactome:R-HSA-446353|Reactome:R-HSA-447038|Reactome:R-HSA-447041|Reactome:R-HSA-447043|Reactome:R-HSA-448706|Reactome:R-HSA-449836|Reactome:R-HSA-451927|Reactome:R-HSA-4755510|Reactome:R-HSA-5083628|Reactome:R-HSA-5083629|Reactome:R-HSA-5083633|Reactome:R-HSA-5083635|Reactome:R-HSA-512988|Reactome:R-HSA-5140745|Reactome:R-HSA-5173214|Reactome:R-HSA-5218921|Reactome:R-HSA-5223345|Reactome:R-HSA-525793|Reactome:R-HSA-5576892|Reactome:R-HSA-5603029|Reactome:R-HSA-5607761|Reactome:R-HSA-5607763|Reactome:R-HSA-5607764|Reactome:R-HSA-5619070|Reactome:R-HSA-5620912|Reactome:R-HSA-5620916|Reactome:R-HSA-5621575|Reactome:R-HSA-5627123|Reactome:R-HSA-5628897|Reactome:R-HSA-5632681|Reactome:R-HSA-5635838|Reactome:R-HSA-5654219|Reactome:R-HSA-5654221|Reactome:R-HSA-5654227|Reactome:R-HSA-5654228|Reactome:R-HSA-5654687|Reactome:R-HSA-5654688|Reactome:R-HSA-5654689|Reactome:R-HSA-5654693|Reactome:R-HSA-5654695|Reactome:R-HSA-5654699|Reactome:R-HSA-5654700|Reactome:R-HSA-5654704|Reactome:R-HSA-5654706|Reactome:R-HSA-5654710|Reactome:R-HSA-5654712|Reactome:R-HSA-5654719|Reactome:R-HSA-5654720|Reactome:R-HSA-5654726|Reactome:R-HSA-5654727|Reactome:R-HSA-5654732|Reactome:R-HSA-5654733|Reactome:R-HSA-5655253|Reactome:R-HSA-5655291|Reactome:R-HSA-5655302|Reactome:R-HSA-5655332|Reactome:R-HSA-5658623|Reactome:R-HSA-5660668|Reactome:R-HSA-5673001|Reactome:R-HSA-5674135|Reactome:R-HSA-5676590|Reactome:R-HSA-5683826|Reactome:R-HSA-5684264|Reactome:R-HSA-5687128|Reactome:R-HSA-5688849|Reactome:R-HSA-5688890|Reactome:R-HSA-5689603|Reactome:R-HSA-5690714|Reactome:R-HSA-5694530|Reactome:R-HSA-6783783|Reactome:R-HSA-6785631|Reactome:R-HSA-6785807|Reactome:R-HSA-6788467|Reactome:R-HSA-6798695|Reactome:R-HSA-6802946|Reactome:R-HSA-6802948|Reactome:R-HSA-6802952|Reactome:R-HSA-6802955|Reactome:R-HSA-6804756|Reactome:R-HSA-6806942|Reactome:R-HSA-6807004|Reactome:R-HSA-6809371|Reactome:R-HSA-6811558|Reactome:R-HSA-74713|Reactome:R-HSA-74749|Reactome:R-HSA-74751|Reactome:R-HSA-74752|Reactome:R-HSA-75892|Reactome:R-HSA-76009|Reactome:R-HSA-77387|Reactome:R-HSA-844456|Reactome:R-HSA-877300|Reactome:R-HSA-877312|Reactome:R-HSA-879415|Reactome:R-HSA-8847993|Reactome:R-HSA-8849932|Reactome:R-HSA-8851680|Reactome:R-HSA-8851708|Reactome:R-HSA-8851805|Reactome:R-HSA-8851907|Reactome:R-HSA-8852405|Reactome:R-HSA-8853333|Reactome:R-HSA-8853334|Reactome:R-HSA-8853336|Reactome:R-HSA-8853383|Reactome:R-HSA-8853884|Reactome:R-HSA-8854518|Reactome:R-HSA-8854691|Reactome:R-HSA-8856825|Reactome:R-HSA-8856828|Reactome:R-HSA-8857538|Reactome:R-HSA-8863795|Reactome:R-HSA-8865999|Reactome:R-HSA-8866654|Reactome:R-HSA-8866910|Reactome:R-HSA-8874081|Reactome:R-HSA-8875360|Reactome:R-HSA-8875513|Reactome:R-HSA-8875555|Reactome:R-HSA-8875656|Reactome:R-HSA-8875791|Reactome:R-HSA-8877330|Reactome:R-HSA-8932504|Reactome:R-HSA-8932505|Reactome:R-HSA-8932506|Reactome:R-HSA-8939247|Reactome:R-HSA-8941856|Reactome:R-HSA-8948216|Reactome:R-HSA-8951664|Reactome:R-HSA-8957275|Reactome:R-HSA-8963896|Reactome:R-HSA-8964038|Reactome:R-HSA-8964046|Reactome:R-HSA-8980692|Reactome:R-HSA-8983432|Reactome:R-HSA-8983711|Reactome:R-HSA-8984722|Reactome:R-HSA-8985586|Reactome:R-HSA-8985801|Reactome:R-HSA-8985947|Reactome:R-HSA-9006335|Reactome:R-HSA-9007892|Reactome:R-HSA-9008059|Reactome:R-HSA-9009391|Reactome:R-HSA-9010553|Reactome:R-HSA-9010642|Reactome:R-HSA-9012546|Reactome:R-HSA-9013026|Reactome:R-HSA-9013106|Reactome:R-HSA-9013148|Reactome:R-HSA-9013149|Reactome:R-HSA-9013404|Reactome:R-HSA-9013405|Reactome:R-HSA-9013406|Reactome:R-HSA-9013408|Reactome:R-HSA-9013409|Reactome:R-HSA-9013420|Reactome:R-HSA-9013423|Reactome:R-HSA-9013424|Reactome:R-HSA-9013508|Reactome:R-HSA-9013695|Reactome:R-HSA-9014826|Reactome:R-HSA-9014843|Reactome:R-HSA-9020558|Reactome:R-HSA-9020591|Reactome:R-HSA-9020702|Reactome:R-HSA-9020933|Reactome:R-HSA-9020956|Reactome:R-HSA-9020958|Reactome:R-HSA-9022699|Reactome:R-HSA-9024909|Reactome:R-HSA-9025046|Reactome:R-HSA-9026357|Reactome:R-HSA-9026519|Reactome:R-HSA-9026527|Reactome:R-HSA-9027276|Reactome:R-HSA-9027277|Reactome:R-HSA-9027283|Reactome:R-HSA-9027284|Reactome:R-HSA-9028335|Reactome:R-HSA-9028731|Reactome:R-HSA-9031628|Reactome:R-HSA-9032500|Reactome:R-HSA-9032759|Reactome:R-HSA-9032845|Reactome:R-HSA-9034013|Reactome:R-HSA-9034015|Reactome:R-HSA-9034793|Reactome:R-HSA-9034864|Reactome:R-HSA-9035034|Reactome:R-HSA-909733|Reactome:R-HSA-912526|Reactome:R-HSA-912694|Reactome:R-HSA-917977|Reactome:R-HSA-933542|Reactome:R-HSA-9603381|Reactome:R-HSA-9603505|Reactome:R-HSA-9607240|Reactome:R-HSA-9609523|Reactome:R-HSA-9609690|Reactome:R-HSA-9610379|Reactome:R-HSA-9613354|Reactome:R-HSA-9615017|Reactome:R-HSA-9616222|Reactome:R-HSA-9619483|Reactome:R-HSA-9619665|Reactome:R-HSA-9620244|Reactome:R-HSA-9634597|Reactome:R-HSA-9637628|Reactome:R-HSA-9638334|Reactome:R-HSA-9638630|Reactome:R-HSA-9645135|Reactome:R-HSA-9649948|Reactome:R-HSA-9656223|Reactome:R-HSA-9660826|Reactome:R-HSA-9664323|Reactome:R-HSA-9664422|Reactome:R-HSA-9664565|Reactome:R-HSA-9664873|Reactome:R-HSA-9665686|Reactome:R-HSA-9669914|Reactome:R-HSA-9669917|Reactome:R-HSA-9669921|Reactome:R-HSA-9669924|Reactome:R-HSA-9669926|Reactome:R-HSA-9669929|Reactome:R-HSA-9669933|Reactome:R-HSA-9669934|Reactome:R-HSA-9669935|Reactome:R-HSA-9669936|Reactome:R-HSA-9670439|Reactome:R-HSA-9673767|Reactome:R-HSA-9673768|Reactome:R-HSA-9673770|Reactome:R-HSA-9674396|Reactome:R-HSA-9674401|Reactome:R-HSA-9674403|Reactome:R-HSA-9674404|Reactome:R-HSA-9674428|Reactome:R-HSA-9674555|Reactome:R-HSA-9679191|Reactome:R-HSA-9680187|Reactome:R-HSA-9680350|Reactome:R-HSA-9692916|Reactome:R-HSA-9694614|Reactome:R-HSA-9696264|Reactome:R-HSA-9696270|Reactome:R-HSA-9696273|Reactome:R-HSA-9700645|Reactome:R-HSA-9701898|Reactome:R-HSA-9702509|Reactome:R-HSA-9702518|Reactome:R-HSA-9702569|Reactome:R-HSA-9702577|Reactome:R-HSA-9702581|Reactome:R-HSA-9702590|Reactome:R-HSA-9702596|Reactome:R-HSA-9702600|Reactome:R-HSA-9702605|Reactome:R-HSA-9702614|Reactome:R-HSA-9702620|Reactome:R-HSA-9702624|Reactome:R-HSA-9702632|Reactome:R-HSA-9702636|Reactome:R-HSA-9702998|Reactome:R-HSA-9703009|Reactome:R-HSA-9703648|Reactome:R-HSA-9705462|Reactome:R-HSA-9705671|Reactome:R-HSA-9706369|Reactome:R-HSA-9706374|Reactome:R-HSA-9706377|Reactome:R-HSA-9717207|Reactome:R-HSA-9725370|Reactome:R-HSA-9725371|Reactome:R-HSA-9725554|Reactome:R-HSA-9732724|Reactome:R-HSA-9734091|Reactome:R-HSA-9749641|Reactome:R-HSA-9752946|Reactome:R-HSA-975634|Reactome:R-HSA-9758919|Reactome:R-HSA-977225|Reactome:R-HSA-9772755|Reactome:R-HSA-977443|Reactome:R-HSA-977606|Reactome:R-HSA-9793380|Reactome:R-HSA-9818749|Reactome:R-HSA-9820960|Reactome:R-HSA-9824272|Reactome:R-HSA-9824585|Reactome:R-HSA-9825892|Reactome:R-HSA-982772|Reactome:R-HSA-9830674|Reactome:R-HSA-983168|Reactome:R-HSA-983170|Reactome:R-HSA-9833109|Reactome:R-HSA-9833110|Reactome:R-HSA-983695|Reactome:R-HSA-9843940|Reactome:R-HSA-9843970|Reactome:R-HSA-9844594|Reactome:R-HSA-9851151|Reactome:R-HSA-9854909|Reactome:R-HSA-9856530|Reactome:R-HSA-9856532|Reactome:R-HSA-9856649|Reactome:R-HSA-9860927|Reactome:R-HSA-9909620|Reactome:R-HSA-9909649|Reactome:R-HSA-9913351|Reactome:R-HSA-9918481|Reactome:R-HSA-9918485|Reactome:R-HSA-9920588|Reactome:R-HSA-9925563|Reactome:R-HSA-9926550|Reactome:R-HSA-9927353|Reactome:R-HSA-9927354|Reactome:R-HSA-9927418|Reactome:R-HSA-9927426|Reactome:R-HSA-9929356|Reactome:R-HSA-9929491|Reactome:R-HSA-9931269|Reactome:R-HSA-9931295|Reactome:R-HSA-9939291|Reactome:R-HSA-9942503|Reactome:R-HSA-9953038|Reactome:R-HSA-9953080|Reactome:R-MMU-1059683|Reactome:R-MMU-109704|Reactome:R-MMU-110056|Reactome:R-MMU-112411|Reactome:R-MMU-114604|Reactome:R-MMU-114608|Reactome:R-MMU-1169091|Reactome:R-MMU-1169408|Reactome:R-MMU-1170546|Reactome:R-MMU-1227986|Reactome:R-MMU-1236394|Reactome:R-MMU-1236974|Reactome:R-MMU-1236977|Reactome:R-MMU-1236978|Reactome:R-MMU-1250196|Reactome:R-MMU-1250342|Reactome:R-MMU-1250347|Reactome:R-MMU-1257604|Reactome:R-MMU-1266695|Reactome:R-MMU-1306955|Reactome:R-MMU-1307965|Reactome:R-MMU-1358803|Reactome:R-MMU-140834|Reactome:R-MMU-140837|Reactome:R-MMU-140875|Reactome:R-MMU-1433557|Reactome:R-MMU-1433559|Reactome:R-MMU-1442490|Reactome:R-MMU-1462054|Reactome:R-MMU-1474228|Reactome:R-MMU-1566977|Reactome:R-MMU-163125|Reactome:R-MMU-1632852|Reactome:R-MMU-163680|Reactome:R-MMU-1650814|Reactome:R-MMU-1660499|Reactome:R-MMU-1660514|Reactome:R-MMU-166663|Reactome:R-MMU-166665|Reactome:R-MMU-170968|Reactome:R-MMU-170984|Reactome:R-MMU-173623|Reactome:R-MMU-173736|Reactome:R-MMU-174577|Reactome:R-MMU-177504|Reactome:R-MMU-177929|Reactome:R-MMU-1810476|Reactome:R-MMU-181429|Reactome:R-MMU-181430|Reactome:R-MMU-182971|Reactome:R-MMU-1855183|Reactome:R-MMU-1855204|Reactome:R-MMU-186763|Reactome:R-MMU-186797|Reactome:R-MMU-187042|Reactome:R-MMU-190322|Reactome:R-MMU-190370|Reactome:R-MMU-190371|Reactome:R-MMU-190372|Reactome:R-MMU-190373|Reactome:R-MMU-190374|Reactome:R-MMU-190375|Reactome:R-MMU-190377|Reactome:R-MMU-193634|Reactome:R-MMU-193648|Reactome:R-MMU-193692|Reactome:R-MMU-194306|Reactome:R-MMU-195399|Reactome:R-MMU-196108|Reactome:R-MMU-1963640|Reactome:R-MMU-1963642|Reactome:R-MMU-1971475|Reactome:R-MMU-198203|Reactome:R-MMU-198933|Reactome:R-MMU-200425|Reactome:R-MMU-2022854|Reactome:R-MMU-2022857|Reactome:R-MMU-2022870|Reactome:R-MMU-2022923|Reactome:R-MMU-2024096|Reactome:R-MMU-2024101|Reactome:R-MMU-202424|Reactome:R-MMU-202427|Reactome:R-MMU-202430|Reactome:R-MMU-202433|Reactome:R-MMU-2025928|Reactome:R-MMU-202733|Reactome:R-MMU-2029481|Reactome:R-MMU-2029482|Reactome:R-MMU-2029485|Reactome:R-MMU-204005|Reactome:R-MMU-209560|Reactome:R-MMU-210500|Reactome:R-MMU-210990|Reactome:R-MMU-210991|Reactome:R-MMU-210993|Reactome:R-MMU-2122947|Reactome:R-MMU-212676|Reactome:R-MMU-2129379|Reactome:R-MMU-2132295|Reactome:R-MMU-216083|Reactome:R-MMU-2160916|Reactome:R-MMU-2168880|Reactome:R-MMU-2172127|Reactome:R-MMU-2173791|Reactome:R-MMU-2214320|Reactome:R-MMU-2243919|Reactome:R-MMU-2404192|Reactome:R-MMU-2424491|Reactome:R-MMU-2428928|Reactome:R-MMU-2428933|Reactome:R-MMU-2454202|Reactome:R-MMU-264642|Reactome:R-MMU-264876|Reactome:R-MMU-2672351|Reactome:R-MMU-2682334|Reactome:R-MMU-2730905|Reactome:R-MMU-2871796|Reactome:R-MMU-2871809|Reactome:R-MMU-2871837|Reactome:R-MMU-3000170|Reactome:R-MMU-3000178|Reactome:R-MMU-3134963|Reactome:R-MMU-3214841|Reactome:R-MMU-3214847|Reactome:R-MMU-3322077|Reactome:R-MMU-350054|Reactome:R-MMU-354192|Reactome:R-MMU-354194|Reactome:R-MMU-372708|Reactome:R-MMU-373752|Reactome:R-MMU-373753|Reactome:R-MMU-373756|Reactome:R-MMU-373760|Reactome:R-MMU-375165|Reactome:R-MMU-375276|Reactome:R-MMU-376172|Reactome:R-MMU-376176|Reactome:R-MMU-380972|Reactome:R-MMU-381426|Reactome:R-MMU-388844|Reactome:R-MMU-389356|Reactome:R-MMU-389357|Reactome:R-MMU-389359|Reactome:R-MMU-389513|Reactome:R-MMU-389948|Reactome:R-MMU-390522|Reactome:R-MMU-391160|Reactome:R-MMU-3928662|Reactome:R-MMU-3928663|Reactome:R-MMU-3928664|Reactome:R-MMU-3928665|Reactome:R-MMU-399954|Reactome:R-MMU-399955|Reactome:R-MMU-399956|Reactome:R-MMU-4086398|Reactome:R-MMU-416476|Reactome:R-MMU-416482|Reactome:R-MMU-416550|Reactome:R-MMU-416572|Reactome:R-MMU-416700|Reactome:R-MMU-418594|Reactome:R-MMU-418885|Reactome:R-MMU-418889|Reactome:R-MMU-418990|Reactome:R-MMU-419037|Reactome:R-MMU-420029|Reactome:R-MMU-420597|Reactome:R-MMU-428890|Reactome:R-MMU-430116|Reactome:R-MMU-432142|Reactome:R-MMU-432722|Reactome:R-MMU-433692|Reactome:R-MMU-437239|Reactome:R-MMU-4420097|Reactome:R-MMU-445095|Reactome:R-MMU-445144|Reactome:R-MMU-445355|Reactome:R-MMU-445989|Reactome:R-MMU-446107|Reactome:R-MMU-446353|Reactome:R-MMU-447043|Reactome:R-MMU-448706|Reactome:R-MMU-449836|Reactome:R-MMU-4755510|Reactome:R-MMU-512988|Reactome:R-MMU-5140745|Reactome:R-MMU-5173214|Reactome:R-MMU-5218921|Reactome:R-MMU-5223345|Reactome:R-MMU-525793|Reactome:R-MMU-5607761|Reactome:R-MMU-5607763|Reactome:R-MMU-5607764|Reactome:R-MMU-5620916|Reactome:R-MMU-5621575|Reactome:R-MMU-5627123|Reactome:R-MMU-5628897|Reactome:R-MMU-5632681|Reactome:R-MMU-5635838|Reactome:R-MMU-5654219|Reactome:R-MMU-5654221|Reactome:R-MMU-5654227|Reactome:R-MMU-5654228|Reactome:R-MMU-5654687|Reactome:R-MMU-5654688|Reactome:R-MMU-5654689|Reactome:R-MMU-5654693|Reactome:R-MMU-5654695|Reactome:R-MMU-5654699|Reactome:R-MMU-5654700|Reactome:R-MMU-5654704|Reactome:R-MMU-5654706|Reactome:R-MMU-5654710|Reactome:R-MMU-5654712|Reactome:R-MMU-5654719|Reactome:R-MMU-5654720|Reactome:R-MMU-5654726|Reactome:R-MMU-5654727|Reactome:R-MMU-5654732|Reactome:R-MMU-5654733|Reactome:R-MMU-5658623|Reactome:R-MMU-5660668|Reactome:R-MMU-5673001|Reactome:R-MMU-5674135|Reactome:R-MMU-5676590|Reactome:R-MMU-5683826|Reactome:R-MMU-5684264|Reactome:R-MMU-5687128|Reactome:R-MMU-5689603|Reactome:R-MMU-5690714|Reactome:R-MMU-5694530|Reactome:R-MMU-6783783|Reactome:R-MMU-6785631|Reactome:R-MMU-6785807|Reactome:R-MMU-6788467|Reactome:R-MMU-6798695|Reactome:R-MMU-6804756|Reactome:R-MMU-6806942|Reactome:R-MMU-6807004|Reactome:R-MMU-6809371|Reactome:R-MMU-6811558|Reactome:R-MMU-74713|Reactome:R-MMU-74749|Reactome:R-MMU-74751|Reactome:R-MMU-74752|Reactome:R-MMU-75892|Reactome:R-MMU-77387|Reactome:R-MMU-877300|Reactome:R-MMU-877312|Reactome:R-MMU-879415|Reactome:R-MMU-8847993|Reactome:R-MMU-8849932|Reactome:R-MMU-8851680|Reactome:R-MMU-8851805|Reactome:R-MMU-8851907|Reactome:R-MMU-8852405|Reactome:R-MMU-8853383|Reactome:R-MMU-8854691|Reactome:R-MMU-8856825|Reactome:R-MMU-8856828|Reactome:R-MMU-8857538|Reactome:R-MMU-8863795|Reactome:R-MMU-8865999|Reactome:R-MMU-8874081|Reactome:R-MMU-8875513|Reactome:R-MMU-8875555|Reactome:R-MMU-8875656|Reactome:R-MMU-8875791|Reactome:R-MMU-8932504|Reactome:R-MMU-8932505|Reactome:R-MMU-8932506|Reactome:R-MMU-8941856|Reactome:R-MMU-8948216|Reactome:R-MMU-8957275|Reactome:R-MMU-8963896|Reactome:R-MMU-8980692|Reactome:R-MMU-8983432|Reactome:R-MMU-8984722|Reactome:R-MMU-8985586|Reactome:R-MMU-8985947|Reactome:R-MMU-9006335|Reactome:R-MMU-9007892|Reactome:R-MMU-9009391|Reactome:R-MMU-9010553|Reactome:R-MMU-9012546|Reactome:R-MMU-9013026|Reactome:R-MMU-9013106|Reactome:R-MMU-9013148|Reactome:R-MMU-9013149|Reactome:R-MMU-9013404|Reactome:R-MMU-9013406|Reactome:R-MMU-9013408|Reactome:R-MMU-9013409|Reactome:R-MMU-9013420|Reactome:R-MMU-9013423|Reactome:R-MMU-9013424|Reactome:R-MMU-9014826|Reactome:R-MMU-9014843|Reactome:R-MMU-9020558|Reactome:R-MMU-9020591|Reactome:R-MMU-9020702|Reactome:R-MMU-9020933|Reactome:R-MMU-9020956|Reactome:R-MMU-9020958|Reactome:R-MMU-9026527|Reactome:R-MMU-9027276|Reactome:R-MMU-9027284|Reactome:R-MMU-9028731|Reactome:R-MMU-9032759|Reactome:R-MMU-9034013|Reactome:R-MMU-9034793|Reactome:R-MMU-9035034|Reactome:R-MMU-909733|Reactome:R-MMU-912526|Reactome:R-MMU-912694|Reactome:R-MMU-917977|Reactome:R-MMU-933542|Reactome:R-MMU-9603381|Reactome:R-MMU-9607240|Reactome:R-MMU-9609523|Reactome:R-MMU-9634597|Reactome:R-MMU-9664873|Reactome:R-MMU-9696264|Reactome:R-MMU-9696270|Reactome:R-MMU-9696273|Reactome:R-MMU-9706369|Reactome:R-MMU-9706374|Reactome:R-MMU-9732724|Reactome:R-MMU-9734091|Reactome:R-MMU-9749641|Reactome:R-MMU-9772755|Reactome:R-MMU-977606|Reactome:R-MMU-982772|Reactome:R-MMU-983168|Reactome:R-MMU-983170|Reactome:R-MMU-983695|Reactome:R-MMU-9843940|Reactome:R-MMU-9851151|Reactome:R-MMU-9856649|Reactome:R-MMU-9860927|Reactome:R-MMU-9913351|Reactome:R-MMU-9927353|Reactome:R-MMU-9927354|Reactome:R-MMU-9929356|Reactome:R-MMU-9929491|Reactome:R-MMU-9931269|Reactome:R-MMU-9931295|Reactome:R-MMU-9939291|Reactome:R-MTU-868688|Reactome:R-RNO-1059683|Reactome:R-RNO-109704|Reactome:R-RNO-110056|Reactome:R-RNO-112411|Reactome:R-RNO-114608|Reactome:R-RNO-1169091|Reactome:R-RNO-1170546|Reactome:R-RNO-1227986|Reactome:R-RNO-1236394|Reactome:R-RNO-1236974|Reactome:R-RNO-1236977|Reactome:R-RNO-1250196|Reactome:R-RNO-1250342|Reactome:R-RNO-1250347|Reactome:R-RNO-1257604|Reactome:R-RNO-1306955|Reactome:R-RNO-1307965|Reactome:R-RNO-1358803|Reactome:R-RNO-140834|Reactome:R-RNO-140837|Reactome:R-RNO-140875|Reactome:R-RNO-1462054|Reactome:R-RNO-1474228|Reactome:R-RNO-1566977|Reactome:R-RNO-163125|Reactome:R-RNO-1632852|Reactome:R-RNO-163680|Reactome:R-RNO-1660499|Reactome:R-RNO-1660514|Reactome:R-RNO-166663|Reactome:R-RNO-166665|Reactome:R-RNO-170968|Reactome:R-RNO-170984|Reactome:R-RNO-173623|Reactome:R-RNO-173736|Reactome:R-RNO-174577|Reactome:R-RNO-177504|Reactome:R-RNO-1810476|Reactome:R-RNO-181429|Reactome:R-RNO-181430|Reactome:R-RNO-1855183|Reactome:R-RNO-1855204|Reactome:R-RNO-186763|Reactome:R-RNO-186797|Reactome:R-RNO-187042|Reactome:R-RNO-190322|Reactome:R-RNO-190370|Reactome:R-RNO-190373|Reactome:R-RNO-190374|Reactome:R-RNO-193634|Reactome:R-RNO-193648|Reactome:R-RNO-193692|Reactome:R-RNO-194306|Reactome:R-RNO-195399|Reactome:R-RNO-196108|Reactome:R-RNO-1963640|Reactome:R-RNO-1963642|Reactome:R-RNO-1971475|Reactome:R-RNO-198203|Reactome:R-RNO-198933|Reactome:R-RNO-200425|Reactome:R-RNO-2022854|Reactome:R-RNO-2022857|Reactome:R-RNO-2022870|Reactome:R-RNO-2022923|Reactome:R-RNO-2024101|Reactome:R-RNO-202424|Reactome:R-RNO-202427|Reactome:R-RNO-202430|Reactome:R-RNO-202433|Reactome:R-RNO-2025928|Reactome:R-RNO-202733|Reactome:R-RNO-2029481|Reactome:R-RNO-2029482|Reactome:R-RNO-2029485|Reactome:R-RNO-209560|Reactome:R-RNO-210500|Reactome:R-RNO-210990|Reactome:R-RNO-210991|Reactome:R-RNO-212676|Reactome:R-RNO-2129379|Reactome:R-RNO-2132295|Reactome:R-RNO-216083|Reactome:R-RNO-2160916|Reactome:R-RNO-2172127|Reactome:R-RNO-2173791|Reactome:R-RNO-2404192|Reactome:R-RNO-2424491|Reactome:R-RNO-2428928|Reactome:R-RNO-2428933|Reactome:R-RNO-2454202|Reactome:R-RNO-264642|Reactome:R-RNO-264876|Reactome:R-RNO-2682334|Reactome:R-RNO-2730905|Reactome:R-RNO-2871796|Reactome:R-RNO-2871809|Reactome:R-RNO-2871837|Reactome:R-RNO-3000170|Reactome:R-RNO-3000178|Reactome:R-RNO-3134963|Reactome:R-RNO-3214841|Reactome:R-RNO-3214847|Reactome:R-RNO-354192|Reactome:R-RNO-354194|Reactome:R-RNO-372708|Reactome:R-RNO-373752|Reactome:R-RNO-373753|Reactome:R-RNO-373760|Reactome:R-RNO-375165|Reactome:R-RNO-375276|Reactome:R-RNO-376172|Reactome:R-RNO-380972|Reactome:R-RNO-381426|Reactome:R-RNO-388844|Reactome:R-RNO-389356|Reactome:R-RNO-389357|Reactome:R-RNO-389359|Reactome:R-RNO-389948|Reactome:R-RNO-390522|Reactome:R-RNO-391160|Reactome:R-RNO-3928662|Reactome:R-RNO-3928663|Reactome:R-RNO-3928664|Reactome:R-RNO-3928665|Reactome:R-RNO-399954|Reactome:R-RNO-399955|Reactome:R-RNO-399956|Reactome:R-RNO-416476|Reactome:R-RNO-416482|Reactome:R-RNO-416550|Reactome:R-RNO-416700|Reactome:R-RNO-418594|Reactome:R-RNO-418885|Reactome:R-RNO-418889|Reactome:R-RNO-418990|Reactome:R-RNO-419037|Reactome:R-RNO-420029|Reactome:R-RNO-420597|Reactome:R-RNO-432142|Reactome:R-RNO-432722|Reactome:R-RNO-433692|Reactome:R-RNO-437239|Reactome:R-RNO-4420097|Reactome:R-RNO-445095|Reactome:R-RNO-445144|Reactome:R-RNO-445989|Reactome:R-RNO-446107|Reactome:R-RNO-446353|Reactome:R-RNO-447043|Reactome:R-RNO-448706|Reactome:R-RNO-449836|Reactome:R-RNO-5218921|Reactome:R-RNO-5223345|Reactome:R-RNO-525793|Reactome:R-RNO-5607763|Reactome:R-RNO-5607764|Reactome:R-RNO-5620916|Reactome:R-RNO-5621575|Reactome:R-RNO-5628897|Reactome:R-RNO-5632681|Reactome:R-RNO-5654219|Reactome:R-RNO-5654228|Reactome:R-RNO-5654687|Reactome:R-RNO-5654688|Reactome:R-RNO-5654689|Reactome:R-RNO-5654693|Reactome:R-RNO-5654712|Reactome:R-RNO-5654719|Reactome:R-RNO-5654720|Reactome:R-RNO-5654726|Reactome:R-RNO-5654733|Reactome:R-RNO-5658623|Reactome:R-RNO-5673001|Reactome:R-RNO-5674135|Reactome:R-RNO-5683826|Reactome:R-RNO-5684264|Reactome:R-RNO-5687128|Reactome:R-RNO-5689603|Reactome:R-RNO-6785631|Reactome:R-RNO-6785807|Reactome:R-RNO-6788467|Reactome:R-RNO-6798695|Reactome:R-RNO-6804756|Reactome:R-RNO-6806942|Reactome:R-RNO-6807004|Reactome:R-RNO-6809371|Reactome:R-RNO-6811558|Reactome:R-RNO-74713|Reactome:R-RNO-74749|Reactome:R-RNO-74751|Reactome:R-RNO-74752|Reactome:R-RNO-77387|Reactome:R-RNO-879415|Reactome:R-RNO-8847993|Reactome:R-RNO-8849932|Reactome:R-RNO-8851680|Reactome:R-RNO-8851805|Reactome:R-RNO-8851907|Reactome:R-RNO-8853383|Reactome:R-RNO-8854691|Reactome:R-RNO-8856825|Reactome:R-RNO-8856828|Reactome:R-RNO-8857538|Reactome:R-RNO-8863795|Reactome:R-RNO-8865999|Reactome:R-RNO-8874081|Reactome:R-RNO-8875513|Reactome:R-RNO-8875555|Reactome:R-RNO-8875656|Reactome:R-RNO-8875791|Reactome:R-RNO-8932505|Reactome:R-RNO-8951664|Reactome:R-RNO-8957275|Reactome:R-RNO-8963896|Reactome:R-RNO-8980692|Reactome:R-RNO-8983432|Reactome:R-RNO-8984722|Reactome:R-RNO-9006335|Reactome:R-RNO-9007892|Reactome:R-RNO-9009391|Reactome:R-RNO-9013026|Reactome:R-RNO-9013106|Reactome:R-RNO-9013148|Reactome:R-RNO-9013149|Reactome:R-RNO-9013404|Reactome:R-RNO-9013408|Reactome:R-RNO-9013409|Reactome:R-RNO-9013423|Reactome:R-RNO-9014826|Reactome:R-RNO-9014843|Reactome:R-RNO-9020558|Reactome:R-RNO-9020702|Reactome:R-RNO-9020956|Reactome:R-RNO-9026527|Reactome:R-RNO-9027276|Reactome:R-RNO-9027284|Reactome:R-RNO-9028731|Reactome:R-RNO-9032759|Reactome:R-RNO-9034013|Reactome:R-RNO-9034793|Reactome:R-RNO-9035034|Reactome:R-RNO-912526|Reactome:R-RNO-917977|Reactome:R-RNO-933542|Reactome:R-RNO-9603381|Reactome:R-RNO-9609523|Reactome:R-RNO-9634597|Reactome:R-RNO-9664873|Reactome:R-RNO-9734091|Reactome:R-RNO-9749641|Reactome:R-RNO-9772755|Reactome:R-RNO-977606|Reactome:R-RNO-982772|Reactome:R-RNO-983168|Reactome:R-RNO-983170|Reactome:R-RNO-9851151|Reactome:R-RNO-9860927|Reactome:R-RNO-9927353|Reactome:R-RNO-9927354|Reactome:R-RNO-9931269|Reactome:R-SCE-1632852|Reactome:R-SCE-163680|Reactome:R-SCE-200425|Reactome:R-SCE-3322077|Reactome:R-SCE-380972|Reactome:R-SCE-6798695|Reactome:R-SCE-8948751|Reactome:R-SCE-9013106|Reactome:R-SCE-9609523|Reactome:R-SPO-1632852|Reactome:R-SPO-163680|Reactome:R-SPO-200425|Reactome:R-SPO-380972|Reactome:R-SPO-5628897|Reactome:R-SPO-6798695|Reactome:R-SPO-9609523|Reactome:R-SPO-9664873|Reactome:R-SSC-114608|Reactome:R-SSC-1170546|Reactome:R-SSC-1236974|Reactome:R-SSC-1236977|Reactome:R-SSC-1257604|Reactome:R-SSC-1474228|Reactome:R-SSC-173623|Reactome:R-SSC-198933|Reactome:R-SSC-2022854|Reactome:R-SSC-2022857|Reactome:R-SSC-2024101|Reactome:R-SSC-202424|Reactome:R-SSC-202427|Reactome:R-SSC-202430|Reactome:R-SSC-202433|Reactome:R-SSC-202733|Reactome:R-SSC-2029481|Reactome:R-SSC-2029482|Reactome:R-SSC-2029485|Reactome:R-SSC-210990|Reactome:R-SSC-2132295|Reactome:R-SSC-216083|Reactome:R-SSC-2160916|Reactome:R-SSC-2168880|Reactome:R-SSC-2424491|Reactome:R-SSC-2454202|Reactome:R-SSC-2730905|Reactome:R-SSC-2871796|Reactome:R-SSC-2871809|Reactome:R-SSC-2871837|Reactome:R-SSC-3000178|Reactome:R-SSC-389948|Reactome:R-SSC-391160|Reactome:R-SSC-416550|Reactome:R-SSC-432142|Reactome:R-SSC-5673001|Reactome:R-SSC-5690714|Reactome:R-SSC-6798695|Reactome:R-SSC-6806942|Reactome:R-SSC-6807004|Reactome:R-SSC-6811558|Reactome:R-SSC-8851805|Reactome:R-SSC-8851907|Reactome:R-SSC-8856825|Reactome:R-SSC-8856828|Reactome:R-SSC-8865999|Reactome:R-SSC-8874081|Reactome:R-SSC-8875513|Reactome:R-SSC-8875555|Reactome:R-SSC-8875656|Reactome:R-SSC-8875791|Reactome:R-SSC-8980692|Reactome:R-SSC-9006335|Reactome:R-SSC-9013106|Reactome:R-SSC-9013404|Reactome:R-SSC-9013408|Reactome:R-SSC-9020591|Reactome:R-SSC-9020933|Reactome:R-SSC-9027276|Reactome:R-SSC-9027284|Reactome:R-SSC-9734091|Reactome:R-SSC-977606|Reactome:R-SSC-982772|Reactome:R-SSC-983170|Reactome:R-SSC-983695|Reactome:R-XTR-202433|Reactome:R-XTR-418990|Reactome:R-XTR-5654687
D_citrinum_KAN0013107	c7c30446d627893327c5deedb851b5dd	2209	Pfam	PF00534	Glycosyl transferases group 1	329	491	0.0033	T	26-08-2026	IPR001296	Glycosyl transferase, family 1	GO:0016757(InterPro)	Reactome:R-DDI-446193|Reactome:R-HSA-162710|Reactome:R-HSA-446193|Reactome:R-HSA-4549349|Reactome:R-HSA-4549380|Reactome:R-HSA-4551295|Reactome:R-MMU-162710|Reactome:R-MMU-446193|Reactome:R-MTU-879299|Reactome:R-SCE-446193|Reactome:R-SPO-162710|Reactome:R-SPO-446193
D_firmibasis_KAK5582903	a6bbfb3e7be3049b8096286578c44f77	2194	Gene3D	G3DSA:2.60.220.50	-	1750	1916	1.4E-16	T	26-08-2026	IPR046338	GAIN domain superfamily	-	Reactome:R-CEL-373080|Reactome:R-CEL-6798695|Reactome:R-CEL-9619665|Reactome:R-DME-350368|Reactome:R-DME-350376|Reactome:R-DME-350379|Reactome:R-DME-350411|Reactome:R-DME-350480|Reactome:R-DME-373080|Reactome:R-DME-450728|Reactome:R-DME-6798695|Reactome:R-DME-9619665|Reactome:R-DRE-9619665|Reactome:R-HSA-373080|Reactome:R-HSA-5683826|Reactome:R-HSA-6798695|Reactome:R-HSA-9619665|Reactome:R-MMU-373080|Reactome:R-MMU-5683826|Reactome:R-MMU-6798695|Reactome:R-MMU-9619665|Reactome:R-RNO-373080|Reactome:R-RNO-5683826
D_firmibasis_KAK5582903	a6bbfb3e7be3049b8096286578c44f77	2194	MobiDBLite	mobidb-lite	consensus disorder prediction	2084	2094	-	T	26-08-2026	-	-	-	-
D_firmibasis_KAK5582903	a6bbfb3e7be3049b8096286578c44f77	2194	MobiDBLite	mobidb-lite	consensus disorder prediction	2151	2160	-	T	26-08-2026	-	-	-	-
D_firmibasis_KAK5582903	a6bbfb3e7be3049b8096286578c44f77	2194	Phobius	SIGNAL_PEPTIDE	Signal peptide region	1	19	-	T	26-08-2026	-	-	-	-
D_firmibasis_KAK5582903	a6bbfb3e7be3049b8096286578c44f77	2194	SUPERFAMILY	SSF53448	Nucleotide-diphospho-sugar transferases	534	746	1.03E-41	T	26-08-2026	IPR029044	Nucleotide-diphospho-sugar transferases	-	Reactome:R-BTA-1650814|Reactome:R-BTA-173599|Reactome:R-BTA-2022854|Reactome:R-BTA-2022928|Reactome:R-BTA-2534343|Reactome:R-BTA-3322077|Reactome:R-BTA-4085001|Reactome:R-BTA-5653890|Reactome:R-BTA-6798695|Reactome:R-BTA-6811436|Reactome:R-BTA-913709|Reactome:R-BTA-975577|Reactome:R-CEL-1650814|Reactome:R-CEL-1971475|Reactome:R-CEL-2022928|Reactome:R-CEL-3322077|Reactome:R-CEL-446205|Reactome:R-CEL-446210|Reactome:R-CEL-6798695|Reactome:R-CEL-6811436|Reactome:R-CEL-70221|Reactome:R-CEL-72731|Reactome:R-CEL-913709|Reactome:R-CEL-964739|Reactome:R-CEL-975577|Reactome:R-CEL-9840309|Reactome:R-CFA-1971475|Reactome:R-DDI-162699|Reactome:R-DDI-173599|Reactome:R-DDI-3322077|Reactome:R-DDI-446205|Reactome:R-DDI-446210|Reactome:R-DDI-480985|Reactome:R-DDI-72731|Reactome:R-DME-162699|Reactome:R-DME-1650814|Reactome:R-DME-190372|Reactome:R-DME-1971475|Reactome:R-DME-2022854|Reactome:R-DME-2022928|Reactome:R-DME-446205|Reactome:R-DME-480985|Reactome:R-DME-6811436|Reactome:R-DME-9037629|Reactome:R-DME-913709|Reactome:R-DME-975577|Reactome:R-DME-9840309|Reactome:R-DRE-1650814|Reactome:R-DRE-2022854|Reactome:R-DRE-2022928|Reactome:R-DRE-4085001|Reactome:R-DRE-446205|Reactome:R-DRE-913709|Reactome:R-DRE-975577|Reactome:R-DRE-9840309|Reactome:R-DRE-9939291|Reactome:R-HSA-162699|Reactome:R-HSA-1650814|Reactome:R-HSA-173599|Reactome:R-HSA-190372|Reactome:R-HSA-1912420|Reactome:R-HSA-1971475|Reactome:R-HSA-2022854|Reactome:R-HSA-2022870|Reactome:R-HSA-2022928|Reactome:R-HSA-2142845|Reactome:R-HSA-2534343|Reactome:R-HSA-3322077|Reactome:R-HSA-3560783|Reactome:R-HSA-3560801|Reactome:R-HSA-3595177|Reactome:R-HSA-3656237|Reactome:R-HSA-3656244|Reactome:R-HSA-3656253|Reactome:R-HSA-3785653|Reactome:R-HSA-381038|Reactome:R-HSA-3814836|Reactome:R-HSA-3828062|Reactome:R-HSA-3858516|Reactome:R-HSA-3878781|Reactome:R-HSA-4085001|Reactome:R-HSA-446203|Reactome:R-HSA-446205|Reactome:R-HSA-446210|Reactome:R-HSA-4717374|Reactome:R-HSA-4719360|Reactome:R-HSA-4719377|Reactome:R-HSA-4793952|Reactome:R-HSA-4793953|Reactome:R-HSA-480985|Reactome:R-HSA-5083625|Reactome:R-HSA-5083627|Reactome:R-HSA-5083628|Reactome:R-HSA-5083635|Reactome:R-HSA-5083636|Reactome:R-HSA-5173214|Reactome:R-HSA-5357609|Reactome:R-HSA-5653890|Reactome:R-HSA-6798695|Reactome:R-HSA-6811436|Reactome:R-HSA-70221|Reactome:R-HSA-72731|Reactome:R-HSA-8932504|Reactome:R-HSA-8932506|Reactome:R-HSA-901032|Reactome:R-HSA-9033807|Reactome:R-HSA-9037629|Reactome:R-HSA-913709|Reactome:R-HSA-964739|Reactome:R-HSA-9683673|Reactome:R-HSA-9683686|Reactome:R-HSA-9694548|Reactome:R-HSA-9694719|Reactome:R-HSA-975577|Reactome:R-HSA-975578|Reactome:R-HSA-9840309|Reactome:R-HSA-9918432|Reactome:R-HSA-9926550|Reactome:R-HSA-9931953|Reactome:R-HSA-9939291|Reactome:R-MMU-162699|Reactome:R-MMU-1650814|Reactome:R-MMU-173599|Reactome:R-MMU-190372|Reactome:R-MMU-1971475|Reactome:R-MMU-2022854|Reactome:R-MMU-2022870|Reactome:R-MMU-2022928|Reactome:R-MMU-2142845|Reactome:R-MMU-2534343|Reactome:R-MMU-3322077|Reactome:R-MMU-4085001|Reactome:R-MMU-446203|Reactome:R-MMU-446205|Reactome:R-MMU-446210|Reactome:R-MMU-480985|Reactome:R-MMU-5173214|Reactome:R-MMU-5653890|Reactome:R-MMU-6798695|Reactome:R-MMU-6811436|Reactome:R-MMU-70221|Reactome:R-MMU-72731|Reactome:R-MMU-8932504|Reactome:R-MMU-8932506|Reactome:R-MMU-9033807|Reactome:R-MMU-9037629|Reactome:R-MMU-913709|Reactome:R-MMU-964739|Reactome:R-MMU-975577|Reactome:R-MMU-975578|Reactome:R-MMU-9840309|Reactome:R-MMU-9939291|Reactome:R-RNO-1650814|Reactome:R-RNO-2022854|Reactome:R-RNO-2142845|Reactome:R-RNO-3322077|Reactome:R-RNO-4085001|Reactome:R-RNO-446205|Reactome:R-RNO-6798695|Reactome:R-RNO-6811436|Reactome:R-RNO-70221|Reactome:R-RNO-72731|Reactome:R-RNO-8932504|Reactome:R-RNO-8932506|Reactome:R-RNO-9033807|Reactome:R-RNO-913709|Reactome:R-RNO-964739|Reactome:R-RNO-975577|Reactome:R-RNO-975578|Reactome:R-RNO-9840309|Reactome:R-RNO-9939291|Reactome:R-SCE-173599|Reactome:R-SCE-3322077|Reactome:R-SCE-446210|Reactome:R-SCE-480985|Reactome:R-SCE-6798695|Reactome:R-SCE-70221|Reactome:R-SCE-72731|Reactome:R-SPO-162699|Reactome:R-SPO-173599|Reactome:R-SPO-3322077|Reactome:R-SPO-446205|Reactome:R-SPO-446210|Reactome:R-SPO-480985|Reactome:R-SPO-6798695|Reactome:R-SPO-70221|Reactome:R-SPO-72731|Reactome:R-SSC-162699|Reactome:R-SSC-2022854|Reactome:R-SSC-913709|Reactome:R-SSC-975577|Reactome:R-SSC-9840309|Reactome:R-XTR-446205|Reactome:R-XTR-913709|Reactome:R-XTR-9840309|Reactome:R-XTR-9939291
D_firmibasis_KAK5582903	a6bbfb3e7be3049b8096286578c44f77	2194	Pfam	PF01825	GAIN subdomain B	1784	1908	7.7E-10	T	26-08-2026	IPR000203	GPS motif	-	Reactome:R-CEL-373080|Reactome:R-CEL-6798695|Reactome:R-CEL-9619665|Reactome:R-DME-350368|Reactome:R-DME-350376|Reactome:R-DME-350379|Reactome:R-DME-350411|Reactome:R-DME-350480|Reactome:R-DME-373080|Reactome:R-DME-450728|Reactome:R-DME-6798695|Reactome:R-DME-9619665|Reactome:R-DRE-9619665|Reactome:R-HSA-373080|Reactome:R-HSA-5620916|Reactome:R-HSA-5683826|Reactome:R-HSA-6798695|Reactome:R-HSA-9619665|Reactome:R-MMU-373080|Reactome:R-MMU-5620916|Reactome:R-MMU-5683826|Reactome:R-MMU-6798695|Reactome:R-MMU-9619665|Reactome:R-RNO-373080|Reactome:R-RNO-5683826
D_firmibasis_KAK5582903	a6bbfb3e7be3049b8096286578c44f77	2194	SUPERFAMILY	SSF53756	UDP-Glycosyltransferase/glycogen phosphorylase	116	488	6.28E-20	T	26-08-2026	-	-	-	-
D_firmibasis_KAK5582903	a6bbfb3e7be3049b8096286578c44f77	2194	CDD	cd00761	Glyco_tranf_GTA_type	543	730	8.89942E-27	T	26-08-2026	-	-	-	-
D_firmibasis_KAK5582903	a6bbfb3e7be3049b8096286578c44f77	2194	Gene3D	G3DSA:3.40.50.2000	Glycogen Phosphorylase B;	105	308	5.6E-9	T	26-08-2026	-	-	-	-
D_firmibasis_KAK5582903	a6bbfb3e7be3049b8096286578c44f77	2194	Gene3D	G3DSA:2.60.40.10	Immunoglobulins	795	898	3.0E-16	T	26-08-2026	IPR013783	Immunoglobulin-like fold	-	Reactome:R-BTA-114608|Reactome:R-BTA-1236974|Reactome:R-BTA-1236977|Reactome:R-BTA-1257604|Reactome:R-BTA-1266695|Reactome:R-BTA-140834|Reactome:R-BTA-163125|Reactome:R-BTA-1632852|Reactome:R-BTA-1660661|Reactome:R-BTA-173736|Reactome:R-BTA-174577|Reactome:R-BTA-1971475|Reactome:R-BTA-198933|Reactome:R-BTA-2022870|Reactome:R-BTA-2022923|Reactome:R-BTA-2024101|Reactome:R-BTA-202424|Reactome:R-BTA-202427|Reactome:R-BTA-202430|Reactome:R-BTA-202433|Reactome:R-BTA-202733|Reactome:R-BTA-210993|Reactome:R-BTA-216083|Reactome:R-BTA-2173791|Reactome:R-BTA-2424491|Reactome:R-BTA-3000178|Reactome:R-BTA-350054|Reactome:R-BTA-375276|Reactome:R-BTA-380972|Reactome:R-BTA-381426|Reactome:R-BTA-388844|Reactome:R-BTA-389948|Reactome:R-BTA-418594|Reactome:R-BTA-420029|Reactome:R-BTA-445355|Reactome:R-BTA-5576892|Reactome:R-BTA-5627123|Reactome:R-BTA-5628897|Reactome:R-BTA-5673001|Reactome:R-BTA-5690714|Reactome:R-BTA-6785807|Reactome:R-BTA-6798695|Reactome:R-BTA-6804756|Reactome:R-BTA-6811558|Reactome:R-BTA-77387|Reactome:R-BTA-8849932|Reactome:R-BTA-8856825|Reactome:R-BTA-8856828|Reactome:R-BTA-8932505|Reactome:R-BTA-8941856|Reactome:R-BTA-8957275|Reactome:R-BTA-8980692|Reactome:R-BTA-8983432|Reactome:R-BTA-8985947|Reactome:R-BTA-9013106|Reactome:R-BTA-9013404|Reactome:R-BTA-9013408|Reactome:R-BTA-9020558|Reactome:R-BTA-9020958|Reactome:R-BTA-909733|Reactome:R-BTA-912526|Reactome:R-BTA-912694|Reactome:R-BTA-9609523|Reactome:R-BTA-977606|Reactome:R-BTA-983168|Reactome:R-BTA-983170|Reactome:R-BTA-983695|Reactome:R-BTA-9927354|Reactome:R-BTA-9931269|Reactome:R-CEL-1257604|Reactome:R-CEL-1433557|Reactome:R-CEL-1433559|Reactome:R-CEL-1474228|Reactome:R-CEL-186763|Reactome:R-CEL-186797|Reactome:R-CEL-190322|Reactome:R-CEL-190370|Reactome:R-CEL-190371|Reactome:R-CEL-190372|Reactome:R-CEL-190373|Reactome:R-CEL-190375|Reactome:R-CEL-190377|Reactome:R-CEL-1971475|Reactome:R-CEL-2022928|Reactome:R-CEL-2024096|Reactome:R-CEL-209968|Reactome:R-CEL-210991|Reactome:R-CEL-216083|Reactome:R-CEL-2243919|Reactome:R-CEL-264876|Reactome:R-CEL-2682334|Reactome:R-CEL-3000171|Reactome:R-CEL-3000178|Reactome:R-CEL-373752|Reactome:R-CEL-373753|Reactome:R-CEL-375165|Reactome:R-CEL-376176|Reactome:R-CEL-388844|Reactome:R-CEL-3928662|Reactome:R-CEL-3928663|Reactome:R-CEL-3928664|Reactome:R-CEL-3928665|Reactome:R-CEL-399955|Reactome:R-CEL-399956|Reactome:R-CEL-416482|Reactome:R-CEL-416572|Reactome:R-CEL-416700|Reactome:R-CEL-418885|Reactome:R-CEL-419037|Reactome:R-CEL-428542|Reactome:R-CEL-433692|Reactome:R-CEL-4420097|Reactome:R-CEL-445144|Reactome:R-CEL-447043|Reactome:R-CEL-5140745|Reactome:R-CEL-5218920|Reactome:R-CEL-525793|Reactome:R-CEL-5620916|Reactome:R-CEL-5654219|Reactome:R-CEL-5654221|Reactome:R-CEL-5654227|Reactome:R-CEL-5654228|Reactome:R-CEL-5654689|Reactome:R-CEL-5654693|Reactome:R-CEL-5654695|Reactome:R-CEL-5654699|Reactome:R-CEL-5654700|Reactome:R-CEL-5654704|Reactome:R-CEL-5654706|Reactome:R-CEL-5654710|Reactome:R-CEL-5654712|Reactome:R-CEL-5654720|Reactome:R-CEL-5654726|Reactome:R-CEL-5654727|Reactome:R-CEL-5654732|Reactome:R-CEL-5654733|Reactome:R-CEL-5673001|Reactome:R-CEL-6798695|Reactome:R-CEL-6809371|Reactome:R-CEL-6811558|Reactome:R-CEL-77387|Reactome:R-CEL-8849932|Reactome:R-CEL-8853383|Reactome:R-CEL-8863795|Reactome:R-CEL-8941413|Reactome:R-CEL-9013149|Reactome:R-CEL-9013420|Reactome:R-CEL-9013423|Reactome:R-CEL-9013424|Reactome:R-CEL-913709|Reactome:R-CEL-9607240|Reactome:R-CEL-9749641|Reactome:R-CEL-9764561|Reactome:R-CEL-9772755|Reactome:R-CEL-9913351|Reactome:R-CFA-1257604|Reactome:R-CFA-1433557|Reactome:R-CFA-1433559|Reactome:R-CFA-198933|Reactome:R-CFA-2024096|Reactome:R-CFA-2024101|Reactome:R-CFA-202424|Reactome:R-CFA-202427|Reactome:R-CFA-202430|Reactome:R-CFA-202433|Reactome:R-CFA-216083|Reactome:R-CFA-389948|Reactome:R-CFA-5673001|Reactome:R-CFA-5690714|Reactome:R-CFA-6785807|Reactome:R-CFA-6788467|Reactome:R-CFA-6811558|Reactome:R-CFA-8932504|Reactome:R-CFA-8932505|Reactome:R-CFA-8932506|Reactome:R-CFA-9010553|Reactome:R-CFA-983170|Reactome:R-CFA-983695|Reactome:R-CFA-9856649|Reactome:R-CFA-9913351|Reactome:R-CFA-9927354|Reactome:R-CFA-9939291|Reactome:R-DDI-3295583|Reactome:R-DDI-5213460|Reactome:R-DDI-5673000|Reactome:R-DDI-5674135|Reactome:R-DDI-5675221|Reactome:R-DDI-5675482|Reactome:R-DME-109704|Reactome:R-DME-110478|Reactome:R-DME-114608|Reactome:R-DME-1169091|Reactome:R-DME-1227986|Reactome:R-DME-1236394|Reactome:R-DME-1250196|Reactome:R-DME-1250342|Reactome:R-DME-1250347|Reactome:R-DME-1257604|Reactome:R-DME-1307965|Reactome:R-DME-1358803|Reactome:R-DME-1474228|Reactome:R-DME-1810476|Reactome:R-DME-190322|Reactome:R-DME-190370|Reactome:R-DME-190371|Reactome:R-DME-190372|Reactome:R-DME-190373|Reactome:R-DME-190374|Reactome:R-DME-190375|Reactome:R-DME-190377|Reactome:R-DME-1963640|Reactome:R-DME-1963642|Reactome:R-DME-1971475|Reactome:R-DME-2022928|Reactome:R-DME-2024096|Reactome:R-DME-2024101|Reactome:R-DME-202424|Reactome:R-DME-202733|Reactome:R-DME-209209|Reactome:R-DME-209228|Reactome:R-DME-209338|Reactome:R-DME-209394|Reactome:R-DME-209400|Reactome:R-DME-209406|Reactome:R-DME-209560|Reactome:R-DME-209968|Reactome:R-DME-210688|Reactome:R-DME-210991|Reactome:R-DME-214399|Reactome:R-DME-214411|Reactome:R-DME-214416|Reactome:R-DME-214842|Reactome:R-DME-214844|Reactome:R-DME-214869|Reactome:R-DME-216083|Reactome:R-DME-264876|Reactome:R-DME-2871837|Reactome:R-DME-3000171|Reactome:R-DME-3000178|Reactome:R-DME-3134963|Reactome:R-DME-3214847|Reactome:R-DME-350054|Reactome:R-DME-373080|Reactome:R-DME-373752|Reactome:R-DME-373753|Reactome:R-DME-375165|Reactome:R-DME-376172|Reactome:R-DME-388844|Reactome:R-DME-416482|Reactome:R-DME-416572|Reactome:R-DME-416700|Reactome:R-DME-418990|Reactome:R-DME-419037|Reactome:R-DME-420597|Reactome:R-DME-428542|Reactome:R-DME-433692|Reactome:R-DME-445144|Reactome:R-DME-445989|Reactome:R-DME-446353|Reactome:R-DME-447043|Reactome:R-DME-4755510|Reactome:R-DME-5607761|Reactome:R-DME-5607764|Reactome:R-DME-5620916|Reactome:R-DME-5621575|Reactome:R-DME-5627123|Reactome:R-DME-5654219|Reactome:R-DME-5654221|Reactome:R-DME-5654227|Reactome:R-DME-5654228|Reactome:R-DME-5654687|Reactome:R-DME-5654688|Reactome:R-DME-5654689|Reactome:R-DME-5654693|Reactome:R-DME-5654695|Reactome:R-DME-5654699|Reactome:R-DME-5654700|Reactome:R-DME-5654704|Reactome:R-DME-5654706|Reactome:R-DME-5654710|Reactome:R-DME-5654712|Reactome:R-DME-5654719|Reactome:R-DME-5654720|Reactome:R-DME-5654726|Reactome:R-DME-5654727|Reactome:R-DME-5654732|Reactome:R-DME-5654733|Reactome:R-DME-5658623|Reactome:R-DME-5673001|Reactome:R-DME-5676590|Reactome:R-DME-5689603|Reactome:R-DME-6785631|Reactome:R-DME-6798695|Reactome:R-DME-6807878|Reactome:R-DME-6811558|Reactome:R-DME-77387|Reactome:R-DME-8849932|Reactome:R-DME-8863795|Reactome:R-DME-8941413|Reactome:R-DME-9009391|Reactome:R-DME-9020702|Reactome:R-DME-913709|Reactome:R-DME-933542|Reactome:R-DME-9749641|Reactome:R-DME-977068|Reactome:R-DME-9772755|Reactome:R-DME-983168|Reactome:R-DME-9860927|Reactome:R-DME-9913351|Reactome:R-DRE-109704|Reactome:R-DRE-1257604|Reactome:R-DRE-1300645|Reactome:R-DRE-1307965|Reactome:R-DRE-1433557|Reactome:R-DRE-1433559|Reactome:R-DRE-186763|Reactome:R-DRE-186797|Reactome:R-DRE-190322|Reactome:R-DRE-190370|Reactome:R-DRE-190371|Reactome:R-DRE-190372|Reactome:R-DRE-190373|Reactome:R-DRE-190374|Reactome:R-DRE-190375|Reactome:R-DRE-190377|Reactome:R-DRE-193648|Reactome:R-DRE-194306|Reactome:R-DRE-195399|Reactome:R-DRE-198933|Reactome:R-DRE-202733|Reactome:R-DRE-210993|Reactome:R-DRE-2132295|Reactome:R-DRE-216083|Reactome:R-DRE-2682334|Reactome:R-DRE-3214841|Reactome:R-DRE-381426|Reactome:R-DRE-388844|Reactome:R-DRE-3928662|Reactome:R-DRE-3928663|Reactome:R-DRE-3928664|Reactome:R-DRE-3928665|Reactome:R-DRE-399954|Reactome:R-DRE-399956|Reactome:R-DRE-416476|Reactome:R-DRE-416482|Reactome:R-DRE-416550|Reactome:R-DRE-416572|Reactome:R-DRE-418990|Reactome:R-DRE-420597|Reactome:R-DRE-4420097|Reactome:R-DRE-449836|Reactome:R-DRE-5218921|Reactome:R-DRE-5654219|Reactome:R-DRE-5654221|Reactome:R-DRE-5654227|Reactome:R-DRE-5654228|Reactome:R-DRE-5654687|Reactome:R-DRE-5654688|Reactome:R-DRE-5654689|Reactome:R-DRE-5654693|Reactome:R-DRE-5654695|Reactome:R-DRE-5654699|Reactome:R-DRE-5654700|Reactome:R-DRE-5654704|Reactome:R-DRE-5654706|Reactome:R-DRE-5654710|Reactome:R-DRE-5654712|Reactome:R-DRE-5654719|Reactome:R-DRE-5654720|Reactome:R-DRE-5654726|Reactome:R-DRE-5654727|Reactome:R-DRE-5654732|Reactome:R-DRE-5654733|Reactome:R-DRE-5673001|Reactome:R-DRE-6811558|Reactome:R-DRE-8849932|Reactome:R-DRE-8932505|Reactome:R-DRE-8957275|Reactome:R-DRE-8980692|Reactome:R-DRE-9007892|Reactome:R-DRE-9013148|Reactome:R-DRE-9013149|Reactome:R-DRE-9013404|Reactome:R-DRE-9013408|Reactome:R-DRE-9013409|Reactome:R-DRE-9013423|Reactome:R-DRE-983168|Reactome:R-DRE-9843940|Reactome:R-DRE-9843970|Reactome:R-DRE-9856649|Reactome:R-GGA-114608|Reactome:R-GGA-1227892|Reactome:R-GGA-1227986|Reactome:R-GGA-1236394|Reactome:R-GGA-1236974|Reactome:R-GGA-1236977|Reactome:R-GGA-1250196|Reactome:R-GGA-1250342|Reactome:R-GGA-1250347|Reactome:R-GGA-1257604|Reactome:R-GGA-1306955|Reactome:R-GGA-1358803|Reactome:R-GGA-1433557|Reactome:R-GGA-1433559|Reactome:R-GGA-1474228|Reactome:R-GGA-1566977|Reactome:R-GGA-163125|Reactome:R-GGA-190373|Reactome:R-GGA-193634|Reactome:R-GGA-1963640|Reactome:R-GGA-1963642|Reactome:R-GGA-198933|Reactome:R-GGA-202733|Reactome:R-GGA-210991|Reactome:R-GGA-2129379|Reactome:R-GGA-2132263|Reactome:R-GGA-2132286|Reactome:R-GGA-216083|Reactome:R-GGA-3000170|Reactome:R-GGA-3000178|Reactome:R-GGA-3214841|Reactome:R-GGA-354192|Reactome:R-GGA-354194|Reactome:R-GGA-372708|Reactome:R-GGA-373920|Reactome:R-GGA-381426|Reactome:R-GGA-388844|Reactome:R-GGA-433692|Reactome:R-GGA-434001|Reactome:R-GGA-434131|Reactome:R-GGA-449836|Reactome:R-GGA-5654726|Reactome:R-GGA-5673001|Reactome:R-GGA-5674135|Reactome:R-GGA-6785631|Reactome:R-GGA-6798695|Reactome:R-GGA-6811558|Reactome:R-GGA-8854691|Reactome:R-GGA-8863795|Reactome:R-GGA-8932505|Reactome:R-GGA-8957275|Reactome:R-GGA-9634597|Reactome:R-GGA-9749641|Reactome:R-GGA-983170|Reactome:R-GGA-9843940|Reactome:R-GGA-9843970|Reactome:R-GGA-9856649|Reactome:R-GGA-9860927|Reactome:R-HSA-1059683|Reactome:R-HSA-109704|Reactome:R-HSA-110056|Reactome:R-HSA-112411|Reactome:R-HSA-114604|Reactome:R-HSA-114608|Reactome:R-HSA-1169091|Reactome:R-HSA-1169408|Reactome:R-HSA-1170546|Reactome:R-HSA-1227986|Reactome:R-HSA-1236394|Reactome:R-HSA-1236974|Reactome:R-HSA-1236977|Reactome:R-HSA-1236978|Reactome:R-HSA-1250196|Reactome:R-HSA-1250342|Reactome:R-HSA-1250347|Reactome:R-HSA-1251985|Reactome:R-HSA-1257604|Reactome:R-HSA-1266695|Reactome:R-HSA-1300645|Reactome:R-HSA-1306955|Reactome:R-HSA-1307965|Reactome:R-HSA-1358803|Reactome:R-HSA-140834|Reactome:R-HSA-140837|Reactome:R-HSA-140875|Reactome:R-HSA-1433557|Reactome:R-HSA-1433559|Reactome:R-HSA-1442490|Reactome:R-HSA-1445148|Reactome:R-HSA-1462054|Reactome:R-HSA-1474228|Reactome:R-HSA-1483115|Reactome:R-HSA-1483152|Reactome:R-HSA-1566977|Reactome:R-HSA-163125|Reactome:R-HSA-1632852|Reactome:R-HSA-163680|Reactome:R-HSA-164939|Reactome:R-HSA-164940|Reactome:R-HSA-1650814|Reactome:R-HSA-1660499|Reactome:R-HSA-1660514|Reactome:R-HSA-166058|Reactome:R-HSA-1660661|Reactome:R-HSA-166663|Reactome:R-HSA-166665|Reactome:R-HSA-167021|Reactome:R-HSA-167044|Reactome:R-HSA-167590|Reactome:R-HSA-170968|Reactome:R-HSA-170984|Reactome:R-HSA-173107|Reactome:R-HSA-173623|Reactome:R-HSA-173736|Reactome:R-HSA-174577|Reactome:R-HSA-177504|Reactome:R-HSA-177929|Reactome:R-HSA-180534|Reactome:R-HSA-1810476|Reactome:R-HSA-181429|Reactome:R-HSA-181430|Reactome:R-HSA-182218|Reactome:R-HSA-182971|Reactome:R-HSA-1839120|Reactome:R-HSA-1839122|Reactome:R-HSA-1839128|Reactome:R-HSA-1839130|Reactome:R-HSA-1855183|Reactome:R-HSA-1855204|Reactome:R-HSA-186763|Reactome:R-HSA-186797|Reactome:R-HSA-187024|Reactome:R-HSA-187042|Reactome:R-HSA-187706|Reactome:R-HSA-190322|Reactome:R-HSA-190370|Reactome:R-HSA-190371|Reactome:R-HSA-190372|Reactome:R-HSA-190373|Reactome:R-HSA-190374|Reactome:R-HSA-190375|Reactome:R-HSA-190377|Reactome:R-HSA-1912408|Reactome:R-HSA-193634|Reactome:R-HSA-193648|Reactome:R-HSA-193692|Reactome:R-HSA-194306|Reactome:R-HSA-195399|Reactome:R-HSA-196108|Reactome:R-HSA-1963640|Reactome:R-HSA-1963642|Reactome:R-HSA-1971475|Reactome:R-HSA-198203|Reactome:R-HSA-198745|Reactome:R-HSA-198933|Reactome:R-HSA-200425|Reactome:R-HSA-2022090|Reactome:R-HSA-2022854|Reactome:R-HSA-2022857|Reactome:R-HSA-2022870|Reactome:R-HSA-2022923|Reactome:R-HSA-2022928|Reactome:R-HSA-2023837|Reactome:R-HSA-2024096|Reactome:R-HSA-2024101|Reactome:R-HSA-202424|Reactome:R-HSA-202427|Reactome:R-HSA-202430|Reactome:R-HSA-202433|Reactome:R-HSA-2025928|Reactome:R-HSA-202733|Reactome:R-HSA-2029481|Reactome:R-HSA-2029482|Reactome:R-HSA-2029485|Reactome:R-HSA-2033515|Reactome:R-HSA-2033519|Reactome:R-HSA-204005|Reactome:R-HSA-209560|Reactome:R-HSA-210500|Reactome:R-HSA-210744|Reactome:R-HSA-210990|Reactome:R-HSA-210991|Reactome:R-HSA-210993|Reactome:R-HSA-2122947|Reactome:R-HSA-2122948|Reactome:R-HSA-212676|Reactome:R-HSA-2129379|Reactome:R-HSA-2132295|Reactome:R-HSA-2151201|Reactome:R-HSA-2151209|Reactome:R-HSA-216083|Reactome:R-HSA-2160916|Reactome:R-HSA-2168880|Reactome:R-HSA-2172127|Reactome:R-HSA-2173791|Reactome:R-HSA-2197563|Reactome:R-HSA-2206292|Reactome:R-HSA-2206302|Reactome:R-HSA-2214320|Reactome:R-HSA-2219530|Reactome:R-HSA-2243919|Reactome:R-HSA-2404192|Reactome:R-HSA-2424491|Reactome:R-HSA-2428928|Reactome:R-HSA-2428933|Reactome:R-HSA-2454202|Reactome:R-HSA-2559582|Reactome:R-HSA-2565942|Reactome:R-HSA-2586552|Reactome:R-HSA-2644606|Reactome:R-HSA-264642|Reactome:R-HSA-264876|Reactome:R-HSA-2672351|Reactome:R-HSA-2682334|Reactome:R-HSA-2730905|Reactome:R-HSA-2871796|Reactome:R-HSA-2871809|Reactome:R-HSA-2871837|Reactome:R-HSA-2892247|Reactome:R-HSA-2894862|Reactome:R-HSA-2979096|Reactome:R-HSA-3000157|Reactome:R-HSA-3000170|Reactome:R-HSA-3000171|Reactome:R-HSA-3000178|Reactome:R-HSA-3134963|Reactome:R-HSA-3214841|Reactome:R-HSA-3214847|Reactome:R-HSA-3322077|Reactome:R-HSA-350054|Reactome:R-HSA-354192|Reactome:R-HSA-354194|Reactome:R-HSA-3560783|Reactome:R-HSA-3560801|Reactome:R-HSA-3595172|Reactome:R-HSA-3595174|Reactome:R-HSA-3595177|Reactome:R-HSA-3656225|Reactome:R-HSA-3656237|Reactome:R-HSA-3656243|Reactome:R-HSA-3656244|Reactome:R-HSA-3656253|Reactome:R-HSA-372708|Reactome:R-HSA-373752|Reactome:R-HSA-373753|Reactome:R-HSA-373756|Reactome:R-HSA-373760|Reactome:R-HSA-375165|Reactome:R-HSA-375276|Reactome:R-HSA-376172|Reactome:R-HSA-376176|Reactome:R-HSA-3785653|Reactome:R-HSA-380259|Reactome:R-HSA-380270|Reactome:R-HSA-380284|Reactome:R-HSA-380320|Reactome:R-HSA-380972|Reactome:R-HSA-381340|Reactome:R-HSA-381426|Reactome:R-HSA-3878781|Reactome:R-HSA-388844|Reactome:R-HSA-389356|Reactome:R-HSA-389357|Reactome:R-HSA-389359|Reactome:R-HSA-389513|Reactome:R-HSA-389948|Reactome:R-HSA-390522|Reactome:R-HSA-391160|Reactome:R-HSA-3928662|Reactome:R-HSA-3928663|Reactome:R-HSA-3928664|Reactome:R-HSA-3928665|Reactome:R-HSA-399954|Reactome:R-HSA-399955|Reactome:R-HSA-399956|Reactome:R-HSA-4086398|Reactome:R-HSA-4086400|Reactome:R-HSA-416476|Reactome:R-HSA-416482|Reactome:R-HSA-416550|Reactome:R-HSA-416572|Reactome:R-HSA-416700|Reactome:R-HSA-418594|Reactome:R-HSA-418885|Reactome:R-HSA-418886|Reactome:R-HSA-418889|Reactome:R-HSA-418890|Reactome:R-HSA-418990|Reactome:R-HSA-419037|Reactome:R-HSA-420029|Reactome:R-HSA-420597|Reactome:R-HSA-428540|Reactome:R-HSA-428542|Reactome:R-HSA-428543|Reactome:R-HSA-428890|Reactome:R-HSA-430116|Reactome:R-HSA-432142|Reactome:R-HSA-432722|Reactome:R-HSA-433692|Reactome:R-HSA-437239|Reactome:R-HSA-4420097|Reactome:R-HSA-4420332|Reactome:R-HSA-445095|Reactome:R-HSA-445144|Reactome:R-HSA-445355|Reactome:R-HSA-445989|Reactome:R-HSA-446107|Reactome:R-HSA-446353|Reactome:R-HSA-447038|Reactome:R-HSA-447041|Reactome:R-HSA-447043|Reactome:R-HSA-448706|Reactome:R-HSA-449836|Reactome:R-HSA-451927|Reactome:R-HSA-4755510|Reactome:R-HSA-5083628|Reactome:R-HSA-5083629|Reactome:R-HSA-5083633|Reactome:R-HSA-5083635|Reactome:R-HSA-512988|Reactome:R-HSA-5140745|Reactome:R-HSA-5173214|Reactome:R-HSA-5218921|Reactome:R-HSA-5223345|Reactome:R-HSA-525793|Reactome:R-HSA-5576892|Reactome:R-HSA-5603029|Reactome:R-HSA-5607761|Reactome:R-HSA-5607763|Reactome:R-HSA-5607764|Reactome:R-HSA-5619070|Reactome:R-HSA-5620912|Reactome:R-HSA-5620916|Reactome:R-HSA-5621575|Reactome:R-HSA-5627123|Reactome:R-HSA-5628897|Reactome:R-HSA-5632681|Reactome:R-HSA-5635838|Reactome:R-HSA-5654219|Reactome:R-HSA-5654221|Reactome:R-HSA-5654227|Reactome:R-HSA-5654228|Reactome:R-HSA-5654687|Reactome:R-HSA-5654688|Reactome:R-HSA-5654689|Reactome:R-HSA-5654693|Reactome:R-HSA-5654695|Reactome:R-HSA-5654699|Reactome:R-HSA-5654700|Reactome:R-HSA-5654704|Reactome:R-HSA-5654706|Reactome:R-HSA-5654710|Reactome:R-HSA-5654712|Reactome:R-HSA-5654719|Reactome:R-HSA-5654720|Reactome:R-HSA-5654726|Reactome:R-HSA-5654727|Reactome:R-HSA-5654732|Reactome:R-HSA-5654733|Reactome:R-HSA-5655253|Reactome:R-HSA-5655291|Reactome:R-HSA-5655302|Reactome:R-HSA-5655332|Reactome:R-HSA-5658623|Reactome:R-HSA-5660668|Reactome:R-HSA-5673001|Reactome:R-HSA-5674135|Reactome:R-HSA-5676590|Reactome:R-HSA-5683826|Reactome:R-HSA-5684264|Reactome:R-HSA-5687128|Reactome:R-HSA-5688849|Reactome:R-HSA-5688890|Reactome:R-HSA-5689603|Reactome:R-HSA-5690714|Reactome:R-HSA-5694530|Reactome:R-HSA-6783783|Reactome:R-HSA-6785631|Reactome:R-HSA-6785807|Reactome:R-HSA-6788467|Reactome:R-HSA-6798695|Reactome:R-HSA-6802946|Reactome:R-HSA-6802948|Reactome:R-HSA-6802952|Reactome:R-HSA-6802955|Reactome:R-HSA-6804756|Reactome:R-HSA-6806942|Reactome:R-HSA-6807004|Reactome:R-HSA-6809371|Reactome:R-HSA-6811558|Reactome:R-HSA-74713|Reactome:R-HSA-74749|Reactome:R-HSA-74751|Reactome:R-HSA-74752|Reactome:R-HSA-75892|Reactome:R-HSA-76009|Reactome:R-HSA-77387|Reactome:R-HSA-844456|Reactome:R-HSA-877300|Reactome:R-HSA-877312|Reactome:R-HSA-879415|Reactome:R-HSA-8847993|Reactome:R-HSA-8849932|Reactome:R-HSA-8851680|Reactome:R-HSA-8851708|Reactome:R-HSA-8851805|Reactome:R-HSA-8851907|Reactome:R-HSA-8852405|Reactome:R-HSA-8853333|Reactome:R-HSA-8853334|Reactome:R-HSA-8853336|Reactome:R-HSA-8853383|Reactome:R-HSA-8853884|Reactome:R-HSA-8854518|Reactome:R-HSA-8854691|Reactome:R-HSA-8856825|Reactome:R-HSA-8856828|Reactome:R-HSA-8857538|Reactome:R-HSA-8863795|Reactome:R-HSA-8865999|Reactome:R-HSA-8866654|Reactome:R-HSA-8866910|Reactome:R-HSA-8874081|Reactome:R-HSA-8875360|Reactome:R-HSA-8875513|Reactome:R-HSA-8875555|Reactome:R-HSA-8875656|Reactome:R-HSA-8875791|Reactome:R-HSA-8877330|Reactome:R-HSA-8932504|Reactome:R-HSA-8932505|Reactome:R-HSA-8932506|Reactome:R-HSA-8939247|Reactome:R-HSA-8941856|Reactome:R-HSA-8948216|Reactome:R-HSA-8951664|Reactome:R-HSA-8957275|Reactome:R-HSA-8963896|Reactome:R-HSA-8964038|Reactome:R-HSA-8964046|Reactome:R-HSA-8980692|Reactome:R-HSA-8983432|Reactome:R-HSA-8983711|Reactome:R-HSA-8984722|Reactome:R-HSA-8985586|Reactome:R-HSA-8985801|Reactome:R-HSA-8985947|Reactome:R-HSA-9006335|Reactome:R-HSA-9007892|Reactome:R-HSA-9008059|Reactome:R-HSA-9009391|Reactome:R-HSA-9010553|Reactome:R-HSA-9010642|Reactome:R-HSA-9012546|Reactome:R-HSA-9013026|Reactome:R-HSA-9013106|Reactome:R-HSA-9013148|Reactome:R-HSA-9013149|Reactome:R-HSA-9013404|Reactome:R-HSA-9013405|Reactome:R-HSA-9013406|Reactome:R-HSA-9013408|Reactome:R-HSA-9013409|Reactome:R-HSA-9013420|Reactome:R-HSA-9013423|Reactome:R-HSA-9013424|Reactome:R-HSA-9013508|Reactome:R-HSA-9013695|Reactome:R-HSA-9014826|Reactome:R-HSA-9014843|Reactome:R-HSA-9020558|Reactome:R-HSA-9020591|Reactome:R-HSA-9020702|Reactome:R-HSA-9020933|Reactome:R-HSA-9020956|Reactome:R-HSA-9020958|Reactome:R-HSA-9022699|Reactome:R-HSA-9024909|Reactome:R-HSA-9025046|Reactome:R-HSA-9026357|Reactome:R-HSA-9026519|Reactome:R-HSA-9026527|Reactome:R-HSA-9027276|Reactome:R-HSA-9027277|Reactome:R-HSA-9027283|Reactome:R-HSA-9027284|Reactome:R-HSA-9028335|Reactome:R-HSA-9028731|Reactome:R-HSA-9031628|Reactome:R-HSA-9032500|Reactome:R-HSA-9032759|Reactome:R-HSA-9032845|Reactome:R-HSA-9034013|Reactome:R-HSA-9034015|Reactome:R-HSA-9034793|Reactome:R-HSA-9034864|Reactome:R-HSA-9035034|Reactome:R-HSA-909733|Reactome:R-HSA-912526|Reactome:R-HSA-912694|Reactome:R-HSA-917977|Reactome:R-HSA-933542|Reactome:R-HSA-9603381|Reactome:R-HSA-9603505|Reactome:R-HSA-9607240|Reactome:R-HSA-9609523|Reactome:R-HSA-9609690|Reactome:R-HSA-9610379|Reactome:R-HSA-9613354|Reactome:R-HSA-9615017|Reactome:R-HSA-9616222|Reactome:R-HSA-9619483|Reactome:R-HSA-9619665|Reactome:R-HSA-9620244|Reactome:R-HSA-9634597|Reactome:R-HSA-9637628|Reactome:R-HSA-9638334|Reactome:R-HSA-9638630|Reactome:R-HSA-9645135|Reactome:R-HSA-9649948|Reactome:R-HSA-9656223|Reactome:R-HSA-9660826|Reactome:R-HSA-9664323|Reactome:R-HSA-9664422|Reactome:R-HSA-9664565|Reactome:R-HSA-9664873|Reactome:R-HSA-9665686|Reactome:R-HSA-9669914|Reactome:R-HSA-9669917|Reactome:R-HSA-9669921|Reactome:R-HSA-9669924|Reactome:R-HSA-9669926|Reactome:R-HSA-9669929|Reactome:R-HSA-9669933|Reactome:R-HSA-9669934|Reactome:R-HSA-9669935|Reactome:R-HSA-9669936|Reactome:R-HSA-9670439|Reactome:R-HSA-9673767|Reactome:R-HSA-9673768|Reactome:R-HSA-9673770|Reactome:R-HSA-9674396|Reactome:R-HSA-9674401|Reactome:R-HSA-9674403|Reactome:R-HSA-9674404|Reactome:R-HSA-9674428|Reactome:R-HSA-9674555|Reactome:R-HSA-9679191|Reactome:R-HSA-9680187|Reactome:R-HSA-9680350|Reactome:R-HSA-9692916|Reactome:R-HSA-9694614|Reactome:R-HSA-9696264|Reactome:R-HSA-9696270|Reactome:R-HSA-9696273|Reactome:R-HSA-9700645|Reactome:R-HSA-9701898|Reactome:R-HSA-9702509|Reactome:R-HSA-9702518|Reactome:R-HSA-9702569|Reactome:R-HSA-9702577|Reactome:R-HSA-9702581|Reactome:R-HSA-9702590|Reactome:R-HSA-9702596|Reactome:R-HSA-9702600|Reactome:R-HSA-9702605|Reactome:R-HSA-9702614|Reactome:R-HSA-9702620|Reactome:R-HSA-9702624|Reactome:R-HSA-9702632|Reactome:R-HSA-9702636|Reactome:R-HSA-9702998|Reactome:R-HSA-9703009|Reactome:R-HSA-9703648|Reactome:R-HSA-9705462|Reactome:R-HSA-9705671|Reactome:R-HSA-9706369|Reactome:R-HSA-9706374|Reactome:R-HSA-9706377|Reactome:R-HSA-9717207|Reactome:R-HSA-9725370|Reactome:R-HSA-9725371|Reactome:R-HSA-9725554|Reactome:R-HSA-9732724|Reactome:R-HSA-9734091|Reactome:R-HSA-9749641|Reactome:R-HSA-9752946|Reactome:R-HSA-975634|Reactome:R-HSA-9758919|Reactome:R-HSA-977225|Reactome:R-HSA-9772755|Reactome:R-HSA-977443|Reactome:R-HSA-977606|Reactome:R-HSA-9793380|Reactome:R-HSA-9818749|Reactome:R-HSA-9820960|Reactome:R-HSA-9824272|Reactome:R-HSA-9824585|Reactome:R-HSA-9825892|Reactome:R-HSA-982772|Reactome:R-HSA-9830674|Reactome:R-HSA-983168|Reactome:R-HSA-983170|Reactome:R-HSA-9833109|Reactome:R-HSA-9833110|Reactome:R-HSA-983695|Reactome:R-HSA-9843940|Reactome:R-HSA-9843970|Reactome:R-HSA-9844594|Reactome:R-HSA-9851151|Reactome:R-HSA-9854909|Reactome:R-HSA-9856530|Reactome:R-HSA-9856532|Reactome:R-HSA-9856649|Reactome:R-HSA-9860927|Reactome:R-HSA-9909620|Reactome:R-HSA-9909649|Reactome:R-HSA-9913351|Reactome:R-HSA-9918481|Reactome:R-HSA-9918485|Reactome:R-HSA-9920588|Reactome:R-HSA-9925563|Reactome:R-HSA-9926550|Reactome:R-HSA-9927353|Reactome:R-HSA-9927354|Reactome:R-HSA-9927418|Reactome:R-HSA-9927426|Reactome:R-HSA-9929356|Reactome:R-HSA-9929491|Reactome:R-HSA-9931269|Reactome:R-HSA-9931295|Reactome:R-HSA-9939291|Reactome:R-HSA-9942503|Reactome:R-HSA-9953038|Reactome:R-HSA-9953080|Reactome:R-MMU-1059683|Reactome:R-MMU-109704|Reactome:R-MMU-110056|Reactome:R-MMU-112411|Reactome:R-MMU-114604|Reactome:R-MMU-114608|Reactome:R-MMU-1169091|Reactome:R-MMU-1169408|Reactome:R-MMU-1170546|Reactome:R-MMU-1227986|Reactome:R-MMU-1236394|Reactome:R-MMU-1236974|Reactome:R-MMU-1236977|Reactome:R-MMU-1236978|Reactome:R-MMU-1250196|Reactome:R-MMU-1250342|Reactome:R-MMU-1250347|Reactome:R-MMU-1257604|Reactome:R-MMU-1266695|Reactome:R-MMU-1306955|Reactome:R-MMU-1307965|Reactome:R-MMU-1358803|Reactome:R-MMU-140834|Reactome:R-MMU-140837|Reactome:R-MMU-140875|Reactome:R-MMU-1433557|Reactome:R-MMU-1433559|Reactome:R-MMU-1442490|Reactome:R-MMU-1462054|Reactome:R-MMU-1474228|Reactome:R-MMU-1566977|Reactome:R-MMU-163125|Reactome:R-MMU-1632852|Reactome:R-MMU-163680|Reactome:R-MMU-1650814|Reactome:R-MMU-1660499|Reactome:R-MMU-1660514|Reactome:R-MMU-166663|Reactome:R-MMU-166665|Reactome:R-MMU-170968|Reactome:R-MMU-170984|Reactome:R-MMU-173623|Reactome:R-MMU-173736|Reactome:R-MMU-174577|Reactome:R-MMU-177504|Reactome:R-MMU-177929|Reactome:R-MMU-1810476|Reactome:R-MMU-181429|Reactome:R-MMU-181430|Reactome:R-MMU-182971|Reactome:R-MMU-1855183|Reactome:R-MMU-1855204|Reactome:R-MMU-186763|Reactome:R-MMU-186797|Reactome:R-MMU-187042|Reactome:R-MMU-190322|Reactome:R-MMU-190370|Reactome:R-MMU-190371|Reactome:R-MMU-190372|Reactome:R-MMU-190373|Reactome:R-MMU-190374|Reactome:R-MMU-190375|Reactome:R-MMU-190377|Reactome:R-MMU-193634|Reactome:R-MMU-193648|Reactome:R-MMU-193692|Reactome:R-MMU-194306|Reactome:R-MMU-195399|Reactome:R-MMU-196108|Reactome:R-MMU-1963640|Reactome:R-MMU-1963642|Reactome:R-MMU-1971475|Reactome:R-MMU-198203|Reactome:R-MMU-198933|Reactome:R-MMU-200425|Reactome:R-MMU-2022854|Reactome:R-MMU-2022857|Reactome:R-MMU-2022870|Reactome:R-MMU-2022923|Reactome:R-MMU-2024096|Reactome:R-MMU-2024101|Reactome:R-MMU-202424|Reactome:R-MMU-202427|Reactome:R-MMU-202430|Reactome:R-MMU-202433|Reactome:R-MMU-2025928|Reactome:R-MMU-202733|Reactome:R-MMU-2029481|Reactome:R-MMU-2029482|Reactome:R-MMU-2029485|Reactome:R-MMU-204005|Reactome:R-MMU-209560|Reactome:R-MMU-210500|Reactome:R-MMU-210990|Reactome:R-MMU-210991|Reactome:R-MMU-210993|Reactome:R-MMU-2122947|Reactome:R-MMU-212676|Reactome:R-MMU-2129379|Reactome:R-MMU-2132295|Reactome:R-MMU-216083|Reactome:R-MMU-2160916|Reactome:R-MMU-2168880|Reactome:R-MMU-2172127|Reactome:R-MMU-2173791|Reactome:R-MMU-2214320|Reactome:R-MMU-2243919|Reactome:R-MMU-2404192|Reactome:R-MMU-2424491|Reactome:R-MMU-2428928|Reactome:R-MMU-2428933|Reactome:R-MMU-2454202|Reactome:R-MMU-264642|Reactome:R-MMU-264876|Reactome:R-MMU-2672351|Reactome:R-MMU-2682334|Reactome:R-MMU-2730905|Reactome:R-MMU-2871796|Reactome:R-MMU-2871809|Reactome:R-MMU-2871837|Reactome:R-MMU-3000170|Reactome:R-MMU-3000178|Reactome:R-MMU-3134963|Reactome:R-MMU-3214841|Reactome:R-MMU-3214847|Reactome:R-MMU-3322077|Reactome:R-MMU-350054|Reactome:R-MMU-354192|Reactome:R-MMU-354194|Reactome:R-MMU-372708|Reactome:R-MMU-373752|Reactome:R-MMU-373753|Reactome:R-MMU-373756|Reactome:R-MMU-373760|Reactome:R-MMU-375165|Reactome:R-MMU-375276|Reactome:R-MMU-376172|Reactome:R-MMU-376176|Reactome:R-MMU-380972|Reactome:R-MMU-381426|Reactome:R-MMU-388844|Reactome:R-MMU-389356|Reactome:R-MMU-389357|Reactome:R-MMU-389359|Reactome:R-MMU-389513|Reactome:R-MMU-389948|Reactome:R-MMU-390522|Reactome:R-MMU-391160|Reactome:R-MMU-3928662|Reactome:R-MMU-3928663|Reactome:R-MMU-3928664|Reactome:R-MMU-3928665|Reactome:R-MMU-399954|Reactome:R-MMU-399955|Reactome:R-MMU-399956|Reactome:R-MMU-4086398|Reactome:R-MMU-416476|Reactome:R-MMU-416482|Reactome:R-MMU-416550|Reactome:R-MMU-416572|Reactome:R-MMU-416700|Reactome:R-MMU-418594|Reactome:R-MMU-418885|Reactome:R-MMU-418889|Reactome:R-MMU-418990|Reactome:R-MMU-419037|Reactome:R-MMU-420029|Reactome:R-MMU-420597|Reactome:R-MMU-428890|Reactome:R-MMU-430116|Reactome:R-MMU-432142|Reactome:R-MMU-432722|Reactome:R-MMU-433692|Reactome:R-MMU-437239|Reactome:R-MMU-4420097|Reactome:R-MMU-445095|Reactome:R-MMU-445144|Reactome:R-MMU-445355|Reactome:R-MMU-445989|Reactome:R-MMU-446107|Reactome:R-MMU-446353|Reactome:R-MMU-447043|Reactome:R-MMU-448706|Reactome:R-MMU-449836|Reactome:R-MMU-4755510|Reactome:R-MMU-512988|Reactome:R-MMU-5140745|Reactome:R-MMU-5173214|Reactome:R-MMU-5218921|Reactome:R-MMU-5223345|Reactome:R-MMU-525793|Reactome:R-MMU-5607761|Reactome:R-MMU-5607763|Reactome:R-MMU-5607764|Reactome:R-MMU-5620916|Reactome:R-MMU-5621575|Reactome:R-MMU-5627123|Reactome:R-MMU-5628897|Reactome:R-MMU-5632681|Reactome:R-MMU-5635838|Reactome:R-MMU-5654219|Reactome:R-MMU-5654221|Reactome:R-MMU-5654227|Reactome:R-MMU-5654228|Reactome:R-MMU-5654687|Reactome:R-MMU-5654688|Reactome:R-MMU-5654689|Reactome:R-MMU-5654693|Reactome:R-MMU-5654695|Reactome:R-MMU-5654699|Reactome:R-MMU-5654700|Reactome:R-MMU-5654704|Reactome:R-MMU-5654706|Reactome:R-MMU-5654710|Reactome:R-MMU-5654712|Reactome:R-MMU-5654719|Reactome:R-MMU-5654720|Reactome:R-MMU-5654726|Reactome:R-MMU-5654727|Reactome:R-MMU-5654732|Reactome:R-MMU-5654733|Reactome:R-MMU-5658623|Reactome:R-MMU-5660668|Reactome:R-MMU-5673001|Reactome:R-MMU-5674135|Reactome:R-MMU-5676590|Reactome:R-MMU-5683826|Reactome:R-MMU-5684264|Reactome:R-MMU-5687128|Reactome:R-MMU-5689603|Reactome:R-MMU-5690714|Reactome:R-MMU-5694530|Reactome:R-MMU-6783783|Reactome:R-MMU-6785631|Reactome:R-MMU-6785807|Reactome:R-MMU-6788467|Reactome:R-MMU-6798695|Reactome:R-MMU-6804756|Reactome:R-MMU-6806942|Reactome:R-MMU-6807004|Reactome:R-MMU-6809371|Reactome:R-MMU-6811558|Reactome:R-MMU-74713|Reactome:R-MMU-74749|Reactome:R-MMU-74751|Reactome:R-MMU-74752|Reactome:R-MMU-75892|Reactome:R-MMU-77387|Reactome:R-MMU-877300|Reactome:R-MMU-877312|Reactome:R-MMU-879415|Reactome:R-MMU-8847993|Reactome:R-MMU-8849932|Reactome:R-MMU-8851680|Reactome:R-MMU-8851805|Reactome:R-MMU-8851907|Reactome:R-MMU-8852405|Reactome:R-MMU-8853383|Reactome:R-MMU-8854691|Reactome:R-MMU-8856825|Reactome:R-MMU-8856828|Reactome:R-MMU-8857538|Reactome:R-MMU-8863795|Reactome:R-MMU-8865999|Reactome:R-MMU-8874081|Reactome:R-MMU-8875513|Reactome:R-MMU-8875555|Reactome:R-MMU-8875656|Reactome:R-MMU-8875791|Reactome:R-MMU-8932504|Reactome:R-MMU-8932505|Reactome:R-MMU-8932506|Reactome:R-MMU-8941856|Reactome:R-MMU-8948216|Reactome:R-MMU-8957275|Reactome:R-MMU-8963896|Reactome:R-MMU-8980692|Reactome:R-MMU-8983432|Reactome:R-MMU-8984722|Reactome:R-MMU-8985586|Reactome:R-MMU-8985947|Reactome:R-MMU-9006335|Reactome:R-MMU-9007892|Reactome:R-MMU-9009391|Reactome:R-MMU-9010553|Reactome:R-MMU-9012546|Reactome:R-MMU-9013026|Reactome:R-MMU-9013106|Reactome:R-MMU-9013148|Reactome:R-MMU-9013149|Reactome:R-MMU-9013404|Reactome:R-MMU-9013406|Reactome:R-MMU-9013408|Reactome:R-MMU-9013409|Reactome:R-MMU-9013420|Reactome:R-MMU-9013423|Reactome:R-MMU-9013424|Reactome:R-MMU-9014826|Reactome:R-MMU-9014843|Reactome:R-MMU-9020558|Reactome:R-MMU-9020591|Reactome:R-MMU-9020702|Reactome:R-MMU-9020933|Reactome:R-MMU-9020956|Reactome:R-MMU-9020958|Reactome:R-MMU-9026527|Reactome:R-MMU-9027276|Reactome:R-MMU-9027284|Reactome:R-MMU-9028731|Reactome:R-MMU-9032759|Reactome:R-MMU-9034013|Reactome:R-MMU-9034793|Reactome:R-MMU-9035034|Reactome:R-MMU-909733|Reactome:R-MMU-912526|Reactome:R-MMU-912694|Reactome:R-MMU-917977|Reactome:R-MMU-933542|Reactome:R-MMU-9603381|Reactome:R-MMU-9607240|Reactome:R-MMU-9609523|Reactome:R-MMU-9634597|Reactome:R-MMU-9664873|Reactome:R-MMU-9696264|Reactome:R-MMU-9696270|Reactome:R-MMU-9696273|Reactome:R-MMU-9706369|Reactome:R-MMU-9706374|Reactome:R-MMU-9732724|Reactome:R-MMU-9734091|Reactome:R-MMU-9749641|Reactome:R-MMU-9772755|Reactome:R-MMU-977606|Reactome:R-MMU-982772|Reactome:R-MMU-983168|Reactome:R-MMU-983170|Reactome:R-MMU-983695|Reactome:R-MMU-9843940|Reactome:R-MMU-9851151|Reactome:R-MMU-9856649|Reactome:R-MMU-9860927|Reactome:R-MMU-9913351|Reactome:R-MMU-9927353|Reactome:R-MMU-9927354|Reactome:R-MMU-9929356|Reactome:R-MMU-9929491|Reactome:R-MMU-9931269|Reactome:R-MMU-9931295|Reactome:R-MMU-9939291|Reactome:R-MTU-868688|Reactome:R-RNO-1059683|Reactome:R-RNO-109704|Reactome:R-RNO-110056|Reactome:R-RNO-112411|Reactome:R-RNO-114608|Reactome:R-RNO-1169091|Reactome:R-RNO-1170546|Reactome:R-RNO-1227986|Reactome:R-RNO-1236394|Reactome:R-RNO-1236974|Reactome:R-RNO-1236977|Reactome:R-RNO-1250196|Reactome:R-RNO-1250342|Reactome:R-RNO-1250347|Reactome:R-RNO-1257604|Reactome:R-RNO-1306955|Reactome:R-RNO-1307965|Reactome:R-RNO-1358803|Reactome:R-RNO-140834|Reactome:R-RNO-140837|Reactome:R-RNO-140875|Reactome:R-RNO-1462054|Reactome:R-RNO-1474228|Reactome:R-RNO-1566977|Reactome:R-RNO-163125|Reactome:R-RNO-1632852|Reactome:R-RNO-163680|Reactome:R-RNO-1660499|Reactome:R-RNO-1660514|Reactome:R-RNO-166663|Reactome:R-RNO-166665|Reactome:R-RNO-170968|Reactome:R-RNO-170984|Reactome:R-RNO-173623|Reactome:R-RNO-173736|Reactome:R-RNO-174577|Reactome:R-RNO-177504|Reactome:R-RNO-1810476|Reactome:R-RNO-181429|Reactome:R-RNO-181430|Reactome:R-RNO-1855183|Reactome:R-RNO-1855204|Reactome:R-RNO-186763|Reactome:R-RNO-186797|Reactome:R-RNO-187042|Reactome:R-RNO-190322|Reactome:R-RNO-190370|Reactome:R-RNO-190373|Reactome:R-RNO-190374|Reactome:R-RNO-193634|Reactome:R-RNO-193648|Reactome:R-RNO-193692|Reactome:R-RNO-194306|Reactome:R-RNO-195399|Reactome:R-RNO-196108|Reactome:R-RNO-1963640|Reactome:R-RNO-1963642|Reactome:R-RNO-1971475|Reactome:R-RNO-198203|Reactome:R-RNO-198933|Reactome:R-RNO-200425|Reactome:R-RNO-2022854|Reactome:R-RNO-2022857|Reactome:R-RNO-2022870|Reactome:R-RNO-2022923|Reactome:R-RNO-2024101|Reactome:R-RNO-202424|Reactome:R-RNO-202427|Reactome:R-RNO-202430|Reactome:R-RNO-202433|Reactome:R-RNO-2025928|Reactome:R-RNO-202733|Reactome:R-RNO-2029481|Reactome:R-RNO-2029482|Reactome:R-RNO-2029485|Reactome:R-RNO-209560|Reactome:R-RNO-210500|Reactome:R-RNO-210990|Reactome:R-RNO-210991|Reactome:R-RNO-212676|Reactome:R-RNO-2129379|Reactome:R-RNO-2132295|Reactome:R-RNO-216083|Reactome:R-RNO-2160916|Reactome:R-RNO-2172127|Reactome:R-RNO-2173791|Reactome:R-RNO-2404192|Reactome:R-RNO-2424491|Reactome:R-RNO-2428928|Reactome:R-RNO-2428933|Reactome:R-RNO-2454202|Reactome:R-RNO-264642|Reactome:R-RNO-264876|Reactome:R-RNO-2682334|Reactome:R-RNO-2730905|Reactome:R-RNO-2871796|Reactome:R-RNO-2871809|Reactome:R-RNO-2871837|Reactome:R-RNO-3000170|Reactome:R-RNO-3000178|Reactome:R-RNO-3134963|Reactome:R-RNO-3214841|Reactome:R-RNO-3214847|Reactome:R-RNO-354192|Reactome:R-RNO-354194|Reactome:R-RNO-372708|Reactome:R-RNO-373752|Reactome:R-RNO-373753|Reactome:R-RNO-373760|Reactome:R-RNO-375165|Reactome:R-RNO-375276|Reactome:R-RNO-376172|Reactome:R-RNO-380972|Reactome:R-RNO-381426|Reactome:R-RNO-388844|Reactome:R-RNO-389356|Reactome:R-RNO-389357|Reactome:R-RNO-389359|Reactome:R-RNO-389948|Reactome:R-RNO-390522|Reactome:R-RNO-391160|Reactome:R-RNO-3928662|Reactome:R-RNO-3928663|Reactome:R-RNO-3928664|Reactome:R-RNO-3928665|Reactome:R-RNO-399954|Reactome:R-RNO-399955|Reactome:R-RNO-399956|Reactome:R-RNO-416476|Reactome:R-RNO-416482|Reactome:R-RNO-416550|Reactome:R-RNO-416700|Reactome:R-RNO-418594|Reactome:R-RNO-418885|Reactome:R-RNO-418889|Reactome:R-RNO-418990|Reactome:R-RNO-419037|Reactome:R-RNO-420029|Reactome:R-RNO-420597|Reactome:R-RNO-432142|Reactome:R-RNO-432722|Reactome:R-RNO-433692|Reactome:R-RNO-437239|Reactome:R-RNO-4420097|Reactome:R-RNO-445095|Reactome:R-RNO-445144|Reactome:R-RNO-445989|Reactome:R-RNO-446107|Reactome:R-RNO-446353|Reactome:R-RNO-447043|Reactome:R-RNO-448706|Reactome:R-RNO-449836|Reactome:R-RNO-5218921|Reactome:R-RNO-5223345|Reactome:R-RNO-525793|Reactome:R-RNO-5607763|Reactome:R-RNO-5607764|Reactome:R-RNO-5620916|Reactome:R-RNO-5621575|Reactome:R-RNO-5628897|Reactome:R-RNO-5632681|Reactome:R-RNO-5654219|Reactome:R-RNO-5654228|Reactome:R-RNO-5654687|Reactome:R-RNO-5654688|Reactome:R-RNO-5654689|Reactome:R-RNO-5654693|Reactome:R-RNO-5654712|Reactome:R-RNO-5654719|Reactome:R-RNO-5654720|Reactome:R-RNO-5654726|Reactome:R-RNO-5654733|Reactome:R-RNO-5658623|Reactome:R-RNO-5673001|Reactome:R-RNO-5674135|Reactome:R-RNO-5683826|Reactome:R-RNO-5684264|Reactome:R-RNO-5687128|Reactome:R-RNO-5689603|Reactome:R-RNO-6785631|Reactome:R-RNO-6785807|Reactome:R-RNO-6788467|Reactome:R-RNO-6798695|Reactome:R-RNO-6804756|Reactome:R-RNO-6806942|Reactome:R-RNO-6807004|Reactome:R-RNO-6809371|Reactome:R-RNO-6811558|Reactome:R-RNO-74713|Reactome:R-RNO-74749|Reactome:R-RNO-74751|Reactome:R-RNO-74752|Reactome:R-RNO-77387|Reactome:R-RNO-879415|Reactome:R-RNO-8847993|Reactome:R-RNO-8849932|Reactome:R-RNO-8851680|Reactome:R-RNO-8851805|Reactome:R-RNO-8851907|Reactome:R-RNO-8853383|Reactome:R-RNO-8854691|Reactome:R-RNO-8856825|Reactome:R-RNO-8856828|Reactome:R-RNO-8857538|Reactome:R-RNO-8863795|Reactome:R-RNO-8865999|Reactome:R-RNO-8874081|Reactome:R-RNO-8875513|Reactome:R-RNO-8875555|Reactome:R-RNO-8875656|Reactome:R-RNO-8875791|Reactome:R-RNO-8932505|Reactome:R-RNO-8951664|Reactome:R-RNO-8957275|Reactome:R-RNO-8963896|Reactome:R-RNO-8980692|Reactome:R-RNO-8983432|Reactome:R-RNO-8984722|Reactome:R-RNO-9006335|Reactome:R-RNO-9007892|Reactome:R-RNO-9009391|Reactome:R-RNO-9013026|Reactome:R-RNO-9013106|Reactome:R-RNO-9013148|Reactome:R-RNO-9013149|Reactome:R-RNO-9013404|Reactome:R-RNO-9013408|Reactome:R-RNO-9013409|Reactome:R-RNO-9013423|Reactome:R-RNO-9014826|Reactome:R-RNO-9014843|Reactome:R-RNO-9020558|Reactome:R-RNO-9020702|Reactome:R-RNO-9020956|Reactome:R-RNO-9026527|Reactome:R-RNO-9027276|Reactome:R-RNO-9027284|Reactome:R-RNO-9028731|Reactome:R-RNO-9032759|Reactome:R-RNO-9034013|Reactome:R-RNO-9034793|Reactome:R-RNO-9035034|Reactome:R-RNO-912526|Reactome:R-RNO-917977|Reactome:R-RNO-933542|Reactome:R-RNO-9603381|Reactome:R-RNO-9609523|Reactome:R-RNO-9634597|Reactome:R-RNO-9664873|Reactome:R-RNO-9734091|Reactome:R-RNO-9749641|Reactome:R-RNO-9772755|Reactome:R-RNO-977606|Reactome:R-RNO-982772|Reactome:R-RNO-983168|Reactome:R-RNO-983170|Reactome:R-RNO-9851151|Reactome:R-RNO-9860927|Reactome:R-RNO-9927353|Reactome:R-RNO-9927354|Reactome:R-RNO-9931269|Reactome:R-SCE-1632852|Reactome:R-SCE-163680|Reactome:R-SCE-200425|Reactome:R-SCE-3322077|Reactome:R-SCE-380972|Reactome:R-SCE-6798695|Reactome:R-SCE-8948751|Reactome:R-SCE-9013106|Reactome:R-SCE-9609523|Reactome:R-SPO-1632852|Reactome:R-SPO-163680|Reactome:R-SPO-200425|Reactome:R-SPO-380972|Reactome:R-SPO-5628897|Reactome:R-SPO-6798695|Reactome:R-SPO-9609523|Reactome:R-SPO-9664873|Reactome:R-SSC-114608|Reactome:R-SSC-1170546|Reactome:R-SSC-1236974|Reactome:R-SSC-1236977|Reactome:R-SSC-1257604|Reactome:R-SSC-1474228|Reactome:R-SSC-173623|Reactome:R-SSC-198933|Reactome:R-SSC-2022854|Reactome:R-SSC-2022857|Reactome:R-SSC-2024101|Reactome:R-SSC-202424|Reactome:R-SSC-202427|Reactome:R-SSC-202430|Reactome:R-SSC-202433|Reactome:R-SSC-202733|Reactome:R-SSC-2029481|Reactome:R-SSC-2029482|Reactome:R-SSC-2029485|Reactome:R-SSC-210990|Reactome:R-SSC-2132295|Reactome:R-SSC-216083|Reactome:R-SSC-2160916|Reactome:R-SSC-2168880|Reactome:R-SSC-2424491|Reactome:R-SSC-2454202|Reactome:R-SSC-2730905|Reactome:R-SSC-2871796|Reactome:R-SSC-2871809|Reactome:R-SSC-2871837|Reactome:R-SSC-3000178|Reactome:R-SSC-389948|Reactome:R-SSC-391160|Reactome:R-SSC-416550|Reactome:R-SSC-432142|Reactome:R-SSC-5673001|Reactome:R-SSC-5690714|Reactome:R-SSC-6798695|Reactome:R-SSC-6806942|Reactome:R-SSC-6807004|Reactome:R-SSC-6811558|Reactome:R-SSC-8851805|Reactome:R-SSC-8851907|Reactome:R-SSC-8856825|Reactome:R-SSC-8856828|Reactome:R-SSC-8865999|Reactome:R-SSC-8874081|Reactome:R-SSC-8875513|Reactome:R-SSC-8875555|Reactome:R-SSC-8875656|Reactome:R-SSC-8875791|Reactome:R-SSC-8980692|Reactome:R-SSC-9006335|Reactome:R-SSC-9013106|Reactome:R-SSC-9013404|Reactome:R-SSC-9013408|Reactome:R-SSC-9020591|Reactome:R-SSC-9020933|Reactome:R-SSC-9027276|Reactome:R-SSC-9027284|Reactome:R-SSC-9734091|Reactome:R-SSC-977606|Reactome:R-SSC-982772|Reactome:R-SSC-983170|Reactome:R-SSC-983695|Reactome:R-XTR-202433|Reactome:R-XTR-418990|Reactome:R-XTR-5654687
D_firmibasis_KAK5582903	a6bbfb3e7be3049b8096286578c44f77	2194	MobiDBLite	mobidb-lite	consensus disorder prediction	1957	2000	-	T	26-08-2026	-	-	-	-
D_firmibasis_KAK5582903	a6bbfb3e7be3049b8096286578c44f77	2194	Coils	Coil	Coil	41	61	-	T	26-08-2026	-	-	-	-
D_firmibasis_KAK5582903	a6bbfb3e7be3049b8096286578c44f77	2194	ProSiteProfiles	PS50221	GAIN-B domain profile.	1765	1917	13.23955	T	26-08-2026	IPR057244	GAIN, subdomain B	-	Reactome:R-CEL-373080|Reactome:R-CEL-6798695|Reactome:R-CEL-9619665|Reactome:R-DME-350368|Reactome:R-DME-350376|Reactome:R-DME-350379|Reactome:R-DME-350411|Reactome:R-DME-350480|Reactome:R-DME-373080|Reactome:R-DME-450728|Reactome:R-DME-6798695|Reactome:R-DME-9619665|Reactome:R-DRE-9619665|Reactome:R-HSA-373080|Reactome:R-HSA-5620916|Reactome:R-HSA-5683826|Reactome:R-HSA-6798695|Reactome:R-HSA-9619665|Reactome:R-MMU-373080|Reactome:R-MMU-5620916|Reactome:R-MMU-5683826|Reactome:R-MMU-6798695|Reactome:R-MMU-9619665|Reactome:R-RNO-373080|Reactome:R-RNO-5683826
D_firmibasis_KAK5582903	a6bbfb3e7be3049b8096286578c44f77	2194	MobiDBLite	mobidb-lite	consensus disorder prediction	2065	2075	-	T	26-08-2026	-	-	-	-
D_firmibasis_KAK5582903	a6bbfb3e7be3049b8096286578c44f77	2194	MobiDBLite	mobidb-lite	consensus disorder prediction	2055	2098	-	T	26-08-2026	-	-	-	-
D_firmibasis_KAK5582903	a6bbfb3e7be3049b8096286578c44f77	2194	MobiDBLite	mobidb-lite	consensus disorder prediction	2055	2064	-	T	26-08-2026	-	-	-	-
D_firmibasis_KAK5582903	a6bbfb3e7be3049b8096286578c44f77	2194	Gene3D	G3DSA:2.60.40.10	Immunoglobulins	986	1083	2.5E-9	T	26-08-2026	IPR013783	Immunoglobulin-like fold	-	Reactome:R-BTA-114608|Reactome:R-BTA-1236974|Reactome:R-BTA-1236977|Reactome:R-BTA-1257604|Reactome:R-BTA-1266695|Reactome:R-BTA-140834|Reactome:R-BTA-163125|Reactome:R-BTA-1632852|Reactome:R-BTA-1660661|Reactome:R-BTA-173736|Reactome:R-BTA-174577|Reactome:R-BTA-1971475|Reactome:R-BTA-198933|Reactome:R-BTA-2022870|Reactome:R-BTA-2022923|Reactome:R-BTA-2024101|Reactome:R-BTA-202424|Reactome:R-BTA-202427|Reactome:R-BTA-202430|Reactome:R-BTA-202433|Reactome:R-BTA-202733|Reactome:R-BTA-210993|Reactome:R-BTA-216083|Reactome:R-BTA-2173791|Reactome:R-BTA-2424491|Reactome:R-BTA-3000178|Reactome:R-BTA-350054|Reactome:R-BTA-375276|Reactome:R-BTA-380972|Reactome:R-BTA-381426|Reactome:R-BTA-388844|Reactome:R-BTA-389948|Reactome:R-BTA-418594|Reactome:R-BTA-420029|Reactome:R-BTA-445355|Reactome:R-BTA-5576892|Reactome:R-BTA-5627123|Reactome:R-BTA-5628897|Reactome:R-BTA-5673001|Reactome:R-BTA-5690714|Reactome:R-BTA-6785807|Reactome:R-BTA-6798695|Reactome:R-BTA-6804756|Reactome:R-BTA-6811558|Reactome:R-BTA-77387|Reactome:R-BTA-8849932|Reactome:R-BTA-8856825|Reactome:R-BTA-8856828|Reactome:R-BTA-8932505|Reactome:R-BTA-8941856|Reactome:R-BTA-8957275|Reactome:R-BTA-8980692|Reactome:R-BTA-8983432|Reactome:R-BTA-8985947|Reactome:R-BTA-9013106|Reactome:R-BTA-9013404|Reactome:R-BTA-9013408|Reactome:R-BTA-9020558|Reactome:R-BTA-9020958|Reactome:R-BTA-909733|Reactome:R-BTA-912526|Reactome:R-BTA-912694|Reactome:R-BTA-9609523|Reactome:R-BTA-977606|Reactome:R-BTA-983168|Reactome:R-BTA-983170|Reactome:R-BTA-983695|Reactome:R-BTA-9927354|Reactome:R-BTA-9931269|Reactome:R-CEL-1257604|Reactome:R-CEL-1433557|Reactome:R-CEL-1433559|Reactome:R-CEL-1474228|Reactome:R-CEL-186763|Reactome:R-CEL-186797|Reactome:R-CEL-190322|Reactome:R-CEL-190370|Reactome:R-CEL-190371|Reactome:R-CEL-190372|Reactome:R-CEL-190373|Reactome:R-CEL-190375|Reactome:R-CEL-190377|Reactome:R-CEL-1971475|Reactome:R-CEL-2022928|Reactome:R-CEL-2024096|Reactome:R-CEL-209968|Reactome:R-CEL-210991|Reactome:R-CEL-216083|Reactome:R-CEL-2243919|Reactome:R-CEL-264876|Reactome:R-CEL-2682334|Reactome:R-CEL-3000171|Reactome:R-CEL-3000178|Reactome:R-CEL-373752|Reactome:R-CEL-373753|Reactome:R-CEL-375165|Reactome:R-CEL-376176|Reactome:R-CEL-388844|Reactome:R-CEL-3928662|Reactome:R-CEL-3928663|Reactome:R-CEL-3928664|Reactome:R-CEL-3928665|Reactome:R-CEL-399955|Reactome:R-CEL-399956|Reactome:R-CEL-416482|Reactome:R-CEL-416572|Reactome:R-CEL-416700|Reactome:R-CEL-418885|Reactome:R-CEL-419037|Reactome:R-CEL-428542|Reactome:R-CEL-433692|Reactome:R-CEL-4420097|Reactome:R-CEL-445144|Reactome:R-CEL-447043|Reactome:R-CEL-5140745|Reactome:R-CEL-5218920|Reactome:R-CEL-525793|Reactome:R-CEL-5620916|Reactome:R-CEL-5654219|Reactome:R-CEL-5654221|Reactome:R-CEL-5654227|Reactome:R-CEL-5654228|Reactome:R-CEL-5654689|Reactome:R-CEL-5654693|Reactome:R-CEL-5654695|Reactome:R-CEL-5654699|Reactome:R-CEL-5654700|Reactome:R-CEL-5654704|Reactome:R-CEL-5654706|Reactome:R-CEL-5654710|Reactome:R-CEL-5654712|Reactome:R-CEL-5654720|Reactome:R-CEL-5654726|Reactome:R-CEL-5654727|Reactome:R-CEL-5654732|Reactome:R-CEL-5654733|Reactome:R-CEL-5673001|Reactome:R-CEL-6798695|Reactome:R-CEL-6809371|Reactome:R-CEL-6811558|Reactome:R-CEL-77387|Reactome:R-CEL-8849932|Reactome:R-CEL-8853383|Reactome:R-CEL-8863795|Reactome:R-CEL-8941413|Reactome:R-CEL-9013149|Reactome:R-CEL-9013420|Reactome:R-CEL-9013423|Reactome:R-CEL-9013424|Reactome:R-CEL-913709|Reactome:R-CEL-9607240|Reactome:R-CEL-9749641|Reactome:R-CEL-9764561|Reactome:R-CEL-9772755|Reactome:R-CEL-9913351|Reactome:R-CFA-1257604|Reactome:R-CFA-1433557|Reactome:R-CFA-1433559|Reactome:R-CFA-198933|Reactome:R-CFA-2024096|Reactome:R-CFA-2024101|Reactome:R-CFA-202424|Reactome:R-CFA-202427|Reactome:R-CFA-202430|Reactome:R-CFA-202433|Reactome:R-CFA-216083|Reactome:R-CFA-389948|Reactome:R-CFA-5673001|Reactome:R-CFA-5690714|Reactome:R-CFA-6785807|Reactome:R-CFA-6788467|Reactome:R-CFA-6811558|Reactome:R-CFA-8932504|Reactome:R-CFA-8932505|Reactome:R-CFA-8932506|Reactome:R-CFA-9010553|Reactome:R-CFA-983170|Reactome:R-CFA-983695|Reactome:R-CFA-9856649|Reactome:R-CFA-9913351|Reactome:R-CFA-9927354|Reactome:R-CFA-9939291|Reactome:R-DDI-3295583|Reactome:R-DDI-5213460|Reactome:R-DDI-5673000|Reactome:R-DDI-5674135|Reactome:R-DDI-5675221|Reactome:R-DDI-5675482|Reactome:R-DME-109704|Reactome:R-DME-110478|Reactome:R-DME-114608|Reactome:R-DME-1169091|Reactome:R-DME-1227986|Reactome:R-DME-1236394|Reactome:R-DME-1250196|Reactome:R-DME-1250342|Reactome:R-DME-1250347|Reactome:R-DME-1257604|Reactome:R-DME-1307965|Reactome:R-DME-1358803|Reactome:R-DME-1474228|Reactome:R-DME-1810476|Reactome:R-DME-190322|Reactome:R-DME-190370|Reactome:R-DME-190371|Reactome:R-DME-190372|Reactome:R-DME-190373|Reactome:R-DME-190374|Reactome:R-DME-190375|Reactome:R-DME-190377|Reactome:R-DME-1963640|Reactome:R-DME-1963642|Reactome:R-DME-1971475|Reactome:R-DME-2022928|Reactome:R-DME-2024096|Reactome:R-DME-2024101|Reactome:R-DME-202424|Reactome:R-DME-202733|Reactome:R-DME-209209|Reactome:R-DME-209228|Reactome:R-DME-209338|Reactome:R-DME-209394|Reactome:R-DME-209400|Reactome:R-DME-209406|Reactome:R-DME-209560|Reactome:R-DME-209968|Reactome:R-DME-210688|Reactome:R-DME-210991|Reactome:R-DME-214399|Reactome:R-DME-214411|Reactome:R-DME-214416|Reactome:R-DME-214842|Reactome:R-DME-214844|Reactome:R-DME-214869|Reactome:R-DME-216083|Reactome:R-DME-264876|Reactome:R-DME-2871837|Reactome:R-DME-3000171|Reactome:R-DME-3000178|Reactome:R-DME-3134963|Reactome:R-DME-3214847|Reactome:R-DME-350054|Reactome:R-DME-373080|Reactome:R-DME-373752|Reactome:R-DME-373753|Reactome:R-DME-375165|Reactome:R-DME-376172|Reactome:R-DME-388844|Reactome:R-DME-416482|Reactome:R-DME-416572|Reactome:R-DME-416700|Reactome:R-DME-418990|Reactome:R-DME-419037|Reactome:R-DME-420597|Reactome:R-DME-428542|Reactome:R-DME-433692|Reactome:R-DME-445144|Reactome:R-DME-445989|Reactome:R-DME-446353|Reactome:R-DME-447043|Reactome:R-DME-4755510|Reactome:R-DME-5607761|Reactome:R-DME-5607764|Reactome:R-DME-5620916|Reactome:R-DME-5621575|Reactome:R-DME-5627123|Reactome:R-DME-5654219|Reactome:R-DME-5654221|Reactome:R-DME-5654227|Reactome:R-DME-5654228|Reactome:R-DME-5654687|Reactome:R-DME-5654688|Reactome:R-DME-5654689|Reactome:R-DME-5654693|Reactome:R-DME-5654695|Reactome:R-DME-5654699|Reactome:R-DME-5654700|Reactome:R-DME-5654704|Reactome:R-DME-5654706|Reactome:R-DME-5654710|Reactome:R-DME-5654712|Reactome:R-DME-5654719|Reactome:R-DME-5654720|Reactome:R-DME-5654726|Reactome:R-DME-5654727|Reactome:R-DME-5654732|Reactome:R-DME-5654733|Reactome:R-DME-5658623|Reactome:R-DME-5673001|Reactome:R-DME-5676590|Reactome:R-DME-5689603|Reactome:R-DME-6785631|Reactome:R-DME-6798695|Reactome:R-DME-6807878|Reactome:R-DME-6811558|Reactome:R-DME-77387|Reactome:R-DME-8849932|Reactome:R-DME-8863795|Reactome:R-DME-8941413|Reactome:R-DME-9009391|Reactome:R-DME-9020702|Reactome:R-DME-913709|Reactome:R-DME-933542|Reactome:R-DME-9749641|Reactome:R-DME-977068|Reactome:R-DME-9772755|Reactome:R-DME-983168|Reactome:R-DME-9860927|Reactome:R-DME-9913351|Reactome:R-DRE-109704|Reactome:R-DRE-1257604|Reactome:R-DRE-1300645|Reactome:R-DRE-1307965|Reactome:R-DRE-1433557|Reactome:R-DRE-1433559|Reactome:R-DRE-186763|Reactome:R-DRE-186797|Reactome:R-DRE-190322|Reactome:R-DRE-190370|Reactome:R-DRE-190371|Reactome:R-DRE-190372|Reactome:R-DRE-190373|Reactome:R-DRE-190374|Reactome:R-DRE-190375|Reactome:R-DRE-190377|Reactome:R-DRE-193648|Reactome:R-DRE-194306|Reactome:R-DRE-195399|Reactome:R-DRE-198933|Reactome:R-DRE-202733|Reactome:R-DRE-210993|Reactome:R-DRE-2132295|Reactome:R-DRE-216083|Reactome:R-DRE-2682334|Reactome:R-DRE-3214841|Reactome:R-DRE-381426|Reactome:R-DRE-388844|Reactome:R-DRE-3928662|Reactome:R-DRE-3928663|Reactome:R-DRE-3928664|Reactome:R-DRE-3928665|Reactome:R-DRE-399954|Reactome:R-DRE-399956|Reactome:R-DRE-416476|Reactome:R-DRE-416482|Reactome:R-DRE-416550|Reactome:R-DRE-416572|Reactome:R-DRE-418990|Reactome:R-DRE-420597|Reactome:R-DRE-4420097|Reactome:R-DRE-449836|Reactome:R-DRE-5218921|Reactome:R-DRE-5654219|Reactome:R-DRE-5654221|Reactome:R-DRE-5654227|Reactome:R-DRE-5654228|Reactome:R-DRE-5654687|Reactome:R-DRE-5654688|Reactome:R-DRE-5654689|Reactome:R-DRE-5654693|Reactome:R-DRE-5654695|Reactome:R-DRE-5654699|Reactome:R-DRE-5654700|Reactome:R-DRE-5654704|Reactome:R-DRE-5654706|Reactome:R-DRE-5654710|Reactome:R-DRE-5654712|Reactome:R-DRE-5654719|Reactome:R-DRE-5654720|Reactome:R-DRE-5654726|Reactome:R-DRE-5654727|Reactome:R-DRE-5654732|Reactome:R-DRE-5654733|Reactome:R-DRE-5673001|Reactome:R-DRE-6811558|Reactome:R-DRE-8849932|Reactome:R-DRE-8932505|Reactome:R-DRE-8957275|Reactome:R-DRE-8980692|Reactome:R-DRE-9007892|Reactome:R-DRE-9013148|Reactome:R-DRE-9013149|Reactome:R-DRE-9013404|Reactome:R-DRE-9013408|Reactome:R-DRE-9013409|Reactome:R-DRE-9013423|Reactome:R-DRE-983168|Reactome:R-DRE-9843940|Reactome:R-DRE-9843970|Reactome:R-DRE-9856649|Reactome:R-GGA-114608|Reactome:R-GGA-1227892|Reactome:R-GGA-1227986|Reactome:R-GGA-1236394|Reactome:R-GGA-1236974|Reactome:R-GGA-1236977|Reactome:R-GGA-1250196|Reactome:R-GGA-1250342|Reactome:R-GGA-1250347|Reactome:R-GGA-1257604|Reactome:R-GGA-1306955|Reactome:R-GGA-1358803|Reactome:R-GGA-1433557|Reactome:R-GGA-1433559|Reactome:R-GGA-1474228|Reactome:R-GGA-1566977|Reactome:R-GGA-163125|Reactome:R-GGA-190373|Reactome:R-GGA-193634|Reactome:R-GGA-1963640|Reactome:R-GGA-1963642|Reactome:R-GGA-198933|Reactome:R-GGA-202733|Reactome:R-GGA-210991|Reactome:R-GGA-2129379|Reactome:R-GGA-2132263|Reactome:R-GGA-2132286|Reactome:R-GGA-216083|Reactome:R-GGA-3000170|Reactome:R-GGA-3000178|Reactome:R-GGA-3214841|Reactome:R-GGA-354192|Reactome:R-GGA-354194|Reactome:R-GGA-372708|Reactome:R-GGA-373920|Reactome:R-GGA-381426|Reactome:R-GGA-388844|Reactome:R-GGA-433692|Reactome:R-GGA-434001|Reactome:R-GGA-434131|Reactome:R-GGA-449836|Reactome:R-GGA-5654726|Reactome:R-GGA-5673001|Reactome:R-GGA-5674135|Reactome:R-GGA-6785631|Reactome:R-GGA-6798695|Reactome:R-GGA-6811558|Reactome:R-GGA-8854691|Reactome:R-GGA-8863795|Reactome:R-GGA-8932505|Reactome:R-GGA-8957275|Reactome:R-GGA-9634597|Reactome:R-GGA-9749641|Reactome:R-GGA-983170|Reactome:R-GGA-9843940|Reactome:R-GGA-9843970|Reactome:R-GGA-9856649|Reactome:R-GGA-9860927|Reactome:R-HSA-1059683|Reactome:R-HSA-109704|Reactome:R-HSA-110056|Reactome:R-HSA-112411|Reactome:R-HSA-114604|Reactome:R-HSA-114608|Reactome:R-HSA-1169091|Reactome:R-HSA-1169408|Reactome:R-HSA-1170546|Reactome:R-HSA-1227986|Reactome:R-HSA-1236394|Reactome:R-HSA-1236974|Reactome:R-HSA-1236977|Reactome:R-HSA-1236978|Reactome:R-HSA-1250196|Reactome:R-HSA-1250342|Reactome:R-HSA-1250347|Reactome:R-HSA-1251985|Reactome:R-HSA-1257604|Reactome:R-HSA-1266695|Reactome:R-HSA-1300645|Reactome:R-HSA-1306955|Reactome:R-HSA-1307965|Reactome:R-HSA-1358803|Reactome:R-HSA-140834|Reactome:R-HSA-140837|Reactome:R-HSA-140875|Reactome:R-HSA-1433557|Reactome:R-HSA-1433559|Reactome:R-HSA-1442490|Reactome:R-HSA-1445148|Reactome:R-HSA-1462054|Reactome:R-HSA-1474228|Reactome:R-HSA-1483115|Reactome:R-HSA-1483152|Reactome:R-HSA-1566977|Reactome:R-HSA-163125|Reactome:R-HSA-1632852|Reactome:R-HSA-163680|Reactome:R-HSA-164939|Reactome:R-HSA-164940|Reactome:R-HSA-1650814|Reactome:R-HSA-1660499|Reactome:R-HSA-1660514|Reactome:R-HSA-166058|Reactome:R-HSA-1660661|Reactome:R-HSA-166663|Reactome:R-HSA-166665|Reactome:R-HSA-167021|Reactome:R-HSA-167044|Reactome:R-HSA-167590|Reactome:R-HSA-170968|Reactome:R-HSA-170984|Reactome:R-HSA-173107|Reactome:R-HSA-173623|Reactome:R-HSA-173736|Reactome:R-HSA-174577|Reactome:R-HSA-177504|Reactome:R-HSA-177929|Reactome:R-HSA-180534|Reactome:R-HSA-1810476|Reactome:R-HSA-181429|Reactome:R-HSA-181430|Reactome:R-HSA-182218|Reactome:R-HSA-182971|Reactome:R-HSA-1839120|Reactome:R-HSA-1839122|Reactome:R-HSA-1839128|Reactome:R-HSA-1839130|Reactome:R-HSA-1855183|Reactome:R-HSA-1855204|Reactome:R-HSA-186763|Reactome:R-HSA-186797|Reactome:R-HSA-187024|Reactome:R-HSA-187042|Reactome:R-HSA-187706|Reactome:R-HSA-190322|Reactome:R-HSA-190370|Reactome:R-HSA-190371|Reactome:R-HSA-190372|Reactome:R-HSA-190373|Reactome:R-HSA-190374|Reactome:R-HSA-190375|Reactome:R-HSA-190377|Reactome:R-HSA-1912408|Reactome:R-HSA-193634|Reactome:R-HSA-193648|Reactome:R-HSA-193692|Reactome:R-HSA-194306|Reactome:R-HSA-195399|Reactome:R-HSA-196108|Reactome:R-HSA-1963640|Reactome:R-HSA-1963642|Reactome:R-HSA-1971475|Reactome:R-HSA-198203|Reactome:R-HSA-198745|Reactome:R-HSA-198933|Reactome:R-HSA-200425|Reactome:R-HSA-2022090|Reactome:R-HSA-2022854|Reactome:R-HSA-2022857|Reactome:R-HSA-2022870|Reactome:R-HSA-2022923|Reactome:R-HSA-2022928|Reactome:R-HSA-2023837|Reactome:R-HSA-2024096|Reactome:R-HSA-2024101|Reactome:R-HSA-202424|Reactome:R-HSA-202427|Reactome:R-HSA-202430|Reactome:R-HSA-202433|Reactome:R-HSA-2025928|Reactome:R-HSA-202733|Reactome:R-HSA-2029481|Reactome:R-HSA-2029482|Reactome:R-HSA-2029485|Reactome:R-HSA-2033515|Reactome:R-HSA-2033519|Reactome:R-HSA-204005|Reactome:R-HSA-209560|Reactome:R-HSA-210500|Reactome:R-HSA-210744|Reactome:R-HSA-210990|Reactome:R-HSA-210991|Reactome:R-HSA-210993|Reactome:R-HSA-2122947|Reactome:R-HSA-2122948|Reactome:R-HSA-212676|Reactome:R-HSA-2129379|Reactome:R-HSA-2132295|Reactome:R-HSA-2151201|Reactome:R-HSA-2151209|Reactome:R-HSA-216083|Reactome:R-HSA-2160916|Reactome:R-HSA-2168880|Reactome:R-HSA-2172127|Reactome:R-HSA-2173791|Reactome:R-HSA-2197563|Reactome:R-HSA-2206292|Reactome:R-HSA-2206302|Reactome:R-HSA-2214320|Reactome:R-HSA-2219530|Reactome:R-HSA-2243919|Reactome:R-HSA-2404192|Reactome:R-HSA-2424491|Reactome:R-HSA-2428928|Reactome:R-HSA-2428933|Reactome:R-HSA-2454202|Reactome:R-HSA-2559582|Reactome:R-HSA-2565942|Reactome:R-HSA-2586552|Reactome:R-HSA-2644606|Reactome:R-HSA-264642|Reactome:R-HSA-264876|Reactome:R-HSA-2672351|Reactome:R-HSA-2682334|Reactome:R-HSA-2730905|Reactome:R-HSA-2871796|Reactome:R-HSA-2871809|Reactome:R-HSA-2871837|Reactome:R-HSA-2892247|Reactome:R-HSA-2894862|Reactome:R-HSA-2979096|Reactome:R-HSA-3000157|Reactome:R-HSA-3000170|Reactome:R-HSA-3000171|Reactome:R-HSA-3000178|Reactome:R-HSA-3134963|Reactome:R-HSA-3214841|Reactome:R-HSA-3214847|Reactome:R-HSA-3322077|Reactome:R-HSA-350054|Reactome:R-HSA-354192|Reactome:R-HSA-354194|Reactome:R-HSA-3560783|Reactome:R-HSA-3560801|Reactome:R-HSA-3595172|Reactome:R-HSA-3595174|Reactome:R-HSA-3595177|Reactome:R-HSA-3656225|Reactome:R-HSA-3656237|Reactome:R-HSA-3656243|Reactome:R-HSA-3656244|Reactome:R-HSA-3656253|Reactome:R-HSA-372708|Reactome:R-HSA-373752|Reactome:R-HSA-373753|Reactome:R-HSA-373756|Reactome:R-HSA-373760|Reactome:R-HSA-375165|Reactome:R-HSA-375276|Reactome:R-HSA-376172|Reactome:R-HSA-376176|Reactome:R-HSA-3785653|Reactome:R-HSA-380259|Reactome:R-HSA-380270|Reactome:R-HSA-380284|Reactome:R-HSA-380320|Reactome:R-HSA-380972|Reactome:R-HSA-381340|Reactome:R-HSA-381426|Reactome:R-HSA-3878781|Reactome:R-HSA-388844|Reactome:R-HSA-389356|Reactome:R-HSA-389357|Reactome:R-HSA-389359|Reactome:R-HSA-389513|Reactome:R-HSA-389948|Reactome:R-HSA-390522|Reactome:R-HSA-391160|Reactome:R-HSA-3928662|Reactome:R-HSA-3928663|Reactome:R-HSA-3928664|Reactome:R-HSA-3928665|Reactome:R-HSA-399954|Reactome:R-HSA-399955|Reactome:R-HSA-399956|Reactome:R-HSA-4086398|Reactome:R-HSA-4086400|Reactome:R-HSA-416476|Reactome:R-HSA-416482|Reactome:R-HSA-416550|Reactome:R-HSA-416572|Reactome:R-HSA-416700|Reactome:R-HSA-418594|Reactome:R-HSA-418885|Reactome:R-HSA-418886|Reactome:R-HSA-418889|Reactome:R-HSA-418890|Reactome:R-HSA-418990|Reactome:R-HSA-419037|Reactome:R-HSA-420029|Reactome:R-HSA-420597|Reactome:R-HSA-428540|Reactome:R-HSA-428542|Reactome:R-HSA-428543|Reactome:R-HSA-428890|Reactome:R-HSA-430116|Reactome:R-HSA-432142|Reactome:R-HSA-432722|Reactome:R-HSA-433692|Reactome:R-HSA-437239|Reactome:R-HSA-4420097|Reactome:R-HSA-4420332|Reactome:R-HSA-445095|Reactome:R-HSA-445144|Reactome:R-HSA-445355|Reactome:R-HSA-445989|Reactome:R-HSA-446107|Reactome:R-HSA-446353|Reactome:R-HSA-447038|Reactome:R-HSA-447041|Reactome:R-HSA-447043|Reactome:R-HSA-448706|Reactome:R-HSA-449836|Reactome:R-HSA-451927|Reactome:R-HSA-4755510|Reactome:R-HSA-5083628|Reactome:R-HSA-5083629|Reactome:R-HSA-5083633|Reactome:R-HSA-5083635|Reactome:R-HSA-512988|Reactome:R-HSA-5140745|Reactome:R-HSA-5173214|Reactome:R-HSA-5218921|Reactome:R-HSA-5223345|Reactome:R-HSA-525793|Reactome:R-HSA-5576892|Reactome:R-HSA-5603029|Reactome:R-HSA-5607761|Reactome:R-HSA-5607763|Reactome:R-HSA-5607764|Reactome:R-HSA-5619070|Reactome:R-HSA-5620912|Reactome:R-HSA-5620916|Reactome:R-HSA-5621575|Reactome:R-HSA-5627123|Reactome:R-HSA-5628897|Reactome:R-HSA-5632681|Reactome:R-HSA-5635838|Reactome:R-HSA-5654219|Reactome:R-HSA-5654221|Reactome:R-HSA-5654227|Reactome:R-HSA-5654228|Reactome:R-HSA-5654687|Reactome:R-HSA-5654688|Reactome:R-HSA-5654689|Reactome:R-HSA-5654693|Reactome:R-HSA-5654695|Reactome:R-HSA-5654699|Reactome:R-HSA-5654700|Reactome:R-HSA-5654704|Reactome:R-HSA-5654706|Reactome:R-HSA-5654710|Reactome:R-HSA-5654712|Reactome:R-HSA-5654719|Reactome:R-HSA-5654720|Reactome:R-HSA-5654726|Reactome:R-HSA-5654727|Reactome:R-HSA-5654732|Reactome:R-HSA-5654733|Reactome:R-HSA-5655253|Reactome:R-HSA-5655291|Reactome:R-HSA-5655302|Reactome:R-HSA-5655332|Reactome:R-HSA-5658623|Reactome:R-HSA-5660668|Reactome:R-HSA-5673001|Reactome:R-HSA-5674135|Reactome:R-HSA-5676590|Reactome:R-HSA-5683826|Reactome:R-HSA-5684264|Reactome:R-HSA-5687128|Reactome:R-HSA-5688849|Reactome:R-HSA-5688890|Reactome:R-HSA-5689603|Reactome:R-HSA-5690714|Reactome:R-HSA-5694530|Reactome:R-HSA-6783783|Reactome:R-HSA-6785631|Reactome:R-HSA-6785807|Reactome:R-HSA-6788467|Reactome:R-HSA-6798695|Reactome:R-HSA-6802946|Reactome:R-HSA-6802948|Reactome:R-HSA-6802952|Reactome:R-HSA-6802955|Reactome:R-HSA-6804756|Reactome:R-HSA-6806942|Reactome:R-HSA-6807004|Reactome:R-HSA-6809371|Reactome:R-HSA-6811558|Reactome:R-HSA-74713|Reactome:R-HSA-74749|Reactome:R-HSA-74751|Reactome:R-HSA-74752|Reactome:R-HSA-75892|Reactome:R-HSA-76009|Reactome:R-HSA-77387|Reactome:R-HSA-844456|Reactome:R-HSA-877300|Reactome:R-HSA-877312|Reactome:R-HSA-879415|Reactome:R-HSA-8847993|Reactome:R-HSA-8849932|Reactome:R-HSA-8851680|Reactome:R-HSA-8851708|Reactome:R-HSA-8851805|Reactome:R-HSA-8851907|Reactome:R-HSA-8852405|Reactome:R-HSA-8853333|Reactome:R-HSA-8853334|Reactome:R-HSA-8853336|Reactome:R-HSA-8853383|Reactome:R-HSA-8853884|Reactome:R-HSA-8854518|Reactome:R-HSA-8854691|Reactome:R-HSA-8856825|Reactome:R-HSA-8856828|Reactome:R-HSA-8857538|Reactome:R-HSA-8863795|Reactome:R-HSA-8865999|Reactome:R-HSA-8866654|Reactome:R-HSA-8866910|Reactome:R-HSA-8874081|Reactome:R-HSA-8875360|Reactome:R-HSA-8875513|Reactome:R-HSA-8875555|Reactome:R-HSA-8875656|Reactome:R-HSA-8875791|Reactome:R-HSA-8877330|Reactome:R-HSA-8932504|Reactome:R-HSA-8932505|Reactome:R-HSA-8932506|Reactome:R-HSA-8939247|Reactome:R-HSA-8941856|Reactome:R-HSA-8948216|Reactome:R-HSA-8951664|Reactome:R-HSA-8957275|Reactome:R-HSA-8963896|Reactome:R-HSA-8964038|Reactome:R-HSA-8964046|Reactome:R-HSA-8980692|Reactome:R-HSA-8983432|Reactome:R-HSA-8983711|Reactome:R-HSA-8984722|Reactome:R-HSA-8985586|Reactome:R-HSA-8985801|Reactome:R-HSA-8985947|Reactome:R-HSA-9006335|Reactome:R-HSA-9007892|Reactome:R-HSA-9008059|Reactome:R-HSA-9009391|Reactome:R-HSA-9010553|Reactome:R-HSA-9010642|Reactome:R-HSA-9012546|Reactome:R-HSA-9013026|Reactome:R-HSA-9013106|Reactome:R-HSA-9013148|Reactome:R-HSA-9013149|Reactome:R-HSA-9013404|Reactome:R-HSA-9013405|Reactome:R-HSA-9013406|Reactome:R-HSA-9013408|Reactome:R-HSA-9013409|Reactome:R-HSA-9013420|Reactome:R-HSA-9013423|Reactome:R-HSA-9013424|Reactome:R-HSA-9013508|Reactome:R-HSA-9013695|Reactome:R-HSA-9014826|Reactome:R-HSA-9014843|Reactome:R-HSA-9020558|Reactome:R-HSA-9020591|Reactome:R-HSA-9020702|Reactome:R-HSA-9020933|Reactome:R-HSA-9020956|Reactome:R-HSA-9020958|Reactome:R-HSA-9022699|Reactome:R-HSA-9024909|Reactome:R-HSA-9025046|Reactome:R-HSA-9026357|Reactome:R-HSA-9026519|Reactome:R-HSA-9026527|Reactome:R-HSA-9027276|Reactome:R-HSA-9027277|Reactome:R-HSA-9027283|Reactome:R-HSA-9027284|Reactome:R-HSA-9028335|Reactome:R-HSA-9028731|Reactome:R-HSA-9031628|Reactome:R-HSA-9032500|Reactome:R-HSA-9032759|Reactome:R-HSA-9032845|Reactome:R-HSA-9034013|Reactome:R-HSA-9034015|Reactome:R-HSA-9034793|Reactome:R-HSA-9034864|Reactome:R-HSA-9035034|Reactome:R-HSA-909733|Reactome:R-HSA-912526|Reactome:R-HSA-912694|Reactome:R-HSA-917977|Reactome:R-HSA-933542|Reactome:R-HSA-9603381|Reactome:R-HSA-9603505|Reactome:R-HSA-9607240|Reactome:R-HSA-9609523|Reactome:R-HSA-9609690|Reactome:R-HSA-9610379|Reactome:R-HSA-9613354|Reactome:R-HSA-9615017|Reactome:R-HSA-9616222|Reactome:R-HSA-9619483|Reactome:R-HSA-9619665|Reactome:R-HSA-9620244|Reactome:R-HSA-9634597|Reactome:R-HSA-9637628|Reactome:R-HSA-9638334|Reactome:R-HSA-9638630|Reactome:R-HSA-9645135|Reactome:R-HSA-9649948|Reactome:R-HSA-9656223|Reactome:R-HSA-9660826|Reactome:R-HSA-9664323|Reactome:R-HSA-9664422|Reactome:R-HSA-9664565|Reactome:R-HSA-9664873|Reactome:R-HSA-9665686|Reactome:R-HSA-9669914|Reactome:R-HSA-9669917|Reactome:R-HSA-9669921|Reactome:R-HSA-9669924|Reactome:R-HSA-9669926|Reactome:R-HSA-9669929|Reactome:R-HSA-9669933|Reactome:R-HSA-9669934|Reactome:R-HSA-9669935|Reactome:R-HSA-9669936|Reactome:R-HSA-9670439|Reactome:R-HSA-9673767|Reactome:R-HSA-9673768|Reactome:R-HSA-9673770|Reactome:R-HSA-9674396|Reactome:R-HSA-9674401|Reactome:R-HSA-9674403|Reactome:R-HSA-9674404|Reactome:R-HSA-9674428|Reactome:R-HSA-9674555|Reactome:R-HSA-9679191|Reactome:R-HSA-9680187|Reactome:R-HSA-9680350|Reactome:R-HSA-9692916|Reactome:R-HSA-9694614|Reactome:R-HSA-9696264|Reactome:R-HSA-9696270|Reactome:R-HSA-9696273|Reactome:R-HSA-9700645|Reactome:R-HSA-9701898|Reactome:R-HSA-9702509|Reactome:R-HSA-9702518|Reactome:R-HSA-9702569|Reactome:R-HSA-9702577|Reactome:R-HSA-9702581|Reactome:R-HSA-9702590|Reactome:R-HSA-9702596|Reactome:R-HSA-9702600|Reactome:R-HSA-9702605|Reactome:R-HSA-9702614|Reactome:R-HSA-9702620|Reactome:R-HSA-9702624|Reactome:R-HSA-9702632|Reactome:R-HSA-9702636|Reactome:R-HSA-9702998|Reactome:R-HSA-9703009|Reactome:R-HSA-9703648|Reactome:R-HSA-9705462|Reactome:R-HSA-9705671|Reactome:R-HSA-9706369|Reactome:R-HSA-9706374|Reactome:R-HSA-9706377|Reactome:R-HSA-9717207|Reactome:R-HSA-9725370|Reactome:R-HSA-9725371|Reactome:R-HSA-9725554|Reactome:R-HSA-9732724|Reactome:R-HSA-9734091|Reactome:R-HSA-9749641|Reactome:R-HSA-9752946|Reactome:R-HSA-975634|Reactome:R-HSA-9758919|Reactome:R-HSA-977225|Reactome:R-HSA-9772755|Reactome:R-HSA-977443|Reactome:R-HSA-977606|Reactome:R-HSA-9793380|Reactome:R-HSA-9818749|Reactome:R-HSA-9820960|Reactome:R-HSA-9824272|Reactome:R-HSA-9824585|Reactome:R-HSA-9825892|Reactome:R-HSA-982772|Reactome:R-HSA-9830674|Reactome:R-HSA-983168|Reactome:R-HSA-983170|Reactome:R-HSA-9833109|Reactome:R-HSA-9833110|Reactome:R-HSA-983695|Reactome:R-HSA-9843940|Reactome:R-HSA-9843970|Reactome:R-HSA-9844594|Reactome:R-HSA-9851151|Reactome:R-HSA-9854909|Reactome:R-HSA-9856530|Reactome:R-HSA-9856532|Reactome:R-HSA-9856649|Reactome:R-HSA-9860927|Reactome:R-HSA-9909620|Reactome:R-HSA-9909649|Reactome:R-HSA-9913351|Reactome:R-HSA-9918481|Reactome:R-HSA-9918485|Reactome:R-HSA-9920588|Reactome:R-HSA-9925563|Reactome:R-HSA-9926550|Reactome:R-HSA-9927353|Reactome:R-HSA-9927354|Reactome:R-HSA-9927418|Reactome:R-HSA-9927426|Reactome:R-HSA-9929356|Reactome:R-HSA-9929491|Reactome:R-HSA-9931269|Reactome:R-HSA-9931295|Reactome:R-HSA-9939291|Reactome:R-HSA-9942503|Reactome:R-HSA-9953038|Reactome:R-HSA-9953080|Reactome:R-MMU-1059683|Reactome:R-MMU-109704|Reactome:R-MMU-110056|Reactome:R-MMU-112411|Reactome:R-MMU-114604|Reactome:R-MMU-114608|Reactome:R-MMU-1169091|Reactome:R-MMU-1169408|Reactome:R-MMU-1170546|Reactome:R-MMU-1227986|Reactome:R-MMU-1236394|Reactome:R-MMU-1236974|Reactome:R-MMU-1236977|Reactome:R-MMU-1236978|Reactome:R-MMU-1250196|Reactome:R-MMU-1250342|Reactome:R-MMU-1250347|Reactome:R-MMU-1257604|Reactome:R-MMU-1266695|Reactome:R-MMU-1306955|Reactome:R-MMU-1307965|Reactome:R-MMU-1358803|Reactome:R-MMU-140834|Reactome:R-MMU-140837|Reactome:R-MMU-140875|Reactome:R-MMU-1433557|Reactome:R-MMU-1433559|Reactome:R-MMU-1442490|Reactome:R-MMU-1462054|Reactome:R-MMU-1474228|Reactome:R-MMU-1566977|Reactome:R-MMU-163125|Reactome:R-MMU-1632852|Reactome:R-MMU-163680|Reactome:R-MMU-1650814|Reactome:R-MMU-1660499|Reactome:R-MMU-1660514|Reactome:R-MMU-166663|Reactome:R-MMU-166665|Reactome:R-MMU-170968|Reactome:R-MMU-170984|Reactome:R-MMU-173623|Reactome:R-MMU-173736|Reactome:R-MMU-174577|Reactome:R-MMU-177504|Reactome:R-MMU-177929|Reactome:R-MMU-1810476|Reactome:R-MMU-181429|Reactome:R-MMU-181430|Reactome:R-MMU-182971|Reactome:R-MMU-1855183|Reactome:R-MMU-1855204|Reactome:R-MMU-186763|Reactome:R-MMU-186797|Reactome:R-MMU-187042|Reactome:R-MMU-190322|Reactome:R-MMU-190370|Reactome:R-MMU-190371|Reactome:R-MMU-190372|Reactome:R-MMU-190373|Reactome:R-MMU-190374|Reactome:R-MMU-190375|Reactome:R-MMU-190377|Reactome:R-MMU-193634|Reactome:R-MMU-193648|Reactome:R-MMU-193692|Reactome:R-MMU-194306|Reactome:R-MMU-195399|Reactome:R-MMU-196108|Reactome:R-MMU-1963640|Reactome:R-MMU-1963642|Reactome:R-MMU-1971475|Reactome:R-MMU-198203|Reactome:R-MMU-198933|Reactome:R-MMU-200425|Reactome:R-MMU-2022854|Reactome:R-MMU-2022857|Reactome:R-MMU-2022870|Reactome:R-MMU-2022923|Reactome:R-MMU-2024096|Reactome:R-MMU-2024101|Reactome:R-MMU-202424|Reactome:R-MMU-202427|Reactome:R-MMU-202430|Reactome:R-MMU-202433|Reactome:R-MMU-2025928|Reactome:R-MMU-202733|Reactome:R-MMU-2029481|Reactome:R-MMU-2029482|Reactome:R-MMU-2029485|Reactome:R-MMU-204005|Reactome:R-MMU-209560|Reactome:R-MMU-210500|Reactome:R-MMU-210990|Reactome:R-MMU-210991|Reactome:R-MMU-210993|Reactome:R-MMU-2122947|Reactome:R-MMU-212676|Reactome:R-MMU-2129379|Reactome:R-MMU-2132295|Reactome:R-MMU-216083|Reactome:R-MMU-2160916|Reactome:R-MMU-2168880|Reactome:R-MMU-2172127|Reactome:R-MMU-2173791|Reactome:R-MMU-2214320|Reactome:R-MMU-2243919|Reactome:R-MMU-2404192|Reactome:R-MMU-2424491|Reactome:R-MMU-2428928|Reactome:R-MMU-2428933|Reactome:R-MMU-2454202|Reactome:R-MMU-264642|Reactome:R-MMU-264876|Reactome:R-MMU-2672351|Reactome:R-MMU-2682334|Reactome:R-MMU-2730905|Reactome:R-MMU-2871796|Reactome:R-MMU-2871809|Reactome:R-MMU-2871837|Reactome:R-MMU-3000170|Reactome:R-MMU-3000178|Reactome:R-MMU-3134963|Reactome:R-MMU-3214841|Reactome:R-MMU-3214847|Reactome:R-MMU-3322077|Reactome:R-MMU-350054|Reactome:R-MMU-354192|Reactome:R-MMU-354194|Reactome:R-MMU-372708|Reactome:R-MMU-373752|Reactome:R-MMU-373753|Reactome:R-MMU-373756|Reactome:R-MMU-373760|Reactome:R-MMU-375165|Reactome:R-MMU-375276|Reactome:R-MMU-376172|Reactome:R-MMU-376176|Reactome:R-MMU-380972|Reactome:R-MMU-381426|Reactome:R-MMU-388844|Reactome:R-MMU-389356|Reactome:R-MMU-389357|Reactome:R-MMU-389359|Reactome:R-MMU-389513|Reactome:R-MMU-389948|Reactome:R-MMU-390522|Reactome:R-MMU-391160|Reactome:R-MMU-3928662|Reactome:R-MMU-3928663|Reactome:R-MMU-3928664|Reactome:R-MMU-3928665|Reactome:R-MMU-399954|Reactome:R-MMU-399955|Reactome:R-MMU-399956|Reactome:R-MMU-4086398|Reactome:R-MMU-416476|Reactome:R-MMU-416482|Reactome:R-MMU-416550|Reactome:R-MMU-416572|Reactome:R-MMU-416700|Reactome:R-MMU-418594|Reactome:R-MMU-418885|Reactome:R-MMU-418889|Reactome:R-MMU-418990|Reactome:R-MMU-419037|Reactome:R-MMU-420029|Reactome:R-MMU-420597|Reactome:R-MMU-428890|Reactome:R-MMU-430116|Reactome:R-MMU-432142|Reactome:R-MMU-432722|Reactome:R-MMU-433692|Reactome:R-MMU-437239|Reactome:R-MMU-4420097|Reactome:R-MMU-445095|Reactome:R-MMU-445144|Reactome:R-MMU-445355|Reactome:R-MMU-445989|Reactome:R-MMU-446107|Reactome:R-MMU-446353|Reactome:R-MMU-447043|Reactome:R-MMU-448706|Reactome:R-MMU-449836|Reactome:R-MMU-4755510|Reactome:R-MMU-512988|Reactome:R-MMU-5140745|Reactome:R-MMU-5173214|Reactome:R-MMU-5218921|Reactome:R-MMU-5223345|Reactome:R-MMU-525793|Reactome:R-MMU-5607761|Reactome:R-MMU-5607763|Reactome:R-MMU-5607764|Reactome:R-MMU-5620916|Reactome:R-MMU-5621575|Reactome:R-MMU-5627123|Reactome:R-MMU-5628897|Reactome:R-MMU-5632681|Reactome:R-MMU-5635838|Reactome:R-MMU-5654219|Reactome:R-MMU-5654221|Reactome:R-MMU-5654227|Reactome:R-MMU-5654228|Reactome:R-MMU-5654687|Reactome:R-MMU-5654688|Reactome:R-MMU-5654689|Reactome:R-MMU-5654693|Reactome:R-MMU-5654695|Reactome:R-MMU-5654699|Reactome:R-MMU-5654700|Reactome:R-MMU-5654704|Reactome:R-MMU-5654706|Reactome:R-MMU-5654710|Reactome:R-MMU-5654712|Reactome:R-MMU-5654719|Reactome:R-MMU-5654720|Reactome:R-MMU-5654726|Reactome:R-MMU-5654727|Reactome:R-MMU-5654732|Reactome:R-MMU-5654733|Reactome:R-MMU-5658623|Reactome:R-MMU-5660668|Reactome:R-MMU-5673001|Reactome:R-MMU-5674135|Reactome:R-MMU-5676590|Reactome:R-MMU-5683826|Reactome:R-MMU-5684264|Reactome:R-MMU-5687128|Reactome:R-MMU-5689603|Reactome:R-MMU-5690714|Reactome:R-MMU-5694530|Reactome:R-MMU-6783783|Reactome:R-MMU-6785631|Reactome:R-MMU-6785807|Reactome:R-MMU-6788467|Reactome:R-MMU-6798695|Reactome:R-MMU-6804756|Reactome:R-MMU-6806942|Reactome:R-MMU-6807004|Reactome:R-MMU-6809371|Reactome:R-MMU-6811558|Reactome:R-MMU-74713|Reactome:R-MMU-74749|Reactome:R-MMU-74751|Reactome:R-MMU-74752|Reactome:R-MMU-75892|Reactome:R-MMU-77387|Reactome:R-MMU-877300|Reactome:R-MMU-877312|Reactome:R-MMU-879415|Reactome:R-MMU-8847993|Reactome:R-MMU-8849932|Reactome:R-MMU-8851680|Reactome:R-MMU-8851805|Reactome:R-MMU-8851907|Reactome:R-MMU-8852405|Reactome:R-MMU-8853383|Reactome:R-MMU-8854691|Reactome:R-MMU-8856825|Reactome:R-MMU-8856828|Reactome:R-MMU-8857538|Reactome:R-MMU-8863795|Reactome:R-MMU-8865999|Reactome:R-MMU-8874081|Reactome:R-MMU-8875513|Reactome:R-MMU-8875555|Reactome:R-MMU-8875656|Reactome:R-MMU-8875791|Reactome:R-MMU-8932504|Reactome:R-MMU-8932505|Reactome:R-MMU-8932506|Reactome:R-MMU-8941856|Reactome:R-MMU-8948216|Reactome:R-MMU-8957275|Reactome:R-MMU-8963896|Reactome:R-MMU-8980692|Reactome:R-MMU-8983432|Reactome:R-MMU-8984722|Reactome:R-MMU-8985586|Reactome:R-MMU-8985947|Reactome:R-MMU-9006335|Reactome:R-MMU-9007892|Reactome:R-MMU-9009391|Reactome:R-MMU-9010553|Reactome:R-MMU-9012546|Reactome:R-MMU-9013026|Reactome:R-MMU-9013106|Reactome:R-MMU-9013148|Reactome:R-MMU-9013149|Reactome:R-MMU-9013404|Reactome:R-MMU-9013406|Reactome:R-MMU-9013408|Reactome:R-MMU-9013409|Reactome:R-MMU-9013420|Reactome:R-MMU-9013423|Reactome:R-MMU-9013424|Reactome:R-MMU-9014826|Reactome:R-MMU-9014843|Reactome:R-MMU-9020558|Reactome:R-MMU-9020591|Reactome:R-MMU-9020702|Reactome:R-MMU-9020933|Reactome:R-MMU-9020956|Reactome:R-MMU-9020958|Reactome:R-MMU-9026527|Reactome:R-MMU-9027276|Reactome:R-MMU-9027284|Reactome:R-MMU-9028731|Reactome:R-MMU-9032759|Reactome:R-MMU-9034013|Reactome:R-MMU-9034793|Reactome:R-MMU-9035034|Reactome:R-MMU-909733|Reactome:R-MMU-912526|Reactome:R-MMU-912694|Reactome:R-MMU-917977|Reactome:R-MMU-933542|Reactome:R-MMU-9603381|Reactome:R-MMU-9607240|Reactome:R-MMU-9609523|Reactome:R-MMU-9634597|Reactome:R-MMU-9664873|Reactome:R-MMU-9696264|Reactome:R-MMU-9696270|Reactome:R-MMU-9696273|Reactome:R-MMU-9706369|Reactome:R-MMU-9706374|Reactome:R-MMU-9732724|Reactome:R-MMU-9734091|Reactome:R-MMU-9749641|Reactome:R-MMU-9772755|Reactome:R-MMU-977606|Reactome:R-MMU-982772|Reactome:R-MMU-983168|Reactome:R-MMU-983170|Reactome:R-MMU-983695|Reactome:R-MMU-9843940|Reactome:R-MMU-9851151|Reactome:R-MMU-9856649|Reactome:R-MMU-9860927|Reactome:R-MMU-9913351|Reactome:R-MMU-9927353|Reactome:R-MMU-9927354|Reactome:R-MMU-9929356|Reactome:R-MMU-9929491|Reactome:R-MMU-9931269|Reactome:R-MMU-9931295|Reactome:R-MMU-9939291|Reactome:R-MTU-868688|Reactome:R-RNO-1059683|Reactome:R-RNO-109704|Reactome:R-RNO-110056|Reactome:R-RNO-112411|Reactome:R-RNO-114608|Reactome:R-RNO-1169091|Reactome:R-RNO-1170546|Reactome:R-RNO-1227986|Reactome:R-RNO-1236394|Reactome:R-RNO-1236974|Reactome:R-RNO-1236977|Reactome:R-RNO-1250196|Reactome:R-RNO-1250342|Reactome:R-RNO-1250347|Reactome:R-RNO-1257604|Reactome:R-RNO-1306955|Reactome:R-RNO-1307965|Reactome:R-RNO-1358803|Reactome:R-RNO-140834|Reactome:R-RNO-140837|Reactome:R-RNO-140875|Reactome:R-RNO-1462054|Reactome:R-RNO-1474228|Reactome:R-RNO-1566977|Reactome:R-RNO-163125|Reactome:R-RNO-1632852|Reactome:R-RNO-163680|Reactome:R-RNO-1660499|Reactome:R-RNO-1660514|Reactome:R-RNO-166663|Reactome:R-RNO-166665|Reactome:R-RNO-170968|Reactome:R-RNO-170984|Reactome:R-RNO-173623|Reactome:R-RNO-173736|Reactome:R-RNO-174577|Reactome:R-RNO-177504|Reactome:R-RNO-1810476|Reactome:R-RNO-181429|Reactome:R-RNO-181430|Reactome:R-RNO-1855183|Reactome:R-RNO-1855204|Reactome:R-RNO-186763|Reactome:R-RNO-186797|Reactome:R-RNO-187042|Reactome:R-RNO-190322|Reactome:R-RNO-190370|Reactome:R-RNO-190373|Reactome:R-RNO-190374|Reactome:R-RNO-193634|Reactome:R-RNO-193648|Reactome:R-RNO-193692|Reactome:R-RNO-194306|Reactome:R-RNO-195399|Reactome:R-RNO-196108|Reactome:R-RNO-1963640|Reactome:R-RNO-1963642|Reactome:R-RNO-1971475|Reactome:R-RNO-198203|Reactome:R-RNO-198933|Reactome:R-RNO-200425|Reactome:R-RNO-2022854|Reactome:R-RNO-2022857|Reactome:R-RNO-2022870|Reactome:R-RNO-2022923|Reactome:R-RNO-2024101|Reactome:R-RNO-202424|Reactome:R-RNO-202427|Reactome:R-RNO-202430|Reactome:R-RNO-202433|Reactome:R-RNO-2025928|Reactome:R-RNO-202733|Reactome:R-RNO-2029481|Reactome:R-RNO-2029482|Reactome:R-RNO-2029485|Reactome:R-RNO-209560|Reactome:R-RNO-210500|Reactome:R-RNO-210990|Reactome:R-RNO-210991|Reactome:R-RNO-212676|Reactome:R-RNO-2129379|Reactome:R-RNO-2132295|Reactome:R-RNO-216083|Reactome:R-RNO-2160916|Reactome:R-RNO-2172127|Reactome:R-RNO-2173791|Reactome:R-RNO-2404192|Reactome:R-RNO-2424491|Reactome:R-RNO-2428928|Reactome:R-RNO-2428933|Reactome:R-RNO-2454202|Reactome:R-RNO-264642|Reactome:R-RNO-264876|Reactome:R-RNO-2682334|Reactome:R-RNO-2730905|Reactome:R-RNO-2871796|Reactome:R-RNO-2871809|Reactome:R-RNO-2871837|Reactome:R-RNO-3000170|Reactome:R-RNO-3000178|Reactome:R-RNO-3134963|Reactome:R-RNO-3214841|Reactome:R-RNO-3214847|Reactome:R-RNO-354192|Reactome:R-RNO-354194|Reactome:R-RNO-372708|Reactome:R-RNO-373752|Reactome:R-RNO-373753|Reactome:R-RNO-373760|Reactome:R-RNO-375165|Reactome:R-RNO-375276|Reactome:R-RNO-376172|Reactome:R-RNO-380972|Reactome:R-RNO-381426|Reactome:R-RNO-388844|Reactome:R-RNO-389356|Reactome:R-RNO-389357|Reactome:R-RNO-389359|Reactome:R-RNO-389948|Reactome:R-RNO-390522|Reactome:R-RNO-391160|Reactome:R-RNO-3928662|Reactome:R-RNO-3928663|Reactome:R-RNO-3928664|Reactome:R-RNO-3928665|Reactome:R-RNO-399954|Reactome:R-RNO-399955|Reactome:R-RNO-399956|Reactome:R-RNO-416476|Reactome:R-RNO-416482|Reactome:R-RNO-416550|Reactome:R-RNO-416700|Reactome:R-RNO-418594|Reactome:R-RNO-418885|Reactome:R-RNO-418889|Reactome:R-RNO-418990|Reactome:R-RNO-419037|Reactome:R-RNO-420029|Reactome:R-RNO-420597|Reactome:R-RNO-432142|Reactome:R-RNO-432722|Reactome:R-RNO-433692|Reactome:R-RNO-437239|Reactome:R-RNO-4420097|Reactome:R-RNO-445095|Reactome:R-RNO-445144|Reactome:R-RNO-445989|Reactome:R-RNO-446107|Reactome:R-RNO-446353|Reactome:R-RNO-447043|Reactome:R-RNO-448706|Reactome:R-RNO-449836|Reactome:R-RNO-5218921|Reactome:R-RNO-5223345|Reactome:R-RNO-525793|Reactome:R-RNO-5607763|Reactome:R-RNO-5607764|Reactome:R-RNO-5620916|Reactome:R-RNO-5621575|Reactome:R-RNO-5628897|Reactome:R-RNO-5632681|Reactome:R-RNO-5654219|Reactome:R-RNO-5654228|Reactome:R-RNO-5654687|Reactome:R-RNO-5654688|Reactome:R-RNO-5654689|Reactome:R-RNO-5654693|Reactome:R-RNO-5654712|Reactome:R-RNO-5654719|Reactome:R-RNO-5654720|Reactome:R-RNO-5654726|Reactome:R-RNO-5654733|Reactome:R-RNO-5658623|Reactome:R-RNO-5673001|Reactome:R-RNO-5674135|Reactome:R-RNO-5683826|Reactome:R-RNO-5684264|Reactome:R-RNO-5687128|Reactome:R-RNO-5689603|Reactome:R-RNO-6785631|Reactome:R-RNO-6785807|Reactome:R-RNO-6788467|Reactome:R-RNO-6798695|Reactome:R-RNO-6804756|Reactome:R-RNO-6806942|Reactome:R-RNO-6807004|Reactome:R-RNO-6809371|Reactome:R-RNO-6811558|Reactome:R-RNO-74713|Reactome:R-RNO-74749|Reactome:R-RNO-74751|Reactome:R-RNO-74752|Reactome:R-RNO-77387|Reactome:R-RNO-879415|Reactome:R-RNO-8847993|Reactome:R-RNO-8849932|Reactome:R-RNO-8851680|Reactome:R-RNO-8851805|Reactome:R-RNO-8851907|Reactome:R-RNO-8853383|Reactome:R-RNO-8854691|Reactome:R-RNO-8856825|Reactome:R-RNO-8856828|Reactome:R-RNO-8857538|Reactome:R-RNO-8863795|Reactome:R-RNO-8865999|Reactome:R-RNO-8874081|Reactome:R-RNO-8875513|Reactome:R-RNO-8875555|Reactome:R-RNO-8875656|Reactome:R-RNO-8875791|Reactome:R-RNO-8932505|Reactome:R-RNO-8951664|Reactome:R-RNO-8957275|Reactome:R-RNO-8963896|Reactome:R-RNO-8980692|Reactome:R-RNO-8983432|Reactome:R-RNO-8984722|Reactome:R-RNO-9006335|Reactome:R-RNO-9007892|Reactome:R-RNO-9009391|Reactome:R-RNO-9013026|Reactome:R-RNO-9013106|Reactome:R-RNO-9013148|Reactome:R-RNO-9013149|Reactome:R-RNO-9013404|Reactome:R-RNO-9013408|Reactome:R-RNO-9013409|Reactome:R-RNO-9013423|Reactome:R-RNO-9014826|Reactome:R-RNO-9014843|Reactome:R-RNO-9020558|Reactome:R-RNO-9020702|Reactome:R-RNO-9020956|Reactome:R-RNO-9026527|Reactome:R-RNO-9027276|Reactome:R-RNO-9027284|Reactome:R-RNO-9028731|Reactome:R-RNO-9032759|Reactome:R-RNO-9034013|Reactome:R-RNO-9034793|Reactome:R-RNO-9035034|Reactome:R-RNO-912526|Reactome:R-RNO-917977|Reactome:R-RNO-933542|Reactome:R-RNO-9603381|Reactome:R-RNO-9609523|Reactome:R-RNO-9634597|Reactome:R-RNO-9664873|Reactome:R-RNO-9734091|Reactome:R-RNO-9749641|Reactome:R-RNO-9772755|Reactome:R-RNO-977606|Reactome:R-RNO-982772|Reactome:R-RNO-983168|Reactome:R-RNO-983170|Reactome:R-RNO-9851151|Reactome:R-RNO-9860927|Reactome:R-RNO-9927353|Reactome:R-RNO-9927354|Reactome:R-RNO-9931269|Reactome:R-SCE-1632852|Reactome:R-SCE-163680|Reactome:R-SCE-200425|Reactome:R-SCE-3322077|Reactome:R-SCE-380972|Reactome:R-SCE-6798695|Reactome:R-SCE-8948751|Reactome:R-SCE-9013106|Reactome:R-SCE-9609523|Reactome:R-SPO-1632852|Reactome:R-SPO-163680|Reactome:R-SPO-200425|Reactome:R-SPO-380972|Reactome:R-SPO-5628897|Reactome:R-SPO-6798695|Reactome:R-SPO-9609523|Reactome:R-SPO-9664873|Reactome:R-SSC-114608|Reactome:R-SSC-1170546|Reactome:R-SSC-1236974|Reactome:R-SSC-1236977|Reactome:R-SSC-1257604|Reactome:R-SSC-1474228|Reactome:R-SSC-173623|Reactome:R-SSC-198933|Reactome:R-SSC-2022854|Reactome:R-SSC-2022857|Reactome:R-SSC-2024101|Reactome:R-SSC-202424|Reactome:R-SSC-202427|Reactome:R-SSC-202430|Reactome:R-SSC-202433|Reactome:R-SSC-202733|Reactome:R-SSC-2029481|Reactome:R-SSC-2029482|Reactome:R-SSC-2029485|Reactome:R-SSC-210990|Reactome:R-SSC-2132295|Reactome:R-SSC-216083|Reactome:R-SSC-2160916|Reactome:R-SSC-2168880|Reactome:R-SSC-2424491|Reactome:R-SSC-2454202|Reactome:R-SSC-2730905|Reactome:R-SSC-2871796|Reactome:R-SSC-2871809|Reactome:R-SSC-2871837|Reactome:R-SSC-3000178|Reactome:R-SSC-389948|Reactome:R-SSC-391160|Reactome:R-SSC-416550|Reactome:R-SSC-432142|Reactome:R-SSC-5673001|Reactome:R-SSC-5690714|Reactome:R-SSC-6798695|Reactome:R-SSC-6806942|Reactome:R-SSC-6807004|Reactome:R-SSC-6811558|Reactome:R-SSC-8851805|Reactome:R-SSC-8851907|Reactome:R-SSC-8856825|Reactome:R-SSC-8856828|Reactome:R-SSC-8865999|Reactome:R-SSC-8874081|Reactome:R-SSC-8875513|Reactome:R-SSC-8875555|Reactome:R-SSC-8875656|Reactome:R-SSC-8875791|Reactome:R-SSC-8980692|Reactome:R-SSC-9006335|Reactome:R-SSC-9013106|Reactome:R-SSC-9013404|Reactome:R-SSC-9013408|Reactome:R-SSC-9020591|Reactome:R-SSC-9020933|Reactome:R-SSC-9027276|Reactome:R-SSC-9027284|Reactome:R-SSC-9734091|Reactome:R-SSC-977606|Reactome:R-SSC-982772|Reactome:R-SSC-983170|Reactome:R-SSC-983695|Reactome:R-XTR-202433|Reactome:R-XTR-418990|Reactome:R-XTR-5654687
D_firmibasis_KAK5582903	a6bbfb3e7be3049b8096286578c44f77	2194	SUPERFAMILY	SSF81296	E set domains	798	885	5.32E-11	T	26-08-2026	IPR014756	Immunoglobulin E-set	-	Reactome:R-BTA-1296041|Reactome:R-BTA-1296053|Reactome:R-BTA-1632852|Reactome:R-BTA-2514859|Reactome:R-BTA-350054|Reactome:R-BTA-380972|Reactome:R-BTA-418555|Reactome:R-BTA-432720|Reactome:R-BTA-432722|Reactome:R-BTA-456926|Reactome:R-BTA-5576886|Reactome:R-BTA-5624958|Reactome:R-BTA-5628897|Reactome:R-BTA-5635838|Reactome:R-BTA-5674135|Reactome:R-BTA-5689880|Reactome:R-BTA-6798695|Reactome:R-BTA-6804756|Reactome:R-BTA-8856825|Reactome:R-BTA-8856828|Reactome:R-BTA-8941856|Reactome:R-BTA-8964038|Reactome:R-BTA-9013148|Reactome:R-BTA-9013407|Reactome:R-BTA-9013408|Reactome:R-BTA-9648002|Reactome:R-BTA-9839389|Reactome:R-BTA-9931269|Reactome:R-BTA-9954716|Reactome:R-BTA-997272|Reactome:R-CEL-1296041|Reactome:R-CEL-1296053|Reactome:R-CEL-1296067|Reactome:R-CEL-264876|Reactome:R-CEL-416482|Reactome:R-CEL-416572|Reactome:R-CEL-416700|Reactome:R-CEL-432720|Reactome:R-CEL-432722|Reactome:R-CEL-456926|Reactome:R-CEL-5099900|Reactome:R-CEL-5576886|Reactome:R-CEL-5620916|Reactome:R-CEL-5624138|Reactome:R-CEL-5674135|Reactome:R-CEL-6798695|Reactome:R-CEL-72163|Reactome:R-CEL-72165|Reactome:R-CEL-844456|Reactome:R-CEL-8856825|Reactome:R-CEL-8856828|Reactome:R-CEL-8964038|Reactome:R-CEL-8980692|Reactome:R-CEL-9013148|Reactome:R-CEL-9013149|Reactome:R-CEL-9013407|Reactome:R-CEL-9013423|Reactome:R-CEL-913709|Reactome:R-CEL-9648002|Reactome:R-CEL-997272|Reactome:R-CFA-1296041|Reactome:R-CFA-1296053|Reactome:R-CFA-5576886|Reactome:R-CFA-5624958|Reactome:R-CFA-9648002|Reactome:R-CFA-997272|Reactome:R-DDI-3295583|Reactome:R-DDI-5213460|Reactome:R-DDI-5673000|Reactome:R-DDI-5674135|Reactome:R-DDI-5675221|Reactome:R-DDI-5675482|Reactome:R-DDI-6798695|Reactome:R-DDI-72163|Reactome:R-DDI-8964038|Reactome:R-DDI-9013149|Reactome:R-DDI-9013404|Reactome:R-DDI-9013423|Reactome:R-DDI-9954716|Reactome:R-DME-114608|Reactome:R-DME-1169091|Reactome:R-DME-1614517|Reactome:R-DME-1810476|Reactome:R-DME-202424|Reactome:R-DME-209394|Reactome:R-DME-209400|Reactome:R-DME-209406|Reactome:R-DME-209560|Reactome:R-DME-214399|Reactome:R-DME-214411|Reactome:R-DME-214416|Reactome:R-DME-214842|Reactome:R-DME-214844|Reactome:R-DME-214869|Reactome:R-DME-264876|Reactome:R-DME-2871837|Reactome:R-DME-3134963|Reactome:R-DME-350054|Reactome:R-DME-416482|Reactome:R-DME-416572|Reactome:R-DME-416700|Reactome:R-DME-418555|Reactome:R-DME-432720|Reactome:R-DME-432722|Reactome:R-DME-445989|Reactome:R-DME-446353|Reactome:R-DME-4755510|Reactome:R-DME-5607761|Reactome:R-DME-5607764|Reactome:R-DME-5620916|Reactome:R-DME-5621575|Reactome:R-DME-5627123|Reactome:R-DME-5674135|Reactome:R-DME-5676590|Reactome:R-DME-5689880|Reactome:R-DME-6798695|Reactome:R-DME-72163|Reactome:R-DME-72165|Reactome:R-DME-8856825|Reactome:R-DME-8856828|Reactome:R-DME-9020702|Reactome:R-DME-913709|Reactome:R-DME-933542|Reactome:R-DME-9648002|Reactome:R-DME-977068|Reactome:R-DME-9839389|Reactome:R-DME-9860927|Reactome:R-DRE-399954|Reactome:R-DRE-399956|Reactome:R-DRE-5624138|Reactome:R-DRE-6798695|Reactome:R-DRE-8964038|Reactome:R-DRE-983168|Reactome:R-GGA-1227892|Reactome:R-GGA-1296041|Reactome:R-GGA-1296053|Reactome:R-GGA-434001|Reactome:R-GGA-434131|Reactome:R-GGA-5576886|Reactome:R-GGA-9954716|Reactome:R-GGA-997272|Reactome:R-HSA-112126|Reactome:R-HSA-114608|Reactome:R-HSA-1169091|Reactome:R-HSA-1169408|Reactome:R-HSA-1236974|Reactome:R-HSA-1257604|Reactome:R-HSA-1296025|Reactome:R-HSA-1296041|Reactome:R-HSA-1296053|Reactome:R-HSA-1296067|Reactome:R-HSA-140534|Reactome:R-HSA-140837|Reactome:R-HSA-140875|Reactome:R-HSA-1445148|Reactome:R-HSA-1474228|Reactome:R-HSA-1614517|Reactome:R-HSA-163125|Reactome:R-HSA-1632852|Reactome:R-HSA-163680|Reactome:R-HSA-166016|Reactome:R-HSA-166058|Reactome:R-HSA-166166|Reactome:R-HSA-1810476|Reactome:R-HSA-1912408|Reactome:R-HSA-193634|Reactome:R-HSA-193692|Reactome:R-HSA-200425|Reactome:R-HSA-202424|Reactome:R-HSA-2025928|Reactome:R-HSA-209560|Reactome:R-HSA-209563|Reactome:R-HSA-210744|Reactome:R-HSA-2122947|Reactome:R-HSA-2122948|Reactome:R-HSA-2151209|Reactome:R-HSA-2197563|Reactome:R-HSA-2219530|Reactome:R-HSA-2485179|Reactome:R-HSA-2514859|Reactome:R-HSA-2559582|Reactome:R-HSA-2562578|Reactome:R-HSA-2644606|Reactome:R-HSA-264876|Reactome:R-HSA-2871809|Reactome:R-HSA-2871837|Reactome:R-HSA-2894862|Reactome:R-HSA-3134963|Reactome:R-HSA-3214841|Reactome:R-HSA-3322077|Reactome:R-HSA-350054|Reactome:R-HSA-380972|Reactome:R-HSA-381340|Reactome:R-HSA-382556|Reactome:R-HSA-3878781|Reactome:R-HSA-399954|Reactome:R-HSA-399955|Reactome:R-HSA-399956|Reactome:R-HSA-4086398|Reactome:R-HSA-416482|Reactome:R-HSA-416550|Reactome:R-HSA-416572|Reactome:R-HSA-416700|Reactome:R-HSA-418555|Reactome:R-HSA-422356|Reactome:R-HSA-430116|Reactome:R-HSA-432720|Reactome:R-HSA-432722|Reactome:R-HSA-445989|Reactome:R-HSA-446353|Reactome:R-HSA-448706|Reactome:R-HSA-456926|Reactome:R-HSA-4755510|Reactome:R-HSA-5099900|Reactome:R-HSA-5223345|Reactome:R-HSA-5576886|Reactome:R-HSA-5578775|Reactome:R-HSA-5602498|Reactome:R-HSA-5603029|Reactome:R-HSA-5603041|Reactome:R-HSA-5607761|Reactome:R-HSA-5607763|Reactome:R-HSA-5607764|Reactome:R-HSA-5620916|Reactome:R-HSA-5621575|Reactome:R-HSA-5624138|Reactome:R-HSA-5624958|Reactome:R-HSA-5627123|Reactome:R-HSA-5628897|Reactome:R-HSA-5635838|Reactome:R-HSA-5660668|Reactome:R-HSA-5673001|Reactome:R-HSA-5674135|Reactome:R-HSA-5676590|Reactome:R-HSA-5678420|Reactome:R-HSA-5683177|Reactome:R-HSA-5684264|Reactome:R-HSA-5686938|Reactome:R-HSA-5689880|Reactome:R-HSA-6785807|Reactome:R-HSA-6798695|Reactome:R-HSA-6802946|Reactome:R-HSA-6802948|Reactome:R-HSA-6802952|Reactome:R-HSA-6802955|Reactome:R-HSA-6804756|Reactome:R-HSA-6806942|Reactome:R-HSA-6807004|Reactome:R-HSA-6809371|Reactome:R-HSA-6811558|Reactome:R-HSA-72163|Reactome:R-HSA-72165|Reactome:R-HSA-844456|Reactome:R-HSA-877300|Reactome:R-HSA-8851805|Reactome:R-HSA-8851907|Reactome:R-HSA-8852405|Reactome:R-HSA-8853884|Reactome:R-HSA-8856825|Reactome:R-HSA-8856828|Reactome:R-HSA-8865999|Reactome:R-HSA-8874081|Reactome:R-HSA-8875360|Reactome:R-HSA-8875513|Reactome:R-HSA-8875555|Reactome:R-HSA-8875656|Reactome:R-HSA-8875791|Reactome:R-HSA-8876493|Reactome:R-HSA-8877330|Reactome:R-HSA-8941856|Reactome:R-HSA-8963896|Reactome:R-HSA-8964038|Reactome:R-HSA-8980692|Reactome:R-HSA-8983711|Reactome:R-HSA-9013026|Reactome:R-HSA-9013106|Reactome:R-HSA-9013148|Reactome:R-HSA-9013149|Reactome:R-HSA-9013404|Reactome:R-HSA-9013405|Reactome:R-HSA-9013407|Reactome:R-HSA-9013408|Reactome:R-HSA-9013423|Reactome:R-HSA-9013508|Reactome:R-HSA-9013695|Reactome:R-HSA-9020702|Reactome:R-HSA-9022699|Reactome:R-HSA-933542|Reactome:R-HSA-936964|Reactome:R-HSA-937041|Reactome:R-HSA-937072|Reactome:R-HSA-9609690|Reactome:R-HSA-9613354|Reactome:R-HSA-9615017|Reactome:R-HSA-9617629|Reactome:R-HSA-9619483|Reactome:R-HSA-9638334|Reactome:R-HSA-9648002|Reactome:R-HSA-9649948|Reactome:R-HSA-9656223|Reactome:R-HSA-9660826|Reactome:R-HSA-9692916|Reactome:R-HSA-9696270|Reactome:R-HSA-9696273|Reactome:R-HSA-9707564|Reactome:R-HSA-9707616|Reactome:R-HSA-9729555|Reactome:R-HSA-9734091|Reactome:R-HSA-975163|Reactome:R-HSA-9752946|Reactome:R-HSA-9793380|Reactome:R-HSA-9818749|Reactome:R-HSA-9820960|Reactome:R-HSA-9824272|Reactome:R-HSA-9824878|Reactome:R-HSA-9825892|Reactome:R-HSA-983168|Reactome:R-HSA-9833110|Reactome:R-HSA-9839389|Reactome:R-HSA-9844594|Reactome:R-HSA-9860927|Reactome:R-HSA-9909649|Reactome:R-HSA-9918432|Reactome:R-HSA-9918476|Reactome:R-HSA-9918481|Reactome:R-HSA-9918485|Reactome:R-HSA-9918487|Reactome:R-HSA-9920588|Reactome:R-HSA-9920951|Reactome:R-HSA-9931269|Reactome:R-HSA-9942503|Reactome:R-HSA-9954716|Reactome:R-HSA-997272|Reactome:R-MMU-114608|Reactome:R-MMU-1169091|Reactome:R-MMU-1169408|Reactome:R-MMU-1257604|Reactome:R-MMU-1296025|Reactome:R-MMU-1296041|Reactome:R-MMU-1296053|Reactome:R-MMU-1296067|Reactome:R-MMU-140534|Reactome:R-MMU-140837|Reactome:R-MMU-140875|Reactome:R-MMU-1474228|Reactome:R-MMU-1614517|Reactome:R-MMU-163125|Reactome:R-MMU-1632852|Reactome:R-MMU-163680|Reactome:R-MMU-166016|Reactome:R-MMU-166166|Reactome:R-MMU-1810476|Reactome:R-MMU-193634|Reactome:R-MMU-193692|Reactome:R-MMU-200425|Reactome:R-MMU-202424|Reactome:R-MMU-2025928|Reactome:R-MMU-209560|Reactome:R-MMU-209563|Reactome:R-MMU-2122947|Reactome:R-MMU-2514859|Reactome:R-MMU-2562578|Reactome:R-MMU-264876|Reactome:R-MMU-2871809|Reactome:R-MMU-2871837|Reactome:R-MMU-3134963|Reactome:R-MMU-3214841|Reactome:R-MMU-3322077|Reactome:R-MMU-350054|Reactome:R-MMU-380972|Reactome:R-MMU-382556|Reactome:R-MMU-399954|Reactome:R-MMU-399955|Reactome:R-MMU-399956|Reactome:R-MMU-4086398|Reactome:R-MMU-416482|Reactome:R-MMU-416550|Reactome:R-MMU-416572|Reactome:R-MMU-416700|Reactome:R-MMU-418555|Reactome:R-MMU-422356|Reactome:R-MMU-430116|Reactome:R-MMU-432720|Reactome:R-MMU-432722|Reactome:R-MMU-445989|Reactome:R-MMU-446353|Reactome:R-MMU-448706|Reactome:R-MMU-456926|Reactome:R-MMU-4755510|Reactome:R-MMU-5099900|Reactome:R-MMU-5223345|Reactome:R-MMU-5576886|Reactome:R-MMU-5578775|Reactome:R-MMU-5607761|Reactome:R-MMU-5607763|Reactome:R-MMU-5607764|Reactome:R-MMU-5620916|Reactome:R-MMU-5621575|Reactome:R-MMU-5624138|Reactome:R-MMU-5624958|Reactome:R-MMU-5627123|Reactome:R-MMU-5628897|Reactome:R-MMU-5635838|Reactome:R-MMU-5673001|Reactome:R-MMU-5674135|Reactome:R-MMU-5676590|Reactome:R-MMU-5684264|Reactome:R-MMU-5686938|Reactome:R-MMU-5689880|Reactome:R-MMU-6798695|Reactome:R-MMU-6804756|Reactome:R-MMU-6806942|Reactome:R-MMU-6807004|Reactome:R-MMU-6809371|Reactome:R-MMU-6811558|Reactome:R-MMU-72163|Reactome:R-MMU-72165|Reactome:R-MMU-844456|Reactome:R-MMU-8851805|Reactome:R-MMU-8851907|Reactome:R-MMU-8852405|Reactome:R-MMU-8856825|Reactome:R-MMU-8856828|Reactome:R-MMU-8865999|Reactome:R-MMU-8874081|Reactome:R-MMU-8875513|Reactome:R-MMU-8875555|Reactome:R-MMU-8875656|Reactome:R-MMU-8875791|Reactome:R-MMU-8941856|Reactome:R-MMU-8963896|Reactome:R-MMU-8964038|Reactome:R-MMU-8980692|Reactome:R-MMU-9013026|Reactome:R-MMU-9013106|Reactome:R-MMU-9013148|Reactome:R-MMU-9013149|Reactome:R-MMU-9013404|Reactome:R-MMU-9013407|Reactome:R-MMU-9013408|Reactome:R-MMU-9013423|Reactome:R-MMU-9020702|Reactome:R-MMU-933542|Reactome:R-MMU-936964|Reactome:R-MMU-937041|Reactome:R-MMU-937072|Reactome:R-MMU-9648002|Reactome:R-MMU-9696270|Reactome:R-MMU-9696273|Reactome:R-MMU-9707616|Reactome:R-MMU-9734091|Reactome:R-MMU-975163|Reactome:R-MMU-9824878|Reactome:R-MMU-983168|Reactome:R-MMU-9839389|Reactome:R-MMU-9860927|Reactome:R-MMU-9931269|Reactome:R-MMU-9954716|Reactome:R-MMU-997272|Reactome:R-MTU-868688|Reactome:R-RNO-114608|Reactome:R-RNO-1169091|Reactome:R-RNO-1257604|Reactome:R-RNO-1296025|Reactome:R-RNO-1296041|Reactome:R-RNO-1296053|Reactome:R-RNO-1296067|Reactome:R-RNO-140837|Reactome:R-RNO-140875|Reactome:R-RNO-1474228|Reactome:R-RNO-1614517|Reactome:R-RNO-1632852|Reactome:R-RNO-163680|Reactome:R-RNO-1810476|Reactome:R-RNO-193634|Reactome:R-RNO-193692|Reactome:R-RNO-200425|Reactome:R-RNO-202424|Reactome:R-RNO-2025928|Reactome:R-RNO-209560|Reactome:R-RNO-209563|Reactome:R-RNO-2514859|Reactome:R-RNO-264876|Reactome:R-RNO-2871809|Reactome:R-RNO-2871837|Reactome:R-RNO-3134963|Reactome:R-RNO-3214841|Reactome:R-RNO-380972|Reactome:R-RNO-382556|Reactome:R-RNO-399954|Reactome:R-RNO-399955|Reactome:R-RNO-399956|Reactome:R-RNO-416550|Reactome:R-RNO-416700|Reactome:R-RNO-418555|Reactome:R-RNO-422356|Reactome:R-RNO-432720|Reactome:R-RNO-432722|Reactome:R-RNO-445989|Reactome:R-RNO-446353|Reactome:R-RNO-448706|Reactome:R-RNO-456926|Reactome:R-RNO-5099900|Reactome:R-RNO-5223345|Reactome:R-RNO-5576886|Reactome:R-RNO-5578775|Reactome:R-RNO-5607763|Reactome:R-RNO-5607764|Reactome:R-RNO-5620916|Reactome:R-RNO-5621575|Reactome:R-RNO-5628897|Reactome:R-RNO-5673001|Reactome:R-RNO-5674135|Reactome:R-RNO-5684264|Reactome:R-RNO-5689880|Reactome:R-RNO-6798695|Reactome:R-RNO-6804756|Reactome:R-RNO-6806942|Reactome:R-RNO-6807004|Reactome:R-RNO-6809371|Reactome:R-RNO-6811558|Reactome:R-RNO-72163|Reactome:R-RNO-72165|Reactome:R-RNO-844456|Reactome:R-RNO-8851805|Reactome:R-RNO-8851907|Reactome:R-RNO-8856825|Reactome:R-RNO-8856828|Reactome:R-RNO-8865999|Reactome:R-RNO-8874081|Reactome:R-RNO-8875513|Reactome:R-RNO-8875555|Reactome:R-RNO-8875656|Reactome:R-RNO-8875791|Reactome:R-RNO-8963896|Reactome:R-RNO-8980692|Reactome:R-RNO-9013106|Reactome:R-RNO-9013148|Reactome:R-RNO-9013149|Reactome:R-RNO-9013404|Reactome:R-RNO-9013407|Reactome:R-RNO-9013408|Reactome:R-RNO-9020702|Reactome:R-RNO-933542|Reactome:R-RNO-9734091|Reactome:R-RNO-983168|Reactome:R-RNO-9839389|Reactome:R-RNO-9860927|Reactome:R-RNO-9931269|Reactome:R-RNO-9954716|Reactome:R-RNO-997272|Reactome:R-SCE-1632852|Reactome:R-SCE-163680|Reactome:R-SCE-200425|Reactome:R-SCE-3238698|Reactome:R-SCE-3322077|Reactome:R-SCE-380972|Reactome:R-SCE-6798695|Reactome:R-SCE-8948751|Reactome:R-SCE-8964038|Reactome:R-SCE-8980692|Reactome:R-SCE-9013106|Reactome:R-SCE-9013148|Reactome:R-SCE-9013149|Reactome:R-SCE-9013423|Reactome:R-SPO-1632852|Reactome:R-SPO-163680|Reactome:R-SPO-200425|Reactome:R-SPO-380972|Reactome:R-SPO-5628897|Reactome:R-SPO-6798695|Reactome:R-SPO-72163|Reactome:R-SPO-8964038|Reactome:R-SPO-8980692|Reactome:R-SPO-9013106|Reactome:R-SPO-9013148|Reactome:R-SSC-1257604|Reactome:R-SSC-1296041|Reactome:R-SSC-1296053|Reactome:R-SSC-416550|Reactome:R-SSC-5576886|Reactome:R-SSC-5673001|Reactome:R-SSC-6798695|Reactome:R-SSC-6806942|Reactome:R-SSC-6807004|Reactome:R-SSC-6811558|Reactome:R-SSC-844456|Reactome:R-SSC-8851805|Reactome:R-SSC-8851907|Reactome:R-SSC-8865999|Reactome:R-SSC-8874081|Reactome:R-SSC-8875513|Reactome:R-SSC-8875555|Reactome:R-SSC-8875656|Reactome:R-SSC-8875791|Reactome:R-SSC-8964038|Reactome:R-SSC-9734091|Reactome:R-SSC-997272
D_firmibasis_KAK5582903	a6bbfb3e7be3049b8096286578c44f77	2194	Coils	Coil	Coil	1944	2003	-	T	26-08-2026	-	-	-	-
D_firmibasis_KAK5582903	a6bbfb3e7be3049b8096286578c44f77	2194	TMHMM	TMhelix	Region of a membrane-bound protein predicted to be embedded in the membrane.	1920	1942	-	T	26-08-2026	-	-	-	-
D_firmibasis_KAK5582903	a6bbfb3e7be3049b8096286578c44f77	2194	SignalP_EUK	SignalP-noTM	SignalP-noTM	1	19	-	T	26-08-2026	-	-	-	-
D_firmibasis_KAK5582903	a6bbfb3e7be3049b8096286578c44f77	2194	MobiDBLite	mobidb-lite	consensus disorder prediction	2132	2194	-	T	26-08-2026	-	-	-	-
D_firmibasis_KAK5582903	a6bbfb3e7be3049b8096286578c44f77	2194	Gene3D	G3DSA:2.60.40.10	Immunoglobulins	1191	1305	1.3E-5	T	26-08-2026	IPR013783	Immunoglobulin-like fold	-	Reactome:R-BTA-114608|Reactome:R-BTA-1236974|Reactome:R-BTA-1236977|Reactome:R-BTA-1257604|Reactome:R-BTA-1266695|Reactome:R-BTA-140834|Reactome:R-BTA-163125|Reactome:R-BTA-1632852|Reactome:R-BTA-1660661|Reactome:R-BTA-173736|Reactome:R-BTA-174577|Reactome:R-BTA-1971475|Reactome:R-BTA-198933|Reactome:R-BTA-2022870|Reactome:R-BTA-2022923|Reactome:R-BTA-2024101|Reactome:R-BTA-202424|Reactome:R-BTA-202427|Reactome:R-BTA-202430|Reactome:R-BTA-202433|Reactome:R-BTA-202733|Reactome:R-BTA-210993|Reactome:R-BTA-216083|Reactome:R-BTA-2173791|Reactome:R-BTA-2424491|Reactome:R-BTA-3000178|Reactome:R-BTA-350054|Reactome:R-BTA-375276|Reactome:R-BTA-380972|Reactome:R-BTA-381426|Reactome:R-BTA-388844|Reactome:R-BTA-389948|Reactome:R-BTA-418594|Reactome:R-BTA-420029|Reactome:R-BTA-445355|Reactome:R-BTA-5576892|Reactome:R-BTA-5627123|Reactome:R-BTA-5628897|Reactome:R-BTA-5673001|Reactome:R-BTA-5690714|Reactome:R-BTA-6785807|Reactome:R-BTA-6798695|Reactome:R-BTA-6804756|Reactome:R-BTA-6811558|Reactome:R-BTA-77387|Reactome:R-BTA-8849932|Reactome:R-BTA-8856825|Reactome:R-BTA-8856828|Reactome:R-BTA-8932505|Reactome:R-BTA-8941856|Reactome:R-BTA-8957275|Reactome:R-BTA-8980692|Reactome:R-BTA-8983432|Reactome:R-BTA-8985947|Reactome:R-BTA-9013106|Reactome:R-BTA-9013404|Reactome:R-BTA-9013408|Reactome:R-BTA-9020558|Reactome:R-BTA-9020958|Reactome:R-BTA-909733|Reactome:R-BTA-912526|Reactome:R-BTA-912694|Reactome:R-BTA-9609523|Reactome:R-BTA-977606|Reactome:R-BTA-983168|Reactome:R-BTA-983170|Reactome:R-BTA-983695|Reactome:R-BTA-9927354|Reactome:R-BTA-9931269|Reactome:R-CEL-1257604|Reactome:R-CEL-1433557|Reactome:R-CEL-1433559|Reactome:R-CEL-1474228|Reactome:R-CEL-186763|Reactome:R-CEL-186797|Reactome:R-CEL-190322|Reactome:R-CEL-190370|Reactome:R-CEL-190371|Reactome:R-CEL-190372|Reactome:R-CEL-190373|Reactome:R-CEL-190375|Reactome:R-CEL-190377|Reactome:R-CEL-1971475|Reactome:R-CEL-2022928|Reactome:R-CEL-2024096|Reactome:R-CEL-209968|Reactome:R-CEL-210991|Reactome:R-CEL-216083|Reactome:R-CEL-2243919|Reactome:R-CEL-264876|Reactome:R-CEL-2682334|Reactome:R-CEL-3000171|Reactome:R-CEL-3000178|Reactome:R-CEL-373752|Reactome:R-CEL-373753|Reactome:R-CEL-375165|Reactome:R-CEL-376176|Reactome:R-CEL-388844|Reactome:R-CEL-3928662|Reactome:R-CEL-3928663|Reactome:R-CEL-3928664|Reactome:R-CEL-3928665|Reactome:R-CEL-399955|Reactome:R-CEL-399956|Reactome:R-CEL-416482|Reactome:R-CEL-416572|Reactome:R-CEL-416700|Reactome:R-CEL-418885|Reactome:R-CEL-419037|Reactome:R-CEL-428542|Reactome:R-CEL-433692|Reactome:R-CEL-4420097|Reactome:R-CEL-445144|Reactome:R-CEL-447043|Reactome:R-CEL-5140745|Reactome:R-CEL-5218920|Reactome:R-CEL-525793|Reactome:R-CEL-5620916|Reactome:R-CEL-5654219|Reactome:R-CEL-5654221|Reactome:R-CEL-5654227|Reactome:R-CEL-5654228|Reactome:R-CEL-5654689|Reactome:R-CEL-5654693|Reactome:R-CEL-5654695|Reactome:R-CEL-5654699|Reactome:R-CEL-5654700|Reactome:R-CEL-5654704|Reactome:R-CEL-5654706|Reactome:R-CEL-5654710|Reactome:R-CEL-5654712|Reactome:R-CEL-5654720|Reactome:R-CEL-5654726|Reactome:R-CEL-5654727|Reactome:R-CEL-5654732|Reactome:R-CEL-5654733|Reactome:R-CEL-5673001|Reactome:R-CEL-6798695|Reactome:R-CEL-6809371|Reactome:R-CEL-6811558|Reactome:R-CEL-77387|Reactome:R-CEL-8849932|Reactome:R-CEL-8853383|Reactome:R-CEL-8863795|Reactome:R-CEL-8941413|Reactome:R-CEL-9013149|Reactome:R-CEL-9013420|Reactome:R-CEL-9013423|Reactome:R-CEL-9013424|Reactome:R-CEL-913709|Reactome:R-CEL-9607240|Reactome:R-CEL-9749641|Reactome:R-CEL-9764561|Reactome:R-CEL-9772755|Reactome:R-CEL-9913351|Reactome:R-CFA-1257604|Reactome:R-CFA-1433557|Reactome:R-CFA-1433559|Reactome:R-CFA-198933|Reactome:R-CFA-2024096|Reactome:R-CFA-2024101|Reactome:R-CFA-202424|Reactome:R-CFA-202427|Reactome:R-CFA-202430|Reactome:R-CFA-202433|Reactome:R-CFA-216083|Reactome:R-CFA-389948|Reactome:R-CFA-5673001|Reactome:R-CFA-5690714|Reactome:R-CFA-6785807|Reactome:R-CFA-6788467|Reactome:R-CFA-6811558|Reactome:R-CFA-8932504|Reactome:R-CFA-8932505|Reactome:R-CFA-8932506|Reactome:R-CFA-9010553|Reactome:R-CFA-983170|Reactome:R-CFA-983695|Reactome:R-CFA-9856649|Reactome:R-CFA-9913351|Reactome:R-CFA-9927354|Reactome:R-CFA-9939291|Reactome:R-DDI-3295583|Reactome:R-DDI-5213460|Reactome:R-DDI-5673000|Reactome:R-DDI-5674135|Reactome:R-DDI-5675221|Reactome:R-DDI-5675482|Reactome:R-DME-109704|Reactome:R-DME-110478|Reactome:R-DME-114608|Reactome:R-DME-1169091|Reactome:R-DME-1227986|Reactome:R-DME-1236394|Reactome:R-DME-1250196|Reactome:R-DME-1250342|Reactome:R-DME-1250347|Reactome:R-DME-1257604|Reactome:R-DME-1307965|Reactome:R-DME-1358803|Reactome:R-DME-1474228|Reactome:R-DME-1810476|Reactome:R-DME-190322|Reactome:R-DME-190370|Reactome:R-DME-190371|Reactome:R-DME-190372|Reactome:R-DME-190373|Reactome:R-DME-190374|Reactome:R-DME-190375|Reactome:R-DME-190377|Reactome:R-DME-1963640|Reactome:R-DME-1963642|Reactome:R-DME-1971475|Reactome:R-DME-2022928|Reactome:R-DME-2024096|Reactome:R-DME-2024101|Reactome:R-DME-202424|Reactome:R-DME-202733|Reactome:R-DME-209209|Reactome:R-DME-209228|Reactome:R-DME-209338|Reactome:R-DME-209394|Reactome:R-DME-209400|Reactome:R-DME-209406|Reactome:R-DME-209560|Reactome:R-DME-209968|Reactome:R-DME-210688|Reactome:R-DME-210991|Reactome:R-DME-214399|Reactome:R-DME-214411|Reactome:R-DME-214416|Reactome:R-DME-214842|Reactome:R-DME-214844|Reactome:R-DME-214869|Reactome:R-DME-216083|Reactome:R-DME-264876|Reactome:R-DME-2871837|Reactome:R-DME-3000171|Reactome:R-DME-3000178|Reactome:R-DME-3134963|Reactome:R-DME-3214847|Reactome:R-DME-350054|Reactome:R-DME-373080|Reactome:R-DME-373752|Reactome:R-DME-373753|Reactome:R-DME-375165|Reactome:R-DME-376172|Reactome:R-DME-388844|Reactome:R-DME-416482|Reactome:R-DME-416572|Reactome:R-DME-416700|Reactome:R-DME-418990|Reactome:R-DME-419037|Reactome:R-DME-420597|Reactome:R-DME-428542|Reactome:R-DME-433692|Reactome:R-DME-445144|Reactome:R-DME-445989|Reactome:R-DME-446353|Reactome:R-DME-447043|Reactome:R-DME-4755510|Reactome:R-DME-5607761|Reactome:R-DME-5607764|Reactome:R-DME-5620916|Reactome:R-DME-5621575|Reactome:R-DME-5627123|Reactome:R-DME-5654219|Reactome:R-DME-5654221|Reactome:R-DME-5654227|Reactome:R-DME-5654228|Reactome:R-DME-5654687|Reactome:R-DME-5654688|Reactome:R-DME-5654689|Reactome:R-DME-5654693|Reactome:R-DME-5654695|Reactome:R-DME-5654699|Reactome:R-DME-5654700|Reactome:R-DME-5654704|Reactome:R-DME-5654706|Reactome:R-DME-5654710|Reactome:R-DME-5654712|Reactome:R-DME-5654719|Reactome:R-DME-5654720|Reactome:R-DME-5654726|Reactome:R-DME-5654727|Reactome:R-DME-5654732|Reactome:R-DME-5654733|Reactome:R-DME-5658623|Reactome:R-DME-5673001|Reactome:R-DME-5676590|Reactome:R-DME-5689603|Reactome:R-DME-6785631|Reactome:R-DME-6798695|Reactome:R-DME-6807878|Reactome:R-DME-6811558|Reactome:R-DME-77387|Reactome:R-DME-8849932|Reactome:R-DME-8863795|Reactome:R-DME-8941413|Reactome:R-DME-9009391|Reactome:R-DME-9020702|Reactome:R-DME-913709|Reactome:R-DME-933542|Reactome:R-DME-9749641|Reactome:R-DME-977068|Reactome:R-DME-9772755|Reactome:R-DME-983168|Reactome:R-DME-9860927|Reactome:R-DME-9913351|Reactome:R-DRE-109704|Reactome:R-DRE-1257604|Reactome:R-DRE-1300645|Reactome:R-DRE-1307965|Reactome:R-DRE-1433557|Reactome:R-DRE-1433559|Reactome:R-DRE-186763|Reactome:R-DRE-186797|Reactome:R-DRE-190322|Reactome:R-DRE-190370|Reactome:R-DRE-190371|Reactome:R-DRE-190372|Reactome:R-DRE-190373|Reactome:R-DRE-190374|Reactome:R-DRE-190375|Reactome:R-DRE-190377|Reactome:R-DRE-193648|Reactome:R-DRE-194306|Reactome:R-DRE-195399|Reactome:R-DRE-198933|Reactome:R-DRE-202733|Reactome:R-DRE-210993|Reactome:R-DRE-2132295|Reactome:R-DRE-216083|Reactome:R-DRE-2682334|Reactome:R-DRE-3214841|Reactome:R-DRE-381426|Reactome:R-DRE-388844|Reactome:R-DRE-3928662|Reactome:R-DRE-3928663|Reactome:R-DRE-3928664|Reactome:R-DRE-3928665|Reactome:R-DRE-399954|Reactome:R-DRE-399956|Reactome:R-DRE-416476|Reactome:R-DRE-416482|Reactome:R-DRE-416550|Reactome:R-DRE-416572|Reactome:R-DRE-418990|Reactome:R-DRE-420597|Reactome:R-DRE-4420097|Reactome:R-DRE-449836|Reactome:R-DRE-5218921|Reactome:R-DRE-5654219|Reactome:R-DRE-5654221|Reactome:R-DRE-5654227|Reactome:R-DRE-5654228|Reactome:R-DRE-5654687|Reactome:R-DRE-5654688|Reactome:R-DRE-5654689|Reactome:R-DRE-5654693|Reactome:R-DRE-5654695|Reactome:R-DRE-5654699|Reactome:R-DRE-5654700|Reactome:R-DRE-5654704|Reactome:R-DRE-5654706|Reactome:R-DRE-5654710|Reactome:R-DRE-5654712|Reactome:R-DRE-5654719|Reactome:R-DRE-5654720|Reactome:R-DRE-5654726|Reactome:R-DRE-5654727|Reactome:R-DRE-5654732|Reactome:R-DRE-5654733|Reactome:R-DRE-5673001|Reactome:R-DRE-6811558|Reactome:R-DRE-8849932|Reactome:R-DRE-8932505|Reactome:R-DRE-8957275|Reactome:R-DRE-8980692|Reactome:R-DRE-9007892|Reactome:R-DRE-9013148|Reactome:R-DRE-9013149|Reactome:R-DRE-9013404|Reactome:R-DRE-9013408|Reactome:R-DRE-9013409|Reactome:R-DRE-9013423|Reactome:R-DRE-983168|Reactome:R-DRE-9843940|Reactome:R-DRE-9843970|Reactome:R-DRE-9856649|Reactome:R-GGA-114608|Reactome:R-GGA-1227892|Reactome:R-GGA-1227986|Reactome:R-GGA-1236394|Reactome:R-GGA-1236974|Reactome:R-GGA-1236977|Reactome:R-GGA-1250196|Reactome:R-GGA-1250342|Reactome:R-GGA-1250347|Reactome:R-GGA-1257604|Reactome:R-GGA-1306955|Reactome:R-GGA-1358803|Reactome:R-GGA-1433557|Reactome:R-GGA-1433559|Reactome:R-GGA-1474228|Reactome:R-GGA-1566977|Reactome:R-GGA-163125|Reactome:R-GGA-190373|Reactome:R-GGA-193634|Reactome:R-GGA-1963640|Reactome:R-GGA-1963642|Reactome:R-GGA-198933|Reactome:R-GGA-202733|Reactome:R-GGA-210991|Reactome:R-GGA-2129379|Reactome:R-GGA-2132263|Reactome:R-GGA-2132286|Reactome:R-GGA-216083|Reactome:R-GGA-3000170|Reactome:R-GGA-3000178|Reactome:R-GGA-3214841|Reactome:R-GGA-354192|Reactome:R-GGA-354194|Reactome:R-GGA-372708|Reactome:R-GGA-373920|Reactome:R-GGA-381426|Reactome:R-GGA-388844|Reactome:R-GGA-433692|Reactome:R-GGA-434001|Reactome:R-GGA-434131|Reactome:R-GGA-449836|Reactome:R-GGA-5654726|Reactome:R-GGA-5673001|Reactome:R-GGA-5674135|Reactome:R-GGA-6785631|Reactome:R-GGA-6798695|Reactome:R-GGA-6811558|Reactome:R-GGA-8854691|Reactome:R-GGA-8863795|Reactome:R-GGA-8932505|Reactome:R-GGA-8957275|Reactome:R-GGA-9634597|Reactome:R-GGA-9749641|Reactome:R-GGA-983170|Reactome:R-GGA-9843940|Reactome:R-GGA-9843970|Reactome:R-GGA-9856649|Reactome:R-GGA-9860927|Reactome:R-HSA-1059683|Reactome:R-HSA-109704|Reactome:R-HSA-110056|Reactome:R-HSA-112411|Reactome:R-HSA-114604|Reactome:R-HSA-114608|Reactome:R-HSA-1169091|Reactome:R-HSA-1169408|Reactome:R-HSA-1170546|Reactome:R-HSA-1227986|Reactome:R-HSA-1236394|Reactome:R-HSA-1236974|Reactome:R-HSA-1236977|Reactome:R-HSA-1236978|Reactome:R-HSA-1250196|Reactome:R-HSA-1250342|Reactome:R-HSA-1250347|Reactome:R-HSA-1251985|Reactome:R-HSA-1257604|Reactome:R-HSA-1266695|Reactome:R-HSA-1300645|Reactome:R-HSA-1306955|Reactome:R-HSA-1307965|Reactome:R-HSA-1358803|Reactome:R-HSA-140834|Reactome:R-HSA-140837|Reactome:R-HSA-140875|Reactome:R-HSA-1433557|Reactome:R-HSA-1433559|Reactome:R-HSA-1442490|Reactome:R-HSA-1445148|Reactome:R-HSA-1462054|Reactome:R-HSA-1474228|Reactome:R-HSA-1483115|Reactome:R-HSA-1483152|Reactome:R-HSA-1566977|Reactome:R-HSA-163125|Reactome:R-HSA-1632852|Reactome:R-HSA-163680|Reactome:R-HSA-164939|Reactome:R-HSA-164940|Reactome:R-HSA-1650814|Reactome:R-HSA-1660499|Reactome:R-HSA-1660514|Reactome:R-HSA-166058|Reactome:R-HSA-1660661|Reactome:R-HSA-166663|Reactome:R-HSA-166665|Reactome:R-HSA-167021|Reactome:R-HSA-167044|Reactome:R-HSA-167590|Reactome:R-HSA-170968|Reactome:R-HSA-170984|Reactome:R-HSA-173107|Reactome:R-HSA-173623|Reactome:R-HSA-173736|Reactome:R-HSA-174577|Reactome:R-HSA-177504|Reactome:R-HSA-177929|Reactome:R-HSA-180534|Reactome:R-HSA-1810476|Reactome:R-HSA-181429|Reactome:R-HSA-181430|Reactome:R-HSA-182218|Reactome:R-HSA-182971|Reactome:R-HSA-1839120|Reactome:R-HSA-1839122|Reactome:R-HSA-1839128|Reactome:R-HSA-1839130|Reactome:R-HSA-1855183|Reactome:R-HSA-1855204|Reactome:R-HSA-186763|Reactome:R-HSA-186797|Reactome:R-HSA-187024|Reactome:R-HSA-187042|Reactome:R-HSA-187706|Reactome:R-HSA-190322|Reactome:R-HSA-190370|Reactome:R-HSA-190371|Reactome:R-HSA-190372|Reactome:R-HSA-190373|Reactome:R-HSA-190374|Reactome:R-HSA-190375|Reactome:R-HSA-190377|Reactome:R-HSA-1912408|Reactome:R-HSA-193634|Reactome:R-HSA-193648|Reactome:R-HSA-193692|Reactome:R-HSA-194306|Reactome:R-HSA-195399|Reactome:R-HSA-196108|Reactome:R-HSA-1963640|Reactome:R-HSA-1963642|Reactome:R-HSA-1971475|Reactome:R-HSA-198203|Reactome:R-HSA-198745|Reactome:R-HSA-198933|Reactome:R-HSA-200425|Reactome:R-HSA-2022090|Reactome:R-HSA-2022854|Reactome:R-HSA-2022857|Reactome:R-HSA-2022870|Reactome:R-HSA-2022923|Reactome:R-HSA-2022928|Reactome:R-HSA-2023837|Reactome:R-HSA-2024096|Reactome:R-HSA-2024101|Reactome:R-HSA-202424|Reactome:R-HSA-202427|Reactome:R-HSA-202430|Reactome:R-HSA-202433|Reactome:R-HSA-2025928|Reactome:R-HSA-202733|Reactome:R-HSA-2029481|Reactome:R-HSA-2029482|Reactome:R-HSA-2029485|Reactome:R-HSA-2033515|Reactome:R-HSA-2033519|Reactome:R-HSA-204005|Reactome:R-HSA-209560|Reactome:R-HSA-210500|Reactome:R-HSA-210744|Reactome:R-HSA-210990|Reactome:R-HSA-210991|Reactome:R-HSA-210993|Reactome:R-HSA-2122947|Reactome:R-HSA-2122948|Reactome:R-HSA-212676|Reactome:R-HSA-2129379|Reactome:R-HSA-2132295|Reactome:R-HSA-2151201|Reactome:R-HSA-2151209|Reactome:R-HSA-216083|Reactome:R-HSA-2160916|Reactome:R-HSA-2168880|Reactome:R-HSA-2172127|Reactome:R-HSA-2173791|Reactome:R-HSA-2197563|Reactome:R-HSA-2206292|Reactome:R-HSA-2206302|Reactome:R-HSA-2214320|Reactome:R-HSA-2219530|Reactome:R-HSA-2243919|Reactome:R-HSA-2404192|Reactome:R-HSA-2424491|Reactome:R-HSA-2428928|Reactome:R-HSA-2428933|Reactome:R-HSA-2454202|Reactome:R-HSA-2559582|Reactome:R-HSA-2565942|Reactome:R-HSA-2586552|Reactome:R-HSA-2644606|Reactome:R-HSA-264642|Reactome:R-HSA-264876|Reactome:R-HSA-2672351|Reactome:R-HSA-2682334|Reactome:R-HSA-2730905|Reactome:R-HSA-2871796|Reactome:R-HSA-2871809|Reactome:R-HSA-2871837|Reactome:R-HSA-2892247|Reactome:R-HSA-2894862|Reactome:R-HSA-2979096|Reactome:R-HSA-3000157|Reactome:R-HSA-3000170|Reactome:R-HSA-3000171|Reactome:R-HSA-3000178|Reactome:R-HSA-3134963|Reactome:R-HSA-3214841|Reactome:R-HSA-3214847|Reactome:R-HSA-3322077|Reactome:R-HSA-350054|Reactome:R-HSA-354192|Reactome:R-HSA-354194|Reactome:R-HSA-3560783|Reactome:R-HSA-3560801|Reactome:R-HSA-3595172|Reactome:R-HSA-3595174|Reactome:R-HSA-3595177|Reactome:R-HSA-3656225|Reactome:R-HSA-3656237|Reactome:R-HSA-3656243|Reactome:R-HSA-3656244|Reactome:R-HSA-3656253|Reactome:R-HSA-372708|Reactome:R-HSA-373752|Reactome:R-HSA-373753|Reactome:R-HSA-373756|Reactome:R-HSA-373760|Reactome:R-HSA-375165|Reactome:R-HSA-375276|Reactome:R-HSA-376172|Reactome:R-HSA-376176|Reactome:R-HSA-3785653|Reactome:R-HSA-380259|Reactome:R-HSA-380270|Reactome:R-HSA-380284|Reactome:R-HSA-380320|Reactome:R-HSA-380972|Reactome:R-HSA-381340|Reactome:R-HSA-381426|Reactome:R-HSA-3878781|Reactome:R-HSA-388844|Reactome:R-HSA-389356|Reactome:R-HSA-389357|Reactome:R-HSA-389359|Reactome:R-HSA-389513|Reactome:R-HSA-389948|Reactome:R-HSA-390522|Reactome:R-HSA-391160|Reactome:R-HSA-3928662|Reactome:R-HSA-3928663|Reactome:R-HSA-3928664|Reactome:R-HSA-3928665|Reactome:R-HSA-399954|Reactome:R-HSA-399955|Reactome:R-HSA-399956|Reactome:R-HSA-4086398|Reactome:R-HSA-4086400|Reactome:R-HSA-416476|Reactome:R-HSA-416482|Reactome:R-HSA-416550|Reactome:R-HSA-416572|Reactome:R-HSA-416700|Reactome:R-HSA-418594|Reactome:R-HSA-418885|Reactome:R-HSA-418886|Reactome:R-HSA-418889|Reactome:R-HSA-418890|Reactome:R-HSA-418990|Reactome:R-HSA-419037|Reactome:R-HSA-420029|Reactome:R-HSA-420597|Reactome:R-HSA-428540|Reactome:R-HSA-428542|Reactome:R-HSA-428543|Reactome:R-HSA-428890|Reactome:R-HSA-430116|Reactome:R-HSA-432142|Reactome:R-HSA-432722|Reactome:R-HSA-433692|Reactome:R-HSA-437239|Reactome:R-HSA-4420097|Reactome:R-HSA-4420332|Reactome:R-HSA-445095|Reactome:R-HSA-445144|Reactome:R-HSA-445355|Reactome:R-HSA-445989|Reactome:R-HSA-446107|Reactome:R-HSA-446353|Reactome:R-HSA-447038|Reactome:R-HSA-447041|Reactome:R-HSA-447043|Reactome:R-HSA-448706|Reactome:R-HSA-449836|Reactome:R-HSA-451927|Reactome:R-HSA-4755510|Reactome:R-HSA-5083628|Reactome:R-HSA-5083629|Reactome:R-HSA-5083633|Reactome:R-HSA-5083635|Reactome:R-HSA-512988|Reactome:R-HSA-5140745|Reactome:R-HSA-5173214|Reactome:R-HSA-5218921|Reactome:R-HSA-5223345|Reactome:R-HSA-525793|Reactome:R-HSA-5576892|Reactome:R-HSA-5603029|Reactome:R-HSA-5607761|Reactome:R-HSA-5607763|Reactome:R-HSA-5607764|Reactome:R-HSA-5619070|Reactome:R-HSA-5620912|Reactome:R-HSA-5620916|Reactome:R-HSA-5621575|Reactome:R-HSA-5627123|Reactome:R-HSA-5628897|Reactome:R-HSA-5632681|Reactome:R-HSA-5635838|Reactome:R-HSA-5654219|Reactome:R-HSA-5654221|Reactome:R-HSA-5654227|Reactome:R-HSA-5654228|Reactome:R-HSA-5654687|Reactome:R-HSA-5654688|Reactome:R-HSA-5654689|Reactome:R-HSA-5654693|Reactome:R-HSA-5654695|Reactome:R-HSA-5654699|Reactome:R-HSA-5654700|Reactome:R-HSA-5654704|Reactome:R-HSA-5654706|Reactome:R-HSA-5654710|Reactome:R-HSA-5654712|Reactome:R-HSA-5654719|Reactome:R-HSA-5654720|Reactome:R-HSA-5654726|Reactome:R-HSA-5654727|Reactome:R-HSA-5654732|Reactome:R-HSA-5654733|Reactome:R-HSA-5655253|Reactome:R-HSA-5655291|Reactome:R-HSA-5655302|Reactome:R-HSA-5655332|Reactome:R-HSA-5658623|Reactome:R-HSA-5660668|Reactome:R-HSA-5673001|Reactome:R-HSA-5674135|Reactome:R-HSA-5676590|Reactome:R-HSA-5683826|Reactome:R-HSA-5684264|Reactome:R-HSA-5687128|Reactome:R-HSA-5688849|Reactome:R-HSA-5688890|Reactome:R-HSA-5689603|Reactome:R-HSA-5690714|Reactome:R-HSA-5694530|Reactome:R-HSA-6783783|Reactome:R-HSA-6785631|Reactome:R-HSA-6785807|Reactome:R-HSA-6788467|Reactome:R-HSA-6798695|Reactome:R-HSA-6802946|Reactome:R-HSA-6802948|Reactome:R-HSA-6802952|Reactome:R-HSA-6802955|Reactome:R-HSA-6804756|Reactome:R-HSA-6806942|Reactome:R-HSA-6807004|Reactome:R-HSA-6809371|Reactome:R-HSA-6811558|Reactome:R-HSA-74713|Reactome:R-HSA-74749|Reactome:R-HSA-74751|Reactome:R-HSA-74752|Reactome:R-HSA-75892|Reactome:R-HSA-76009|Reactome:R-HSA-77387|Reactome:R-HSA-844456|Reactome:R-HSA-877300|Reactome:R-HSA-877312|Reactome:R-HSA-879415|Reactome:R-HSA-8847993|Reactome:R-HSA-8849932|Reactome:R-HSA-8851680|Reactome:R-HSA-8851708|Reactome:R-HSA-8851805|Reactome:R-HSA-8851907|Reactome:R-HSA-8852405|Reactome:R-HSA-8853333|Reactome:R-HSA-8853334|Reactome:R-HSA-8853336|Reactome:R-HSA-8853383|Reactome:R-HSA-8853884|Reactome:R-HSA-8854518|Reactome:R-HSA-8854691|Reactome:R-HSA-8856825|Reactome:R-HSA-8856828|Reactome:R-HSA-8857538|Reactome:R-HSA-8863795|Reactome:R-HSA-8865999|Reactome:R-HSA-8866654|Reactome:R-HSA-8866910|Reactome:R-HSA-8874081|Reactome:R-HSA-8875360|Reactome:R-HSA-8875513|Reactome:R-HSA-8875555|Reactome:R-HSA-8875656|Reactome:R-HSA-8875791|Reactome:R-HSA-8877330|Reactome:R-HSA-8932504|Reactome:R-HSA-8932505|Reactome:R-HSA-8932506|Reactome:R-HSA-8939247|Reactome:R-HSA-8941856|Reactome:R-HSA-8948216|Reactome:R-HSA-8951664|Reactome:R-HSA-8957275|Reactome:R-HSA-8963896|Reactome:R-HSA-8964038|Reactome:R-HSA-8964046|Reactome:R-HSA-8980692|Reactome:R-HSA-8983432|Reactome:R-HSA-8983711|Reactome:R-HSA-8984722|Reactome:R-HSA-8985586|Reactome:R-HSA-8985801|Reactome:R-HSA-8985947|Reactome:R-HSA-9006335|Reactome:R-HSA-9007892|Reactome:R-HSA-9008059|Reactome:R-HSA-9009391|Reactome:R-HSA-9010553|Reactome:R-HSA-9010642|Reactome:R-HSA-9012546|Reactome:R-HSA-9013026|Reactome:R-HSA-9013106|Reactome:R-HSA-9013148|Reactome:R-HSA-9013149|Reactome:R-HSA-9013404|Reactome:R-HSA-9013405|Reactome:R-HSA-9013406|Reactome:R-HSA-9013408|Reactome:R-HSA-9013409|Reactome:R-HSA-9013420|Reactome:R-HSA-9013423|Reactome:R-HSA-9013424|Reactome:R-HSA-9013508|Reactome:R-HSA-9013695|Reactome:R-HSA-9014826|Reactome:R-HSA-9014843|Reactome:R-HSA-9020558|Reactome:R-HSA-9020591|Reactome:R-HSA-9020702|Reactome:R-HSA-9020933|Reactome:R-HSA-9020956|Reactome:R-HSA-9020958|Reactome:R-HSA-9022699|Reactome:R-HSA-9024909|Reactome:R-HSA-9025046|Reactome:R-HSA-9026357|Reactome:R-HSA-9026519|Reactome:R-HSA-9026527|Reactome:R-HSA-9027276|Reactome:R-HSA-9027277|Reactome:R-HSA-9027283|Reactome:R-HSA-9027284|Reactome:R-HSA-9028335|Reactome:R-HSA-9028731|Reactome:R-HSA-9031628|Reactome:R-HSA-9032500|Reactome:R-HSA-9032759|Reactome:R-HSA-9032845|Reactome:R-HSA-9034013|Reactome:R-HSA-9034015|Reactome:R-HSA-9034793|Reactome:R-HSA-9034864|Reactome:R-HSA-9035034|Reactome:R-HSA-909733|Reactome:R-HSA-912526|Reactome:R-HSA-912694|Reactome:R-HSA-917977|Reactome:R-HSA-933542|Reactome:R-HSA-9603381|Reactome:R-HSA-9603505|Reactome:R-HSA-9607240|Reactome:R-HSA-9609523|Reactome:R-HSA-9609690|Reactome:R-HSA-9610379|Reactome:R-HSA-9613354|Reactome:R-HSA-9615017|Reactome:R-HSA-9616222|Reactome:R-HSA-9619483|Reactome:R-HSA-9619665|Reactome:R-HSA-9620244|Reactome:R-HSA-9634597|Reactome:R-HSA-9637628|Reactome:R-HSA-9638334|Reactome:R-HSA-9638630|Reactome:R-HSA-9645135|Reactome:R-HSA-9649948|Reactome:R-HSA-9656223|Reactome:R-HSA-9660826|Reactome:R-HSA-9664323|Reactome:R-HSA-9664422|Reactome:R-HSA-9664565|Reactome:R-HSA-9664873|Reactome:R-HSA-9665686|Reactome:R-HSA-9669914|Reactome:R-HSA-9669917|Reactome:R-HSA-9669921|Reactome:R-HSA-9669924|Reactome:R-HSA-9669926|Reactome:R-HSA-9669929|Reactome:R-HSA-9669933|Reactome:R-HSA-9669934|Reactome:R-HSA-9669935|Reactome:R-HSA-9669936|Reactome:R-HSA-9670439|Reactome:R-HSA-9673767|Reactome:R-HSA-9673768|Reactome:R-HSA-9673770|Reactome:R-HSA-9674396|Reactome:R-HSA-9674401|Reactome:R-HSA-9674403|Reactome:R-HSA-9674404|Reactome:R-HSA-9674428|Reactome:R-HSA-9674555|Reactome:R-HSA-9679191|Reactome:R-HSA-9680187|Reactome:R-HSA-9680350|Reactome:R-HSA-9692916|Reactome:R-HSA-9694614|Reactome:R-HSA-9696264|Reactome:R-HSA-9696270|Reactome:R-HSA-9696273|Reactome:R-HSA-9700645|Reactome:R-HSA-9701898|Reactome:R-HSA-9702509|Reactome:R-HSA-9702518|Reactome:R-HSA-9702569|Reactome:R-HSA-9702577|Reactome:R-HSA-9702581|Reactome:R-HSA-9702590|Reactome:R-HSA-9702596|Reactome:R-HSA-9702600|Reactome:R-HSA-9702605|Reactome:R-HSA-9702614|Reactome:R-HSA-9702620|Reactome:R-HSA-9702624|Reactome:R-HSA-9702632|Reactome:R-HSA-9702636|Reactome:R-HSA-9702998|Reactome:R-HSA-9703009|Reactome:R-HSA-9703648|Reactome:R-HSA-9705462|Reactome:R-HSA-9705671|Reactome:R-HSA-9706369|Reactome:R-HSA-9706374|Reactome:R-HSA-9706377|Reactome:R-HSA-9717207|Reactome:R-HSA-9725370|Reactome:R-HSA-9725371|Reactome:R-HSA-9725554|Reactome:R-HSA-9732724|Reactome:R-HSA-9734091|Reactome:R-HSA-9749641|Reactome:R-HSA-9752946|Reactome:R-HSA-975634|Reactome:R-HSA-9758919|Reactome:R-HSA-977225|Reactome:R-HSA-9772755|Reactome:R-HSA-977443|Reactome:R-HSA-977606|Reactome:R-HSA-9793380|Reactome:R-HSA-9818749|Reactome:R-HSA-9820960|Reactome:R-HSA-9824272|Reactome:R-HSA-9824585|Reactome:R-HSA-9825892|Reactome:R-HSA-982772|Reactome:R-HSA-9830674|Reactome:R-HSA-983168|Reactome:R-HSA-983170|Reactome:R-HSA-9833109|Reactome:R-HSA-9833110|Reactome:R-HSA-983695|Reactome:R-HSA-9843940|Reactome:R-HSA-9843970|Reactome:R-HSA-9844594|Reactome:R-HSA-9851151|Reactome:R-HSA-9854909|Reactome:R-HSA-9856530|Reactome:R-HSA-9856532|Reactome:R-HSA-9856649|Reactome:R-HSA-9860927|Reactome:R-HSA-9909620|Reactome:R-HSA-9909649|Reactome:R-HSA-9913351|Reactome:R-HSA-9918481|Reactome:R-HSA-9918485|Reactome:R-HSA-9920588|Reactome:R-HSA-9925563|Reactome:R-HSA-9926550|Reactome:R-HSA-9927353|Reactome:R-HSA-9927354|Reactome:R-HSA-9927418|Reactome:R-HSA-9927426|Reactome:R-HSA-9929356|Reactome:R-HSA-9929491|Reactome:R-HSA-9931269|Reactome:R-HSA-9931295|Reactome:R-HSA-9939291|Reactome:R-HSA-9942503|Reactome:R-HSA-9953038|Reactome:R-HSA-9953080|Reactome:R-MMU-1059683|Reactome:R-MMU-109704|Reactome:R-MMU-110056|Reactome:R-MMU-112411|Reactome:R-MMU-114604|Reactome:R-MMU-114608|Reactome:R-MMU-1169091|Reactome:R-MMU-1169408|Reactome:R-MMU-1170546|Reactome:R-MMU-1227986|Reactome:R-MMU-1236394|Reactome:R-MMU-1236974|Reactome:R-MMU-1236977|Reactome:R-MMU-1236978|Reactome:R-MMU-1250196|Reactome:R-MMU-1250342|Reactome:R-MMU-1250347|Reactome:R-MMU-1257604|Reactome:R-MMU-1266695|Reactome:R-MMU-1306955|Reactome:R-MMU-1307965|Reactome:R-MMU-1358803|Reactome:R-MMU-140834|Reactome:R-MMU-140837|Reactome:R-MMU-140875|Reactome:R-MMU-1433557|Reactome:R-MMU-1433559|Reactome:R-MMU-1442490|Reactome:R-MMU-1462054|Reactome:R-MMU-1474228|Reactome:R-MMU-1566977|Reactome:R-MMU-163125|Reactome:R-MMU-1632852|Reactome:R-MMU-163680|Reactome:R-MMU-1650814|Reactome:R-MMU-1660499|Reactome:R-MMU-1660514|Reactome:R-MMU-166663|Reactome:R-MMU-166665|Reactome:R-MMU-170968|Reactome:R-MMU-170984|Reactome:R-MMU-173623|Reactome:R-MMU-173736|Reactome:R-MMU-174577|Reactome:R-MMU-177504|Reactome:R-MMU-177929|Reactome:R-MMU-1810476|Reactome:R-MMU-181429|Reactome:R-MMU-181430|Reactome:R-MMU-182971|Reactome:R-MMU-1855183|Reactome:R-MMU-1855204|Reactome:R-MMU-186763|Reactome:R-MMU-186797|Reactome:R-MMU-187042|Reactome:R-MMU-190322|Reactome:R-MMU-190370|Reactome:R-MMU-190371|Reactome:R-MMU-190372|Reactome:R-MMU-190373|Reactome:R-MMU-190374|Reactome:R-MMU-190375|Reactome:R-MMU-190377|Reactome:R-MMU-193634|Reactome:R-MMU-193648|Reactome:R-MMU-193692|Reactome:R-MMU-194306|Reactome:R-MMU-195399|Reactome:R-MMU-196108|Reactome:R-MMU-1963640|Reactome:R-MMU-1963642|Reactome:R-MMU-1971475|Reactome:R-MMU-198203|Reactome:R-MMU-198933|Reactome:R-MMU-200425|Reactome:R-MMU-2022854|Reactome:R-MMU-2022857|Reactome:R-MMU-2022870|Reactome:R-MMU-2022923|Reactome:R-MMU-2024096|Reactome:R-MMU-2024101|Reactome:R-MMU-202424|Reactome:R-MMU-202427|Reactome:R-MMU-202430|Reactome:R-MMU-202433|Reactome:R-MMU-2025928|Reactome:R-MMU-202733|Reactome:R-MMU-2029481|Reactome:R-MMU-2029482|Reactome:R-MMU-2029485|Reactome:R-MMU-204005|Reactome:R-MMU-209560|Reactome:R-MMU-210500|Reactome:R-MMU-210990|Reactome:R-MMU-210991|Reactome:R-MMU-210993|Reactome:R-MMU-2122947|Reactome:R-MMU-212676|Reactome:R-MMU-2129379|Reactome:R-MMU-2132295|Reactome:R-MMU-216083|Reactome:R-MMU-2160916|Reactome:R-MMU-2168880|Reactome:R-MMU-2172127|Reactome:R-MMU-2173791|Reactome:R-MMU-2214320|Reactome:R-MMU-2243919|Reactome:R-MMU-2404192|Reactome:R-MMU-2424491|Reactome:R-MMU-2428928|Reactome:R-MMU-2428933|Reactome:R-MMU-2454202|Reactome:R-MMU-264642|Reactome:R-MMU-264876|Reactome:R-MMU-2672351|Reactome:R-MMU-2682334|Reactome:R-MMU-2730905|Reactome:R-MMU-2871796|Reactome:R-MMU-2871809|Reactome:R-MMU-2871837|Reactome:R-MMU-3000170|Reactome:R-MMU-3000178|Reactome:R-MMU-3134963|Reactome:R-MMU-3214841|Reactome:R-MMU-3214847|Reactome:R-MMU-3322077|Reactome:R-MMU-350054|Reactome:R-MMU-354192|Reactome:R-MMU-354194|Reactome:R-MMU-372708|Reactome:R-MMU-373752|Reactome:R-MMU-373753|Reactome:R-MMU-373756|Reactome:R-MMU-373760|Reactome:R-MMU-375165|Reactome:R-MMU-375276|Reactome:R-MMU-376172|Reactome:R-MMU-376176|Reactome:R-MMU-380972|Reactome:R-MMU-381426|Reactome:R-MMU-388844|Reactome:R-MMU-389356|Reactome:R-MMU-389357|Reactome:R-MMU-389359|Reactome:R-MMU-389513|Reactome:R-MMU-389948|Reactome:R-MMU-390522|Reactome:R-MMU-391160|Reactome:R-MMU-3928662|Reactome:R-MMU-3928663|Reactome:R-MMU-3928664|Reactome:R-MMU-3928665|Reactome:R-MMU-399954|Reactome:R-MMU-399955|Reactome:R-MMU-399956|Reactome:R-MMU-4086398|Reactome:R-MMU-416476|Reactome:R-MMU-416482|Reactome:R-MMU-416550|Reactome:R-MMU-416572|Reactome:R-MMU-416700|Reactome:R-MMU-418594|Reactome:R-MMU-418885|Reactome:R-MMU-418889|Reactome:R-MMU-418990|Reactome:R-MMU-419037|Reactome:R-MMU-420029|Reactome:R-MMU-420597|Reactome:R-MMU-428890|Reactome:R-MMU-430116|Reactome:R-MMU-432142|Reactome:R-MMU-432722|Reactome:R-MMU-433692|Reactome:R-MMU-437239|Reactome:R-MMU-4420097|Reactome:R-MMU-445095|Reactome:R-MMU-445144|Reactome:R-MMU-445355|Reactome:R-MMU-445989|Reactome:R-MMU-446107|Reactome:R-MMU-446353|Reactome:R-MMU-447043|Reactome:R-MMU-448706|Reactome:R-MMU-449836|Reactome:R-MMU-4755510|Reactome:R-MMU-512988|Reactome:R-MMU-5140745|Reactome:R-MMU-5173214|Reactome:R-MMU-5218921|Reactome:R-MMU-5223345|Reactome:R-MMU-525793|Reactome:R-MMU-5607761|Reactome:R-MMU-5607763|Reactome:R-MMU-5607764|Reactome:R-MMU-5620916|Reactome:R-MMU-5621575|Reactome:R-MMU-5627123|Reactome:R-MMU-5628897|Reactome:R-MMU-5632681|Reactome:R-MMU-5635838|Reactome:R-MMU-5654219|Reactome:R-MMU-5654221|Reactome:R-MMU-5654227|Reactome:R-MMU-5654228|Reactome:R-MMU-5654687|Reactome:R-MMU-5654688|Reactome:R-MMU-5654689|Reactome:R-MMU-5654693|Reactome:R-MMU-5654695|Reactome:R-MMU-5654699|Reactome:R-MMU-5654700|Reactome:R-MMU-5654704|Reactome:R-MMU-5654706|Reactome:R-MMU-5654710|Reactome:R-MMU-5654712|Reactome:R-MMU-5654719|Reactome:R-MMU-5654720|Reactome:R-MMU-5654726|Reactome:R-MMU-5654727|Reactome:R-MMU-5654732|Reactome:R-MMU-5654733|Reactome:R-MMU-5658623|Reactome:R-MMU-5660668|Reactome:R-MMU-5673001|Reactome:R-MMU-5674135|Reactome:R-MMU-5676590|Reactome:R-MMU-5683826|Reactome:R-MMU-5684264|Reactome:R-MMU-5687128|Reactome:R-MMU-5689603|Reactome:R-MMU-5690714|Reactome:R-MMU-5694530|Reactome:R-MMU-6783783|Reactome:R-MMU-6785631|Reactome:R-MMU-6785807|Reactome:R-MMU-6788467|Reactome:R-MMU-6798695|Reactome:R-MMU-6804756|Reactome:R-MMU-6806942|Reactome:R-MMU-6807004|Reactome:R-MMU-6809371|Reactome:R-MMU-6811558|Reactome:R-MMU-74713|Reactome:R-MMU-74749|Reactome:R-MMU-74751|Reactome:R-MMU-74752|Reactome:R-MMU-75892|Reactome:R-MMU-77387|Reactome:R-MMU-877300|Reactome:R-MMU-877312|Reactome:R-MMU-879415|Reactome:R-MMU-8847993|Reactome:R-MMU-8849932|Reactome:R-MMU-8851680|Reactome:R-MMU-8851805|Reactome:R-MMU-8851907|Reactome:R-MMU-8852405|Reactome:R-MMU-8853383|Reactome:R-MMU-8854691|Reactome:R-MMU-8856825|Reactome:R-MMU-8856828|Reactome:R-MMU-8857538|Reactome:R-MMU-8863795|Reactome:R-MMU-8865999|Reactome:R-MMU-8874081|Reactome:R-MMU-8875513|Reactome:R-MMU-8875555|Reactome:R-MMU-8875656|Reactome:R-MMU-8875791|Reactome:R-MMU-8932504|Reactome:R-MMU-8932505|Reactome:R-MMU-8932506|Reactome:R-MMU-8941856|Reactome:R-MMU-8948216|Reactome:R-MMU-8957275|Reactome:R-MMU-8963896|Reactome:R-MMU-8980692|Reactome:R-MMU-8983432|Reactome:R-MMU-8984722|Reactome:R-MMU-8985586|Reactome:R-MMU-8985947|Reactome:R-MMU-9006335|Reactome:R-MMU-9007892|Reactome:R-MMU-9009391|Reactome:R-MMU-9010553|Reactome:R-MMU-9012546|Reactome:R-MMU-9013026|Reactome:R-MMU-9013106|Reactome:R-MMU-9013148|Reactome:R-MMU-9013149|Reactome:R-MMU-9013404|Reactome:R-MMU-9013406|Reactome:R-MMU-9013408|Reactome:R-MMU-9013409|Reactome:R-MMU-9013420|Reactome:R-MMU-9013423|Reactome:R-MMU-9013424|Reactome:R-MMU-9014826|Reactome:R-MMU-9014843|Reactome:R-MMU-9020558|Reactome:R-MMU-9020591|Reactome:R-MMU-9020702|Reactome:R-MMU-9020933|Reactome:R-MMU-9020956|Reactome:R-MMU-9020958|Reactome:R-MMU-9026527|Reactome:R-MMU-9027276|Reactome:R-MMU-9027284|Reactome:R-MMU-9028731|Reactome:R-MMU-9032759|Reactome:R-MMU-9034013|Reactome:R-MMU-9034793|Reactome:R-MMU-9035034|Reactome:R-MMU-909733|Reactome:R-MMU-912526|Reactome:R-MMU-912694|Reactome:R-MMU-917977|Reactome:R-MMU-933542|Reactome:R-MMU-9603381|Reactome:R-MMU-9607240|Reactome:R-MMU-9609523|Reactome:R-MMU-9634597|Reactome:R-MMU-9664873|Reactome:R-MMU-9696264|Reactome:R-MMU-9696270|Reactome:R-MMU-9696273|Reactome:R-MMU-9706369|Reactome:R-MMU-9706374|Reactome:R-MMU-9732724|Reactome:R-MMU-9734091|Reactome:R-MMU-9749641|Reactome:R-MMU-9772755|Reactome:R-MMU-977606|Reactome:R-MMU-982772|Reactome:R-MMU-983168|Reactome:R-MMU-983170|Reactome:R-MMU-983695|Reactome:R-MMU-9843940|Reactome:R-MMU-9851151|Reactome:R-MMU-9856649|Reactome:R-MMU-9860927|Reactome:R-MMU-9913351|Reactome:R-MMU-9927353|Reactome:R-MMU-9927354|Reactome:R-MMU-9929356|Reactome:R-MMU-9929491|Reactome:R-MMU-9931269|Reactome:R-MMU-9931295|Reactome:R-MMU-9939291|Reactome:R-MTU-868688|Reactome:R-RNO-1059683|Reactome:R-RNO-109704|Reactome:R-RNO-110056|Reactome:R-RNO-112411|Reactome:R-RNO-114608|Reactome:R-RNO-1169091|Reactome:R-RNO-1170546|Reactome:R-RNO-1227986|Reactome:R-RNO-1236394|Reactome:R-RNO-1236974|Reactome:R-RNO-1236977|Reactome:R-RNO-1250196|Reactome:R-RNO-1250342|Reactome:R-RNO-1250347|Reactome:R-RNO-1257604|Reactome:R-RNO-1306955|Reactome:R-RNO-1307965|Reactome:R-RNO-1358803|Reactome:R-RNO-140834|Reactome:R-RNO-140837|Reactome:R-RNO-140875|Reactome:R-RNO-1462054|Reactome:R-RNO-1474228|Reactome:R-RNO-1566977|Reactome:R-RNO-163125|Reactome:R-RNO-1632852|Reactome:R-RNO-163680|Reactome:R-RNO-1660499|Reactome:R-RNO-1660514|Reactome:R-RNO-166663|Reactome:R-RNO-166665|Reactome:R-RNO-170968|Reactome:R-RNO-170984|Reactome:R-RNO-173623|Reactome:R-RNO-173736|Reactome:R-RNO-174577|Reactome:R-RNO-177504|Reactome:R-RNO-1810476|Reactome:R-RNO-181429|Reactome:R-RNO-181430|Reactome:R-RNO-1855183|Reactome:R-RNO-1855204|Reactome:R-RNO-186763|Reactome:R-RNO-186797|Reactome:R-RNO-187042|Reactome:R-RNO-190322|Reactome:R-RNO-190370|Reactome:R-RNO-190373|Reactome:R-RNO-190374|Reactome:R-RNO-193634|Reactome:R-RNO-193648|Reactome:R-RNO-193692|Reactome:R-RNO-194306|Reactome:R-RNO-195399|Reactome:R-RNO-196108|Reactome:R-RNO-1963640|Reactome:R-RNO-1963642|Reactome:R-RNO-1971475|Reactome:R-RNO-198203|Reactome:R-RNO-198933|Reactome:R-RNO-200425|Reactome:R-RNO-2022854|Reactome:R-RNO-2022857|Reactome:R-RNO-2022870|Reactome:R-RNO-2022923|Reactome:R-RNO-2024101|Reactome:R-RNO-202424|Reactome:R-RNO-202427|Reactome:R-RNO-202430|Reactome:R-RNO-202433|Reactome:R-RNO-2025928|Reactome:R-RNO-202733|Reactome:R-RNO-2029481|Reactome:R-RNO-2029482|Reactome:R-RNO-2029485|Reactome:R-RNO-209560|Reactome:R-RNO-210500|Reactome:R-RNO-210990|Reactome:R-RNO-210991|Reactome:R-RNO-212676|Reactome:R-RNO-2129379|Reactome:R-RNO-2132295|Reactome:R-RNO-216083|Reactome:R-RNO-2160916|Reactome:R-RNO-2172127|Reactome:R-RNO-2173791|Reactome:R-RNO-2404192|Reactome:R-RNO-2424491|Reactome:R-RNO-2428928|Reactome:R-RNO-2428933|Reactome:R-RNO-2454202|Reactome:R-RNO-264642|Reactome:R-RNO-264876|Reactome:R-RNO-2682334|Reactome:R-RNO-2730905|Reactome:R-RNO-2871796|Reactome:R-RNO-2871809|Reactome:R-RNO-2871837|Reactome:R-RNO-3000170|Reactome:R-RNO-3000178|Reactome:R-RNO-3134963|Reactome:R-RNO-3214841|Reactome:R-RNO-3214847|Reactome:R-RNO-354192|Reactome:R-RNO-354194|Reactome:R-RNO-372708|Reactome:R-RNO-373752|Reactome:R-RNO-373753|Reactome:R-RNO-373760|Reactome:R-RNO-375165|Reactome:R-RNO-375276|Reactome:R-RNO-376172|Reactome:R-RNO-380972|Reactome:R-RNO-381426|Reactome:R-RNO-388844|Reactome:R-RNO-389356|Reactome:R-RNO-389357|Reactome:R-RNO-389359|Reactome:R-RNO-389948|Reactome:R-RNO-390522|Reactome:R-RNO-391160|Reactome:R-RNO-3928662|Reactome:R-RNO-3928663|Reactome:R-RNO-3928664|Reactome:R-RNO-3928665|Reactome:R-RNO-399954|Reactome:R-RNO-399955|Reactome:R-RNO-399956|Reactome:R-RNO-416476|Reactome:R-RNO-416482|Reactome:R-RNO-416550|Reactome:R-RNO-416700|Reactome:R-RNO-418594|Reactome:R-RNO-418885|Reactome:R-RNO-418889|Reactome:R-RNO-418990|Reactome:R-RNO-419037|Reactome:R-RNO-420029|Reactome:R-RNO-420597|Reactome:R-RNO-432142|Reactome:R-RNO-432722|Reactome:R-RNO-433692|Reactome:R-RNO-437239|Reactome:R-RNO-4420097|Reactome:R-RNO-445095|Reactome:R-RNO-445144|Reactome:R-RNO-445989|Reactome:R-RNO-446107|Reactome:R-RNO-446353|Reactome:R-RNO-447043|Reactome:R-RNO-448706|Reactome:R-RNO-449836|Reactome:R-RNO-5218921|Reactome:R-RNO-5223345|Reactome:R-RNO-525793|Reactome:R-RNO-5607763|Reactome:R-RNO-5607764|Reactome:R-RNO-5620916|Reactome:R-RNO-5621575|Reactome:R-RNO-5628897|Reactome:R-RNO-5632681|Reactome:R-RNO-5654219|Reactome:R-RNO-5654228|Reactome:R-RNO-5654687|Reactome:R-RNO-5654688|Reactome:R-RNO-5654689|Reactome:R-RNO-5654693|Reactome:R-RNO-5654712|Reactome:R-RNO-5654719|Reactome:R-RNO-5654720|Reactome:R-RNO-5654726|Reactome:R-RNO-5654733|Reactome:R-RNO-5658623|Reactome:R-RNO-5673001|Reactome:R-RNO-5674135|Reactome:R-RNO-5683826|Reactome:R-RNO-5684264|Reactome:R-RNO-5687128|Reactome:R-RNO-5689603|Reactome:R-RNO-6785631|Reactome:R-RNO-6785807|Reactome:R-RNO-6788467|Reactome:R-RNO-6798695|Reactome:R-RNO-6804756|Reactome:R-RNO-6806942|Reactome:R-RNO-6807004|Reactome:R-RNO-6809371|Reactome:R-RNO-6811558|Reactome:R-RNO-74713|Reactome:R-RNO-74749|Reactome:R-RNO-74751|Reactome:R-RNO-74752|Reactome:R-RNO-77387|Reactome:R-RNO-879415|Reactome:R-RNO-8847993|Reactome:R-RNO-8849932|Reactome:R-RNO-8851680|Reactome:R-RNO-8851805|Reactome:R-RNO-8851907|Reactome:R-RNO-8853383|Reactome:R-RNO-8854691|Reactome:R-RNO-8856825|Reactome:R-RNO-8856828|Reactome:R-RNO-8857538|Reactome:R-RNO-8863795|Reactome:R-RNO-8865999|Reactome:R-RNO-8874081|Reactome:R-RNO-8875513|Reactome:R-RNO-8875555|Reactome:R-RNO-8875656|Reactome:R-RNO-8875791|Reactome:R-RNO-8932505|Reactome:R-RNO-8951664|Reactome:R-RNO-8957275|Reactome:R-RNO-8963896|Reactome:R-RNO-8980692|Reactome:R-RNO-8983432|Reactome:R-RNO-8984722|Reactome:R-RNO-9006335|Reactome:R-RNO-9007892|Reactome:R-RNO-9009391|Reactome:R-RNO-9013026|Reactome:R-RNO-9013106|Reactome:R-RNO-9013148|Reactome:R-RNO-9013149|Reactome:R-RNO-9013404|Reactome:R-RNO-9013408|Reactome:R-RNO-9013409|Reactome:R-RNO-9013423|Reactome:R-RNO-9014826|Reactome:R-RNO-9014843|Reactome:R-RNO-9020558|Reactome:R-RNO-9020702|Reactome:R-RNO-9020956|Reactome:R-RNO-9026527|Reactome:R-RNO-9027276|Reactome:R-RNO-9027284|Reactome:R-RNO-9028731|Reactome:R-RNO-9032759|Reactome:R-RNO-9034013|Reactome:R-RNO-9034793|Reactome:R-RNO-9035034|Reactome:R-RNO-912526|Reactome:R-RNO-917977|Reactome:R-RNO-933542|Reactome:R-RNO-9603381|Reactome:R-RNO-9609523|Reactome:R-RNO-9634597|Reactome:R-RNO-9664873|Reactome:R-RNO-9734091|Reactome:R-RNO-9749641|Reactome:R-RNO-9772755|Reactome:R-RNO-977606|Reactome:R-RNO-982772|Reactome:R-RNO-983168|Reactome:R-RNO-983170|Reactome:R-RNO-9851151|Reactome:R-RNO-9860927|Reactome:R-RNO-9927353|Reactome:R-RNO-9927354|Reactome:R-RNO-9931269|Reactome:R-SCE-1632852|Reactome:R-SCE-163680|Reactome:R-SCE-200425|Reactome:R-SCE-3322077|Reactome:R-SCE-380972|Reactome:R-SCE-6798695|Reactome:R-SCE-8948751|Reactome:R-SCE-9013106|Reactome:R-SCE-9609523|Reactome:R-SPO-1632852|Reactome:R-SPO-163680|Reactome:R-SPO-200425|Reactome:R-SPO-380972|Reactome:R-SPO-5628897|Reactome:R-SPO-6798695|Reactome:R-SPO-9609523|Reactome:R-SPO-9664873|Reactome:R-SSC-114608|Reactome:R-SSC-1170546|Reactome:R-SSC-1236974|Reactome:R-SSC-1236977|Reactome:R-SSC-1257604|Reactome:R-SSC-1474228|Reactome:R-SSC-173623|Reactome:R-SSC-198933|Reactome:R-SSC-2022854|Reactome:R-SSC-2022857|Reactome:R-SSC-2024101|Reactome:R-SSC-202424|Reactome:R-SSC-202427|Reactome:R-SSC-202430|Reactome:R-SSC-202433|Reactome:R-SSC-202733|Reactome:R-SSC-2029481|Reactome:R-SSC-2029482|Reactome:R-SSC-2029485|Reactome:R-SSC-210990|Reactome:R-SSC-2132295|Reactome:R-SSC-216083|Reactome:R-SSC-2160916|Reactome:R-SSC-2168880|Reactome:R-SSC-2424491|Reactome:R-SSC-2454202|Reactome:R-SSC-2730905|Reactome:R-SSC-2871796|Reactome:R-SSC-2871809|Reactome:R-SSC-2871837|Reactome:R-SSC-3000178|Reactome:R-SSC-389948|Reactome:R-SSC-391160|Reactome:R-SSC-416550|Reactome:R-SSC-432142|Reactome:R-SSC-5673001|Reactome:R-SSC-5690714|Reactome:R-SSC-6798695|Reactome:R-SSC-6806942|Reactome:R-SSC-6807004|Reactome:R-SSC-6811558|Reactome:R-SSC-8851805|Reactome:R-SSC-8851907|Reactome:R-SSC-8856825|Reactome:R-SSC-8856828|Reactome:R-SSC-8865999|Reactome:R-SSC-8874081|Reactome:R-SSC-8875513|Reactome:R-SSC-8875555|Reactome:R-SSC-8875656|Reactome:R-SSC-8875791|Reactome:R-SSC-8980692|Reactome:R-SSC-9006335|Reactome:R-SSC-9013106|Reactome:R-SSC-9013404|Reactome:R-SSC-9013408|Reactome:R-SSC-9020591|Reactome:R-SSC-9020933|Reactome:R-SSC-9027276|Reactome:R-SSC-9027284|Reactome:R-SSC-9734091|Reactome:R-SSC-977606|Reactome:R-SSC-982772|Reactome:R-SSC-983170|Reactome:R-SSC-983695|Reactome:R-XTR-202433|Reactome:R-XTR-418990|Reactome:R-XTR-5654687
D_firmibasis_KAK5582903	a6bbfb3e7be3049b8096286578c44f77	2194	MobiDBLite	mobidb-lite	consensus disorder prediction	2171	2194	-	T	26-08-2026	-	-	-	-
D_firmibasis_KAK5582903	a6bbfb3e7be3049b8096286578c44f77	2194	Phobius	SIGNAL_PEPTIDE_N_REGION	N-terminal region of a signal peptide.	1	3	-	T	26-08-2026	-	-	-	-
D_firmibasis_KAK5582903	a6bbfb3e7be3049b8096286578c44f77	2194	Pfam	PF00535	Glycosyl transferase family 2	537	659	4.3E-20	T	26-08-2026	IPR001173	Glycosyltransferase 2-like	-	Reactome:R-BTA-6811436|Reactome:R-BTA-913709|Reactome:R-CEL-6811436|Reactome:R-CEL-913709|Reactome:R-DDI-162699|Reactome:R-DDI-480985|Reactome:R-DME-162699|Reactome:R-DME-190372|Reactome:R-DME-480985|Reactome:R-DME-6811436|Reactome:R-DME-913709|Reactome:R-DRE-913709|Reactome:R-HSA-162699|Reactome:R-HSA-190372|Reactome:R-HSA-446203|Reactome:R-HSA-4717374|Reactome:R-HSA-4719360|Reactome:R-HSA-4719377|Reactome:R-HSA-480985|Reactome:R-HSA-5083625|Reactome:R-HSA-5083636|Reactome:R-HSA-6811436|Reactome:R-HSA-9037629|Reactome:R-HSA-913709|Reactome:R-HSA-9683673|Reactome:R-HSA-9694719|Reactome:R-HSA-9840309|Reactome:R-HSA-9918432|Reactome:R-HSA-9931953|Reactome:R-MMU-162699|Reactome:R-MMU-190372|Reactome:R-MMU-2142845|Reactome:R-MMU-446203|Reactome:R-MMU-480985|Reactome:R-MMU-6811436|Reactome:R-MMU-9037629|Reactome:R-MMU-913709|Reactome:R-MMU-9840309|Reactome:R-RNO-6811436|Reactome:R-RNO-913709|Reactome:R-RNO-9840309|Reactome:R-SCE-480985|Reactome:R-SPO-162699|Reactome:R-SPO-480985|Reactome:R-SSC-162699|Reactome:R-XTR-913709
D_firmibasis_KAK5582903	a6bbfb3e7be3049b8096286578c44f77	2194	SMART	SM00303	GPS_3	1868	1915	6.7E-4	T	26-08-2026	IPR000203	GPS motif	-	Reactome:R-CEL-373080|Reactome:R-CEL-6798695|Reactome:R-CEL-9619665|Reactome:R-DME-350368|Reactome:R-DME-350376|Reactome:R-DME-350379|Reactome:R-DME-350411|Reactome:R-DME-350480|Reactome:R-DME-373080|Reactome:R-DME-450728|Reactome:R-DME-6798695|Reactome:R-DME-9619665|Reactome:R-DRE-9619665|Reactome:R-HSA-373080|Reactome:R-HSA-5620916|Reactome:R-HSA-5683826|Reactome:R-HSA-6798695|Reactome:R-HSA-9619665|Reactome:R-MMU-373080|Reactome:R-MMU-5620916|Reactome:R-MMU-5683826|Reactome:R-MMU-6798695|Reactome:R-MMU-9619665|Reactome:R-RNO-373080|Reactome:R-RNO-5683826
D_firmibasis_KAK5582903	a6bbfb3e7be3049b8096286578c44f77	2194	Pfam	PF02010	REJ domain	1116	1511	1.3E-69	T	26-08-2026	IPR002859	PKD/REJ-like domain	-	Reactome:R-HSA-5620916|Reactome:R-MMU-5620916
D_firmibasis_KAK5582903	a6bbfb3e7be3049b8096286578c44f77	2194	Pfam	PF01833	IPT/TIG domain	803	876	7.1E-8	T	26-08-2026	IPR002909	IPT domain	-	Reactome:R-CEL-264876|Reactome:R-CEL-416482|Reactome:R-CEL-416572|Reactome:R-CEL-416700|Reactome:R-CEL-5620916|Reactome:R-CEL-913709|Reactome:R-DDI-3295583|Reactome:R-DDI-5213460|Reactome:R-DDI-5673000|Reactome:R-DDI-5674135|Reactome:R-DDI-5675221|Reactome:R-DDI-5675482|Reactome:R-DME-1169091|Reactome:R-DME-1810476|Reactome:R-DME-202424|Reactome:R-DME-209394|Reactome:R-DME-209400|Reactome:R-DME-209406|Reactome:R-DME-209560|Reactome:R-DME-214399|Reactome:R-DME-214411|Reactome:R-DME-214416|Reactome:R-DME-214842|Reactome:R-DME-214844|Reactome:R-DME-214869|Reactome:R-DME-264876|Reactome:R-DME-2871837|Reactome:R-DME-3134963|Reactome:R-DME-416482|Reactome:R-DME-416572|Reactome:R-DME-416700|Reactome:R-DME-445989|Reactome:R-DME-4755510|Reactome:R-DME-5607761|Reactome:R-DME-5607764|Reactome:R-DME-5620916|Reactome:R-DME-5621575|Reactome:R-DME-5676590|Reactome:R-DME-6798695|Reactome:R-DME-9020702|Reactome:R-DME-933542|Reactome:R-DME-9860927|Reactome:R-DRE-399954|Reactome:R-DRE-399956|Reactome:R-GGA-1227892|Reactome:R-GGA-434001|Reactome:R-GGA-434131|Reactome:R-HSA-1169091|Reactome:R-HSA-1257604|Reactome:R-HSA-1445148|Reactome:R-HSA-1810476|Reactome:R-HSA-193692|Reactome:R-HSA-202424|Reactome:R-HSA-2025928|Reactome:R-HSA-209560|Reactome:R-HSA-2219530|Reactome:R-HSA-2559582|Reactome:R-HSA-264876|Reactome:R-HSA-2871809|Reactome:R-HSA-2871837|Reactome:R-HSA-3134963|Reactome:R-HSA-3214841|Reactome:R-HSA-381340|Reactome:R-HSA-399954|Reactome:R-HSA-399955|Reactome:R-HSA-399956|Reactome:R-HSA-4086398|Reactome:R-HSA-416482|Reactome:R-HSA-416550|Reactome:R-HSA-416572|Reactome:R-HSA-416700|Reactome:R-HSA-445989|Reactome:R-HSA-448706|Reactome:R-HSA-4755510|Reactome:R-HSA-5603029|Reactome:R-HSA-5607761|Reactome:R-HSA-5607763|Reactome:R-HSA-5607764|Reactome:R-HSA-5620916|Reactome:R-HSA-5621575|Reactome:R-HSA-5660668|Reactome:R-HSA-5673001|Reactome:R-HSA-5676590|Reactome:R-HSA-5684264|Reactome:R-HSA-6798695|Reactome:R-HSA-6806942|Reactome:R-HSA-6807004|Reactome:R-HSA-6811558|Reactome:R-HSA-844456|Reactome:R-HSA-8851805|Reactome:R-HSA-8851907|Reactome:R-HSA-8852405|Reactome:R-HSA-8853884|Reactome:R-HSA-8865999|Reactome:R-HSA-8874081|Reactome:R-HSA-8875360|Reactome:R-HSA-8875513|Reactome:R-HSA-8875555|Reactome:R-HSA-8875656|Reactome:R-HSA-8875791|Reactome:R-HSA-8877330|Reactome:R-HSA-9013405|Reactome:R-HSA-9013508|Reactome:R-HSA-9020702|Reactome:R-HSA-9022699|Reactome:R-HSA-933542|Reactome:R-HSA-9609690|Reactome:R-HSA-9615017|Reactome:R-HSA-9660826|Reactome:R-HSA-9692916|Reactome:R-HSA-9696270|Reactome:R-HSA-9696273|Reactome:R-HSA-9734091|Reactome:R-HSA-9752946|Reactome:R-HSA-9818749|Reactome:R-HSA-9825892|Reactome:R-HSA-9844594|Reactome:R-HSA-9860927|Reactome:R-HSA-9909649|Reactome:R-HSA-9942503|Reactome:R-MMU-1169091|Reactome:R-MMU-1257604|Reactome:R-MMU-1810476|Reactome:R-MMU-193692|Reactome:R-MMU-202424|Reactome:R-MMU-2025928|Reactome:R-MMU-209560|Reactome:R-MMU-264876|Reactome:R-MMU-2871809|Reactome:R-MMU-2871837|Reactome:R-MMU-3134963|Reactome:R-MMU-3214841|Reactome:R-MMU-399954|Reactome:R-MMU-399955|Reactome:R-MMU-399956|Reactome:R-MMU-4086398|Reactome:R-MMU-416482|Reactome:R-MMU-416550|Reactome:R-MMU-416572|Reactome:R-MMU-416700|Reactome:R-MMU-445989|Reactome:R-MMU-448706|Reactome:R-MMU-4755510|Reactome:R-MMU-5607761|Reactome:R-MMU-5607763|Reactome:R-MMU-5607764|Reactome:R-MMU-5620916|Reactome:R-MMU-5621575|Reactome:R-MMU-5673001|Reactome:R-MMU-5676590|Reactome:R-MMU-5684264|Reactome:R-MMU-6798695|Reactome:R-MMU-6806942|Reactome:R-MMU-6807004|Reactome:R-MMU-6811558|Reactome:R-MMU-8851805|Reactome:R-MMU-8851907|Reactome:R-MMU-8852405|Reactome:R-MMU-8865999|Reactome:R-MMU-8874081|Reactome:R-MMU-8875513|Reactome:R-MMU-8875555|Reactome:R-MMU-8875656|Reactome:R-MMU-8875791|Reactome:R-MMU-9020702|Reactome:R-MMU-933542|Reactome:R-MMU-9696270|Reactome:R-MMU-9696273|Reactome:R-MMU-9734091|Reactome:R-MMU-9860927|Reactome:R-RNO-1169091|Reactome:R-RNO-1257604|Reactome:R-RNO-1810476|Reactome:R-RNO-193692|Reactome:R-RNO-202424|Reactome:R-RNO-2025928|Reactome:R-RNO-209560|Reactome:R-RNO-264876|Reactome:R-RNO-2871809|Reactome:R-RNO-2871837|Reactome:R-RNO-3134963|Reactome:R-RNO-3214841|Reactome:R-RNO-399954|Reactome:R-RNO-399955|Reactome:R-RNO-399956|Reactome:R-RNO-416550|Reactome:R-RNO-416700|Reactome:R-RNO-445989|Reactome:R-RNO-448706|Reactome:R-RNO-5607763|Reactome:R-RNO-5607764|Reactome:R-RNO-5620916|Reactome:R-RNO-5621575|Reactome:R-RNO-5673001|Reactome:R-RNO-5684264|Reactome:R-RNO-6798695|Reactome:R-RNO-6806942|Reactome:R-RNO-6807004|Reactome:R-RNO-6811558|Reactome:R-RNO-8851805|Reactome:R-RNO-8851907|Reactome:R-RNO-8865999|Reactome:R-RNO-8874081|Reactome:R-RNO-8875513|Reactome:R-RNO-8875555|Reactome:R-RNO-8875656|Reactome:R-RNO-8875791|Reactome:R-RNO-9020702|Reactome:R-RNO-933542|Reactome:R-RNO-9734091|Reactome:R-RNO-9860927|Reactome:R-SCE-8948751|Reactome:R-SSC-1257604|Reactome:R-SSC-416550|Reactome:R-SSC-5673001|Reactome:R-SSC-6806942|Reactome:R-SSC-6807004|Reactome:R-SSC-6811558|Reactome:R-SSC-8851805|Reactome:R-SSC-8851907|Reactome:R-SSC-8865999|Reactome:R-SSC-8874081|Reactome:R-SSC-8875513|Reactome:R-SSC-8875555|Reactome:R-SSC-8875656|Reactome:R-SSC-8875791|Reactome:R-SSC-9734091
D_firmibasis_KAK5582903	a6bbfb3e7be3049b8096286578c44f77	2194	Phobius	NON_CYTOPLASMIC_DOMAIN	Region of a membrane-bound protein predicted to be outside the membrane, in the extracellular region.	20	1917	-	T	26-08-2026	-	-	-	-
D_firmibasis_KAK5582903	a6bbfb3e7be3049b8096286578c44f77	2194	Phobius	CYTOPLASMIC_DOMAIN	Region of a membrane-bound protein predicted to be outside the membrane, in the cytoplasm.	1943	2194	-	T	26-08-2026	-	-	-	-
D_firmibasis_KAK5582903	a6bbfb3e7be3049b8096286578c44f77	2194	Phobius	TRANSMEMBRANE	Region of a membrane-bound protein predicted to be embedded in the membrane.	1918	1942	-	T	26-08-2026	-	-	-	-
D_firmibasis_KAK5582903	a6bbfb3e7be3049b8096286578c44f77	2194	Phobius	SIGNAL_PEPTIDE_H_REGION	Hydrophobic region of a signal peptide.	4	14	-	T	26-08-2026	-	-	-	-
D_firmibasis_KAK5582903	a6bbfb3e7be3049b8096286578c44f77	2194	Gene3D	G3DSA:3.40.50.2000	Glycogen Phosphorylase B;	320	505	5.4E-8	T	26-08-2026	-	-	-	-
D_firmibasis_KAK5582903	a6bbfb3e7be3049b8096286578c44f77	2194	PANTHER	PTHR22916	GLYCOSYLTRANSFERASE	531	1961	1.2E-92	T	26-08-2026	-	-	-	-
D_firmibasis_KAK5582903	a6bbfb3e7be3049b8096286578c44f77	2194	Gene3D	G3DSA:3.90.550.10	Spore Coat Polysaccharide Biosynthesis Protein SpsA; Chain A	513	751	3.9E-41	T	26-08-2026	IPR029044	Nucleotide-diphospho-sugar transferases	-	Reactome:R-BTA-1650814|Reactome:R-BTA-173599|Reactome:R-BTA-2022854|Reactome:R-BTA-2022928|Reactome:R-BTA-2534343|Reactome:R-BTA-3322077|Reactome:R-BTA-4085001|Reactome:R-BTA-5653890|Reactome:R-BTA-6798695|Reactome:R-BTA-6811436|Reactome:R-BTA-913709|Reactome:R-BTA-975577|Reactome:R-CEL-1650814|Reactome:R-CEL-1971475|Reactome:R-CEL-2022928|Reactome:R-CEL-3322077|Reactome:R-CEL-446205|Reactome:R-CEL-446210|Reactome:R-CEL-6798695|Reactome:R-CEL-6811436|Reactome:R-CEL-70221|Reactome:R-CEL-72731|Reactome:R-CEL-913709|Reactome:R-CEL-964739|Reactome:R-CEL-975577|Reactome:R-CEL-9840309|Reactome:R-CFA-1971475|Reactome:R-DDI-162699|Reactome:R-DDI-173599|Reactome:R-DDI-3322077|Reactome:R-DDI-446205|Reactome:R-DDI-446210|Reactome:R-DDI-480985|Reactome:R-DDI-72731|Reactome:R-DME-162699|Reactome:R-DME-1650814|Reactome:R-DME-190372|Reactome:R-DME-1971475|Reactome:R-DME-2022854|Reactome:R-DME-2022928|Reactome:R-DME-446205|Reactome:R-DME-480985|Reactome:R-DME-6811436|Reactome:R-DME-9037629|Reactome:R-DME-913709|Reactome:R-DME-975577|Reactome:R-DME-9840309|Reactome:R-DRE-1650814|Reactome:R-DRE-2022854|Reactome:R-DRE-2022928|Reactome:R-DRE-4085001|Reactome:R-DRE-446205|Reactome:R-DRE-913709|Reactome:R-DRE-975577|Reactome:R-DRE-9840309|Reactome:R-DRE-9939291|Reactome:R-HSA-162699|Reactome:R-HSA-1650814|Reactome:R-HSA-173599|Reactome:R-HSA-190372|Reactome:R-HSA-1912420|Reactome:R-HSA-1971475|Reactome:R-HSA-2022854|Reactome:R-HSA-2022870|Reactome:R-HSA-2022928|Reactome:R-HSA-2142845|Reactome:R-HSA-2534343|Reactome:R-HSA-3322077|Reactome:R-HSA-3560783|Reactome:R-HSA-3560801|Reactome:R-HSA-3595177|Reactome:R-HSA-3656237|Reactome:R-HSA-3656244|Reactome:R-HSA-3656253|Reactome:R-HSA-3785653|Reactome:R-HSA-381038|Reactome:R-HSA-3814836|Reactome:R-HSA-3828062|Reactome:R-HSA-3858516|Reactome:R-HSA-3878781|Reactome:R-HSA-4085001|Reactome:R-HSA-446203|Reactome:R-HSA-446205|Reactome:R-HSA-446210|Reactome:R-HSA-4717374|Reactome:R-HSA-4719360|Reactome:R-HSA-4719377|Reactome:R-HSA-4793952|Reactome:R-HSA-4793953|Reactome:R-HSA-480985|Reactome:R-HSA-5083625|Reactome:R-HSA-5083627|Reactome:R-HSA-5083628|Reactome:R-HSA-5083635|Reactome:R-HSA-5083636|Reactome:R-HSA-5173214|Reactome:R-HSA-5357609|Reactome:R-HSA-5653890|Reactome:R-HSA-6798695|Reactome:R-HSA-6811436|Reactome:R-HSA-70221|Reactome:R-HSA-72731|Reactome:R-HSA-8932504|Reactome:R-HSA-8932506|Reactome:R-HSA-901032|Reactome:R-HSA-9033807|Reactome:R-HSA-9037629|Reactome:R-HSA-913709|Reactome:R-HSA-964739|Reactome:R-HSA-9683673|Reactome:R-HSA-9683686|Reactome:R-HSA-9694548|Reactome:R-HSA-9694719|Reactome:R-HSA-975577|Reactome:R-HSA-975578|Reactome:R-HSA-9840309|Reactome:R-HSA-9918432|Reactome:R-HSA-9926550|Reactome:R-HSA-9931953|Reactome:R-HSA-9939291|Reactome:R-MMU-162699|Reactome:R-MMU-1650814|Reactome:R-MMU-173599|Reactome:R-MMU-190372|Reactome:R-MMU-1971475|Reactome:R-MMU-2022854|Reactome:R-MMU-2022870|Reactome:R-MMU-2022928|Reactome:R-MMU-2142845|Reactome:R-MMU-2534343|Reactome:R-MMU-3322077|Reactome:R-MMU-4085001|Reactome:R-MMU-446203|Reactome:R-MMU-446205|Reactome:R-MMU-446210|Reactome:R-MMU-480985|Reactome:R-MMU-5173214|Reactome:R-MMU-5653890|Reactome:R-MMU-6798695|Reactome:R-MMU-6811436|Reactome:R-MMU-70221|Reactome:R-MMU-72731|Reactome:R-MMU-8932504|Reactome:R-MMU-8932506|Reactome:R-MMU-9033807|Reactome:R-MMU-9037629|Reactome:R-MMU-913709|Reactome:R-MMU-964739|Reactome:R-MMU-975577|Reactome:R-MMU-975578|Reactome:R-MMU-9840309|Reactome:R-MMU-9939291|Reactome:R-RNO-1650814|Reactome:R-RNO-2022854|Reactome:R-RNO-2142845|Reactome:R-RNO-3322077|Reactome:R-RNO-4085001|Reactome:R-RNO-446205|Reactome:R-RNO-6798695|Reactome:R-RNO-6811436|Reactome:R-RNO-70221|Reactome:R-RNO-72731|Reactome:R-RNO-8932504|Reactome:R-RNO-8932506|Reactome:R-RNO-9033807|Reactome:R-RNO-913709|Reactome:R-RNO-964739|Reactome:R-RNO-975577|Reactome:R-RNO-975578|Reactome:R-RNO-9840309|Reactome:R-RNO-9939291|Reactome:R-SCE-173599|Reactome:R-SCE-3322077|Reactome:R-SCE-446210|Reactome:R-SCE-480985|Reactome:R-SCE-6798695|Reactome:R-SCE-70221|Reactome:R-SCE-72731|Reactome:R-SPO-162699|Reactome:R-SPO-173599|Reactome:R-SPO-3322077|Reactome:R-SPO-446205|Reactome:R-SPO-446210|Reactome:R-SPO-480985|Reactome:R-SPO-6798695|Reactome:R-SPO-70221|Reactome:R-SPO-72731|Reactome:R-SSC-162699|Reactome:R-SSC-2022854|Reactome:R-SSC-913709|Reactome:R-SSC-975577|Reactome:R-SSC-9840309|Reactome:R-XTR-446205|Reactome:R-XTR-913709|Reactome:R-XTR-9840309|Reactome:R-XTR-9939291
D_firmibasis_KAK5582903	a6bbfb3e7be3049b8096286578c44f77	2194	Phobius	SIGNAL_PEPTIDE_C_REGION	C-terminal region of a signal peptide.	15	19	-	T	26-08-2026	-	-	-	-
D_firmibasis_KAK5582903	a6bbfb3e7be3049b8096286578c44f77	2194	MobiDBLite	mobidb-lite	consensus disorder prediction	1946	2020	-	T	26-08-2026	-	-	-	-
D_firmibasis_KAK5582903	a6bbfb3e7be3049b8096286578c44f77	2194	MobiDBLite	mobidb-lite	consensus disorder prediction	1946	1956	-	T	26-08-2026	-	-	-	-
D_giganteum_MIE6907152	9639feb90098a548032b19c535bccaac	2220	CDD	cd03801	GT4_PimA-like	110	480	1.76626E-17	T	26-08-2026	-	-	-	-
D_giganteum_MIE6907152	9639feb90098a548032b19c535bccaac	2220	Phobius	NON_CYTOPLASMIC_DOMAIN	Region of a membrane-bound protein predicted to be outside the membrane, in the extracellular region.	22	1919	-	T	26-08-2026	-	-	-	-
D_giganteum_MIE6907152	9639feb90098a548032b19c535bccaac	2220	Phobius	TRANSMEMBRANE	Region of a membrane-bound protein predicted to be embedded in the membrane.	1920	1944	-	T	26-08-2026	-	-	-	-
D_giganteum_MIE6907152	9639feb90098a548032b19c535bccaac	2220	CDD	cd23767	IQCD	2111	2134	0.00353305	T	26-08-2026	-	-	-	-
D_giganteum_MIE6907152	9639feb90098a548032b19c535bccaac	2220	Phobius	SIGNAL_PEPTIDE_H_REGION	Hydrophobic region of a signal peptide.	4	16	-	T	26-08-2026	-	-	-	-
D_giganteum_MIE6907152	9639feb90098a548032b19c535bccaac	2220	Phobius	CYTOPLASMIC_DOMAIN	Region of a membrane-bound protein predicted to be outside the membrane, in the cytoplasm.	1945	2220	-	T	26-08-2026	-	-	-	-
D_giganteum_MIE6907152	9639feb90098a548032b19c535bccaac	2220	SignalP_EUK	SignalP-noTM	SignalP-noTM	1	21	-	T	26-08-2026	-	-	-	-
D_giganteum_MIE6907152	9639feb90098a548032b19c535bccaac	2220	Gene3D	G3DSA:3.40.50.2000	Glycogen Phosphorylase B;	318	488	1.2E-13	T	26-08-2026	-	-	-	-
D_giganteum_MIE6907152	9639feb90098a548032b19c535bccaac	2220	Gene3D	G3DSA:3.40.50.2000	Glycogen Phosphorylase B;	105	309	2.5E-9	T	26-08-2026	-	-	-	-
D_giganteum_MIE6907152	9639feb90098a548032b19c535bccaac	2220	PANTHER	PTHR22916	GLYCOSYLTRANSFERASE	536	1963	2.8E-80	T	26-08-2026	-	-	-	-
D_giganteum_MIE6907152	9639feb90098a548032b19c535bccaac	2220	SMART	SM00303	GPS_3	1870	1917	1.0E-5	T	26-08-2026	IPR000203	GPS motif	-	Reactome:R-CEL-373080|Reactome:R-CEL-6798695|Reactome:R-CEL-9619665|Reactome:R-DME-350368|Reactome:R-DME-350376|Reactome:R-DME-350379|Reactome:R-DME-350411|Reactome:R-DME-350480|Reactome:R-DME-373080|Reactome:R-DME-450728|Reactome:R-DME-6798695|Reactome:R-DME-9619665|Reactome:R-DRE-9619665|Reactome:R-HSA-373080|Reactome:R-HSA-5620916|Reactome:R-HSA-5683826|Reactome:R-HSA-6798695|Reactome:R-HSA-9619665|Reactome:R-MMU-373080|Reactome:R-MMU-5620916|Reactome:R-MMU-5683826|Reactome:R-MMU-6798695|Reactome:R-MMU-9619665|Reactome:R-RNO-373080|Reactome:R-RNO-5683826
D_giganteum_MIE6907152	9639feb90098a548032b19c535bccaac	2220	SUPERFAMILY	SSF81296	E set domains	803	879	1.56E-11	T	26-08-2026	IPR014756	Immunoglobulin E-set	-	Reactome:R-BTA-1296041|Reactome:R-BTA-1296053|Reactome:R-BTA-1632852|Reactome:R-BTA-2514859|Reactome:R-BTA-350054|Reactome:R-BTA-380972|Reactome:R-BTA-418555|Reactome:R-BTA-432720|Reactome:R-BTA-432722|Reactome:R-BTA-456926|Reactome:R-BTA-5576886|Reactome:R-BTA-5624958|Reactome:R-BTA-5628897|Reactome:R-BTA-5635838|Reactome:R-BTA-5674135|Reactome:R-BTA-5689880|Reactome:R-BTA-6798695|Reactome:R-BTA-6804756|Reactome:R-BTA-8856825|Reactome:R-BTA-8856828|Reactome:R-BTA-8941856|Reactome:R-BTA-8964038|Reactome:R-BTA-9013148|Reactome:R-BTA-9013407|Reactome:R-BTA-9013408|Reactome:R-BTA-9648002|Reactome:R-BTA-9839389|Reactome:R-BTA-9931269|Reactome:R-BTA-9954716|Reactome:R-BTA-997272|Reactome:R-CEL-1296041|Reactome:R-CEL-1296053|Reactome:R-CEL-1296067|Reactome:R-CEL-264876|Reactome:R-CEL-416482|Reactome:R-CEL-416572|Reactome:R-CEL-416700|Reactome:R-CEL-432720|Reactome:R-CEL-432722|Reactome:R-CEL-456926|Reactome:R-CEL-5099900|Reactome:R-CEL-5576886|Reactome:R-CEL-5620916|Reactome:R-CEL-5624138|Reactome:R-CEL-5674135|Reactome:R-CEL-6798695|Reactome:R-CEL-72163|Reactome:R-CEL-72165|Reactome:R-CEL-844456|Reactome:R-CEL-8856825|Reactome:R-CEL-8856828|Reactome:R-CEL-8964038|Reactome:R-CEL-8980692|Reactome:R-CEL-9013148|Reactome:R-CEL-9013149|Reactome:R-CEL-9013407|Reactome:R-CEL-9013423|Reactome:R-CEL-913709|Reactome:R-CEL-9648002|Reactome:R-CEL-997272|Reactome:R-CFA-1296041|Reactome:R-CFA-1296053|Reactome:R-CFA-5576886|Reactome:R-CFA-5624958|Reactome:R-CFA-9648002|Reactome:R-CFA-997272|Reactome:R-DDI-3295583|Reactome:R-DDI-5213460|Reactome:R-DDI-5673000|Reactome:R-DDI-5674135|Reactome:R-DDI-5675221|Reactome:R-DDI-5675482|Reactome:R-DDI-6798695|Reactome:R-DDI-72163|Reactome:R-DDI-8964038|Reactome:R-DDI-9013149|Reactome:R-DDI-9013404|Reactome:R-DDI-9013423|Reactome:R-DDI-9954716|Reactome:R-DME-114608|Reactome:R-DME-1169091|Reactome:R-DME-1614517|Reactome:R-DME-1810476|Reactome:R-DME-202424|Reactome:R-DME-209394|Reactome:R-DME-209400|Reactome:R-DME-209406|Reactome:R-DME-209560|Reactome:R-DME-214399|Reactome:R-DME-214411|Reactome:R-DME-214416|Reactome:R-DME-214842|Reactome:R-DME-214844|Reactome:R-DME-214869|Reactome:R-DME-264876|Reactome:R-DME-2871837|Reactome:R-DME-3134963|Reactome:R-DME-350054|Reactome:R-DME-416482|Reactome:R-DME-416572|Reactome:R-DME-416700|Reactome:R-DME-418555|Reactome:R-DME-432720|Reactome:R-DME-432722|Reactome:R-DME-445989|Reactome:R-DME-446353|Reactome:R-DME-4755510|Reactome:R-DME-5607761|Reactome:R-DME-5607764|Reactome:R-DME-5620916|Reactome:R-DME-5621575|Reactome:R-DME-5627123|Reactome:R-DME-5674135|Reactome:R-DME-5676590|Reactome:R-DME-5689880|Reactome:R-DME-6798695|Reactome:R-DME-72163|Reactome:R-DME-72165|Reactome:R-DME-8856825|Reactome:R-DME-8856828|Reactome:R-DME-9020702|Reactome:R-DME-913709|Reactome:R-DME-933542|Reactome:R-DME-9648002|Reactome:R-DME-977068|Reactome:R-DME-9839389|Reactome:R-DME-9860927|Reactome:R-DRE-399954|Reactome:R-DRE-399956|Reactome:R-DRE-5624138|Reactome:R-DRE-6798695|Reactome:R-DRE-8964038|Reactome:R-DRE-983168|Reactome:R-GGA-1227892|Reactome:R-GGA-1296041|Reactome:R-GGA-1296053|Reactome:R-GGA-434001|Reactome:R-GGA-434131|Reactome:R-GGA-5576886|Reactome:R-GGA-9954716|Reactome:R-GGA-997272|Reactome:R-HSA-112126|Reactome:R-HSA-114608|Reactome:R-HSA-1169091|Reactome:R-HSA-1169408|Reactome:R-HSA-1236974|Reactome:R-HSA-1257604|Reactome:R-HSA-1296025|Reactome:R-HSA-1296041|Reactome:R-HSA-1296053|Reactome:R-HSA-1296067|Reactome:R-HSA-140534|Reactome:R-HSA-140837|Reactome:R-HSA-140875|Reactome:R-HSA-1445148|Reactome:R-HSA-1474228|Reactome:R-HSA-1614517|Reactome:R-HSA-163125|Reactome:R-HSA-1632852|Reactome:R-HSA-163680|Reactome:R-HSA-166016|Reactome:R-HSA-166058|Reactome:R-HSA-166166|Reactome:R-HSA-1810476|Reactome:R-HSA-1912408|Reactome:R-HSA-193634|Reactome:R-HSA-193692|Reactome:R-HSA-200425|Reactome:R-HSA-202424|Reactome:R-HSA-2025928|Reactome:R-HSA-209560|Reactome:R-HSA-209563|Reactome:R-HSA-210744|Reactome:R-HSA-2122947|Reactome:R-HSA-2122948|Reactome:R-HSA-2151209|Reactome:R-HSA-2197563|Reactome:R-HSA-2219530|Reactome:R-HSA-2485179|Reactome:R-HSA-2514859|Reactome:R-HSA-2559582|Reactome:R-HSA-2562578|Reactome:R-HSA-2644606|Reactome:R-HSA-264876|Reactome:R-HSA-2871809|Reactome:R-HSA-2871837|Reactome:R-HSA-2894862|Reactome:R-HSA-3134963|Reactome:R-HSA-3214841|Reactome:R-HSA-3322077|Reactome:R-HSA-350054|Reactome:R-HSA-380972|Reactome:R-HSA-381340|Reactome:R-HSA-382556|Reactome:R-HSA-3878781|Reactome:R-HSA-399954|Reactome:R-HSA-399955|Reactome:R-HSA-399956|Reactome:R-HSA-4086398|Reactome:R-HSA-416482|Reactome:R-HSA-416550|Reactome:R-HSA-416572|Reactome:R-HSA-416700|Reactome:R-HSA-418555|Reactome:R-HSA-422356|Reactome:R-HSA-430116|Reactome:R-HSA-432720|Reactome:R-HSA-432722|Reactome:R-HSA-445989|Reactome:R-HSA-446353|Reactome:R-HSA-448706|Reactome:R-HSA-456926|Reactome:R-HSA-4755510|Reactome:R-HSA-5099900|Reactome:R-HSA-5223345|Reactome:R-HSA-5576886|Reactome:R-HSA-5578775|Reactome:R-HSA-5602498|Reactome:R-HSA-5603029|Reactome:R-HSA-5603041|Reactome:R-HSA-5607761|Reactome:R-HSA-5607763|Reactome:R-HSA-5607764|Reactome:R-HSA-5620916|Reactome:R-HSA-5621575|Reactome:R-HSA-5624138|Reactome:R-HSA-5624958|Reactome:R-HSA-5627123|Reactome:R-HSA-5628897|Reactome:R-HSA-5635838|Reactome:R-HSA-5660668|Reactome:R-HSA-5673001|Reactome:R-HSA-5674135|Reactome:R-HSA-5676590|Reactome:R-HSA-5678420|Reactome:R-HSA-5683177|Reactome:R-HSA-5684264|Reactome:R-HSA-5686938|Reactome:R-HSA-5689880|Reactome:R-HSA-6785807|Reactome:R-HSA-6798695|Reactome:R-HSA-6802946|Reactome:R-HSA-6802948|Reactome:R-HSA-6802952|Reactome:R-HSA-6802955|Reactome:R-HSA-6804756|Reactome:R-HSA-6806942|Reactome:R-HSA-6807004|Reactome:R-HSA-6809371|Reactome:R-HSA-6811558|Reactome:R-HSA-72163|Reactome:R-HSA-72165|Reactome:R-HSA-844456|Reactome:R-HSA-877300|Reactome:R-HSA-8851805|Reactome:R-HSA-8851907|Reactome:R-HSA-8852405|Reactome:R-HSA-8853884|Reactome:R-HSA-8856825|Reactome:R-HSA-8856828|Reactome:R-HSA-8865999|Reactome:R-HSA-8874081|Reactome:R-HSA-8875360|Reactome:R-HSA-8875513|Reactome:R-HSA-8875555|Reactome:R-HSA-8875656|Reactome:R-HSA-8875791|Reactome:R-HSA-8876493|Reactome:R-HSA-8877330|Reactome:R-HSA-8941856|Reactome:R-HSA-8963896|Reactome:R-HSA-8964038|Reactome:R-HSA-8980692|Reactome:R-HSA-8983711|Reactome:R-HSA-9013026|Reactome:R-HSA-9013106|Reactome:R-HSA-9013148|Reactome:R-HSA-9013149|Reactome:R-HSA-9013404|Reactome:R-HSA-9013405|Reactome:R-HSA-9013407|Reactome:R-HSA-9013408|Reactome:R-HSA-9013423|Reactome:R-HSA-9013508|Reactome:R-HSA-9013695|Reactome:R-HSA-9020702|Reactome:R-HSA-9022699|Reactome:R-HSA-933542|Reactome:R-HSA-936964|Reactome:R-HSA-937041|Reactome:R-HSA-937072|Reactome:R-HSA-9609690|Reactome:R-HSA-9613354|Reactome:R-HSA-9615017|Reactome:R-HSA-9617629|Reactome:R-HSA-9619483|Reactome:R-HSA-9638334|Reactome:R-HSA-9648002|Reactome:R-HSA-9649948|Reactome:R-HSA-9656223|Reactome:R-HSA-9660826|Reactome:R-HSA-9692916|Reactome:R-HSA-9696270|Reactome:R-HSA-9696273|Reactome:R-HSA-9707564|Reactome:R-HSA-9707616|Reactome:R-HSA-9729555|Reactome:R-HSA-9734091|Reactome:R-HSA-975163|Reactome:R-HSA-9752946|Reactome:R-HSA-9793380|Reactome:R-HSA-9818749|Reactome:R-HSA-9820960|Reactome:R-HSA-9824272|Reactome:R-HSA-9824878|Reactome:R-HSA-9825892|Reactome:R-HSA-983168|Reactome:R-HSA-9833110|Reactome:R-HSA-9839389|Reactome:R-HSA-9844594|Reactome:R-HSA-9860927|Reactome:R-HSA-9909649|Reactome:R-HSA-9918432|Reactome:R-HSA-9918476|Reactome:R-HSA-9918481|Reactome:R-HSA-9918485|Reactome:R-HSA-9918487|Reactome:R-HSA-9920588|Reactome:R-HSA-9920951|Reactome:R-HSA-9931269|Reactome:R-HSA-9942503|Reactome:R-HSA-9954716|Reactome:R-HSA-997272|Reactome:R-MMU-114608|Reactome:R-MMU-1169091|Reactome:R-MMU-1169408|Reactome:R-MMU-1257604|Reactome:R-MMU-1296025|Reactome:R-MMU-1296041|Reactome:R-MMU-1296053|Reactome:R-MMU-1296067|Reactome:R-MMU-140534|Reactome:R-MMU-140837|Reactome:R-MMU-140875|Reactome:R-MMU-1474228|Reactome:R-MMU-1614517|Reactome:R-MMU-163125|Reactome:R-MMU-1632852|Reactome:R-MMU-163680|Reactome:R-MMU-166016|Reactome:R-MMU-166166|Reactome:R-MMU-1810476|Reactome:R-MMU-193634|Reactome:R-MMU-193692|Reactome:R-MMU-200425|Reactome:R-MMU-202424|Reactome:R-MMU-2025928|Reactome:R-MMU-209560|Reactome:R-MMU-209563|Reactome:R-MMU-2122947|Reactome:R-MMU-2514859|Reactome:R-MMU-2562578|Reactome:R-MMU-264876|Reactome:R-MMU-2871809|Reactome:R-MMU-2871837|Reactome:R-MMU-3134963|Reactome:R-MMU-3214841|Reactome:R-MMU-3322077|Reactome:R-MMU-350054|Reactome:R-MMU-380972|Reactome:R-MMU-382556|Reactome:R-MMU-399954|Reactome:R-MMU-399955|Reactome:R-MMU-399956|Reactome:R-MMU-4086398|Reactome:R-MMU-416482|Reactome:R-MMU-416550|Reactome:R-MMU-416572|Reactome:R-MMU-416700|Reactome:R-MMU-418555|Reactome:R-MMU-422356|Reactome:R-MMU-430116|Reactome:R-MMU-432720|Reactome:R-MMU-432722|Reactome:R-MMU-445989|Reactome:R-MMU-446353|Reactome:R-MMU-448706|Reactome:R-MMU-456926|Reactome:R-MMU-4755510|Reactome:R-MMU-5099900|Reactome:R-MMU-5223345|Reactome:R-MMU-5576886|Reactome:R-MMU-5578775|Reactome:R-MMU-5607761|Reactome:R-MMU-5607763|Reactome:R-MMU-5607764|Reactome:R-MMU-5620916|Reactome:R-MMU-5621575|Reactome:R-MMU-5624138|Reactome:R-MMU-5624958|Reactome:R-MMU-5627123|Reactome:R-MMU-5628897|Reactome:R-MMU-5635838|Reactome:R-MMU-5673001|Reactome:R-MMU-5674135|Reactome:R-MMU-5676590|Reactome:R-MMU-5684264|Reactome:R-MMU-5686938|Reactome:R-MMU-5689880|Reactome:R-MMU-6798695|Reactome:R-MMU-6804756|Reactome:R-MMU-6806942|Reactome:R-MMU-6807004|Reactome:R-MMU-6809371|Reactome:R-MMU-6811558|Reactome:R-MMU-72163|Reactome:R-MMU-72165|Reactome:R-MMU-844456|Reactome:R-MMU-8851805|Reactome:R-MMU-8851907|Reactome:R-MMU-8852405|Reactome:R-MMU-8856825|Reactome:R-MMU-8856828|Reactome:R-MMU-8865999|Reactome:R-MMU-8874081|Reactome:R-MMU-8875513|Reactome:R-MMU-8875555|Reactome:R-MMU-8875656|Reactome:R-MMU-8875791|Reactome:R-MMU-8941856|Reactome:R-MMU-8963896|Reactome:R-MMU-8964038|Reactome:R-MMU-8980692|Reactome:R-MMU-9013026|Reactome:R-MMU-9013106|Reactome:R-MMU-9013148|Reactome:R-MMU-9013149|Reactome:R-MMU-9013404|Reactome:R-MMU-9013407|Reactome:R-MMU-9013408|Reactome:R-MMU-9013423|Reactome:R-MMU-9020702|Reactome:R-MMU-933542|Reactome:R-MMU-936964|Reactome:R-MMU-937041|Reactome:R-MMU-937072|Reactome:R-MMU-9648002|Reactome:R-MMU-9696270|Reactome:R-MMU-9696273|Reactome:R-MMU-9707616|Reactome:R-MMU-9734091|Reactome:R-MMU-975163|Reactome:R-MMU-9824878|Reactome:R-MMU-983168|Reactome:R-MMU-9839389|Reactome:R-MMU-9860927|Reactome:R-MMU-9931269|Reactome:R-MMU-9954716|Reactome:R-MMU-997272|Reactome:R-MTU-868688|Reactome:R-RNO-114608|Reactome:R-RNO-1169091|Reactome:R-RNO-1257604|Reactome:R-RNO-1296025|Reactome:R-RNO-1296041|Reactome:R-RNO-1296053|Reactome:R-RNO-1296067|Reactome:R-RNO-140837|Reactome:R-RNO-140875|Reactome:R-RNO-1474228|Reactome:R-RNO-1614517|Reactome:R-RNO-1632852|Reactome:R-RNO-163680|Reactome:R-RNO-1810476|Reactome:R-RNO-193634|Reactome:R-RNO-193692|Reactome:R-RNO-200425|Reactome:R-RNO-202424|Reactome:R-RNO-2025928|Reactome:R-RNO-209560|Reactome:R-RNO-209563|Reactome:R-RNO-2514859|Reactome:R-RNO-264876|Reactome:R-RNO-2871809|Reactome:R-RNO-2871837|Reactome:R-RNO-3134963|Reactome:R-RNO-3214841|Reactome:R-RNO-380972|Reactome:R-RNO-382556|Reactome:R-RNO-399954|Reactome:R-RNO-399955|Reactome:R-RNO-399956|Reactome:R-RNO-416550|Reactome:R-RNO-416700|Reactome:R-RNO-418555|Reactome:R-RNO-422356|Reactome:R-RNO-432720|Reactome:R-RNO-432722|Reactome:R-RNO-445989|Reactome:R-RNO-446353|Reactome:R-RNO-448706|Reactome:R-RNO-456926|Reactome:R-RNO-5099900|Reactome:R-RNO-5223345|Reactome:R-RNO-5576886|Reactome:R-RNO-5578775|Reactome:R-RNO-5607763|Reactome:R-RNO-5607764|Reactome:R-RNO-5620916|Reactome:R-RNO-5621575|Reactome:R-RNO-5628897|Reactome:R-RNO-5673001|Reactome:R-RNO-5674135|Reactome:R-RNO-5684264|Reactome:R-RNO-5689880|Reactome:R-RNO-6798695|Reactome:R-RNO-6804756|Reactome:R-RNO-6806942|Reactome:R-RNO-6807004|Reactome:R-RNO-6809371|Reactome:R-RNO-6811558|Reactome:R-RNO-72163|Reactome:R-RNO-72165|Reactome:R-RNO-844456|Reactome:R-RNO-8851805|Reactome:R-RNO-8851907|Reactome:R-RNO-8856825|Reactome:R-RNO-8856828|Reactome:R-RNO-8865999|Reactome:R-RNO-8874081|Reactome:R-RNO-8875513|Reactome:R-RNO-8875555|Reactome:R-RNO-8875656|Reactome:R-RNO-8875791|Reactome:R-RNO-8963896|Reactome:R-RNO-8980692|Reactome:R-RNO-9013106|Reactome:R-RNO-9013148|Reactome:R-RNO-9013149|Reactome:R-RNO-9013404|Reactome:R-RNO-9013407|Reactome:R-RNO-9013408|Reactome:R-RNO-9020702|Reactome:R-RNO-933542|Reactome:R-RNO-9734091|Reactome:R-RNO-983168|Reactome:R-RNO-9839389|Reactome:R-RNO-9860927|Reactome:R-RNO-9931269|Reactome:R-RNO-9954716|Reactome:R-RNO-997272|Reactome:R-SCE-1632852|Reactome:R-SCE-163680|Reactome:R-SCE-200425|Reactome:R-SCE-3238698|Reactome:R-SCE-3322077|Reactome:R-SCE-380972|Reactome:R-SCE-6798695|Reactome:R-SCE-8948751|Reactome:R-SCE-8964038|Reactome:R-SCE-8980692|Reactome:R-SCE-9013106|Reactome:R-SCE-9013148|Reactome:R-SCE-9013149|Reactome:R-SCE-9013423|Reactome:R-SPO-1632852|Reactome:R-SPO-163680|Reactome:R-SPO-200425|Reactome:R-SPO-380972|Reactome:R-SPO-5628897|Reactome:R-SPO-6798695|Reactome:R-SPO-72163|Reactome:R-SPO-8964038|Reactome:R-SPO-8980692|Reactome:R-SPO-9013106|Reactome:R-SPO-9013148|Reactome:R-SSC-1257604|Reactome:R-SSC-1296041|Reactome:R-SSC-1296053|Reactome:R-SSC-416550|Reactome:R-SSC-5576886|Reactome:R-SSC-5673001|Reactome:R-SSC-6798695|Reactome:R-SSC-6806942|Reactome:R-SSC-6807004|Reactome:R-SSC-6811558|Reactome:R-SSC-844456|Reactome:R-SSC-8851805|Reactome:R-SSC-8851907|Reactome:R-SSC-8865999|Reactome:R-SSC-8874081|Reactome:R-SSC-8875513|Reactome:R-SSC-8875555|Reactome:R-SSC-8875656|Reactome:R-SSC-8875791|Reactome:R-SSC-8964038|Reactome:R-SSC-9734091|Reactome:R-SSC-997272
D_giganteum_MIE6907152	9639feb90098a548032b19c535bccaac	2220	Pfam	PF00535	Glycosyl transferase family 2	541	661	2.1E-22	T	26-08-2026	IPR001173	Glycosyltransferase 2-like	-	Reactome:R-BTA-6811436|Reactome:R-BTA-913709|Reactome:R-CEL-6811436|Reactome:R-CEL-913709|Reactome:R-DDI-162699|Reactome:R-DDI-480985|Reactome:R-DME-162699|Reactome:R-DME-190372|Reactome:R-DME-480985|Reactome:R-DME-6811436|Reactome:R-DME-913709|Reactome:R-DRE-913709|Reactome:R-HSA-162699|Reactome:R-HSA-190372|Reactome:R-HSA-446203|Reactome:R-HSA-4717374|Reactome:R-HSA-4719360|Reactome:R-HSA-4719377|Reactome:R-HSA-480985|Reactome:R-HSA-5083625|Reactome:R-HSA-5083636|Reactome:R-HSA-6811436|Reactome:R-HSA-9037629|Reactome:R-HSA-913709|Reactome:R-HSA-9683673|Reactome:R-HSA-9694719|Reactome:R-HSA-9840309|Reactome:R-HSA-9918432|Reactome:R-HSA-9931953|Reactome:R-MMU-162699|Reactome:R-MMU-190372|Reactome:R-MMU-2142845|Reactome:R-MMU-446203|Reactome:R-MMU-480985|Reactome:R-MMU-6811436|Reactome:R-MMU-9037629|Reactome:R-MMU-913709|Reactome:R-MMU-9840309|Reactome:R-RNO-6811436|Reactome:R-RNO-913709|Reactome:R-RNO-9840309|Reactome:R-SCE-480985|Reactome:R-SPO-162699|Reactome:R-SPO-480985|Reactome:R-SSC-162699|Reactome:R-XTR-913709
D_giganteum_MIE6907152	9639feb90098a548032b19c535bccaac	2220	Gene3D	G3DSA:3.90.550.10	Spore Coat Polysaccharide Biosynthesis Protein SpsA; Chain A	516	755	1.5E-42	T	26-08-2026	IPR029044	Nucleotide-diphospho-sugar transferases	-	Reactome:R-BTA-1650814|Reactome:R-BTA-173599|Reactome:R-BTA-2022854|Reactome:R-BTA-2022928|Reactome:R-BTA-2534343|Reactome:R-BTA-3322077|Reactome:R-BTA-4085001|Reactome:R-BTA-5653890|Reactome:R-BTA-6798695|Reactome:R-BTA-6811436|Reactome:R-BTA-913709|Reactome:R-BTA-975577|Reactome:R-CEL-1650814|Reactome:R-CEL-1971475|Reactome:R-CEL-2022928|Reactome:R-CEL-3322077|Reactome:R-CEL-446205|Reactome:R-CEL-446210|Reactome:R-CEL-6798695|Reactome:R-CEL-6811436|Reactome:R-CEL-70221|Reactome:R-CEL-72731|Reactome:R-CEL-913709|Reactome:R-CEL-964739|Reactome:R-CEL-975577|Reactome:R-CEL-9840309|Reactome:R-CFA-1971475|Reactome:R-DDI-162699|Reactome:R-DDI-173599|Reactome:R-DDI-3322077|Reactome:R-DDI-446205|Reactome:R-DDI-446210|Reactome:R-DDI-480985|Reactome:R-DDI-72731|Reactome:R-DME-162699|Reactome:R-DME-1650814|Reactome:R-DME-190372|Reactome:R-DME-1971475|Reactome:R-DME-2022854|Reactome:R-DME-2022928|Reactome:R-DME-446205|Reactome:R-DME-480985|Reactome:R-DME-6811436|Reactome:R-DME-9037629|Reactome:R-DME-913709|Reactome:R-DME-975577|Reactome:R-DME-9840309|Reactome:R-DRE-1650814|Reactome:R-DRE-2022854|Reactome:R-DRE-2022928|Reactome:R-DRE-4085001|Reactome:R-DRE-446205|Reactome:R-DRE-913709|Reactome:R-DRE-975577|Reactome:R-DRE-9840309|Reactome:R-DRE-9939291|Reactome:R-HSA-162699|Reactome:R-HSA-1650814|Reactome:R-HSA-173599|Reactome:R-HSA-190372|Reactome:R-HSA-1912420|Reactome:R-HSA-1971475|Reactome:R-HSA-2022854|Reactome:R-HSA-2022870|Reactome:R-HSA-2022928|Reactome:R-HSA-2142845|Reactome:R-HSA-2534343|Reactome:R-HSA-3322077|Reactome:R-HSA-3560783|Reactome:R-HSA-3560801|Reactome:R-HSA-3595177|Reactome:R-HSA-3656237|Reactome:R-HSA-3656244|Reactome:R-HSA-3656253|Reactome:R-HSA-3785653|Reactome:R-HSA-381038|Reactome:R-HSA-3814836|Reactome:R-HSA-3828062|Reactome:R-HSA-3858516|Reactome:R-HSA-3878781|Reactome:R-HSA-4085001|Reactome:R-HSA-446203|Reactome:R-HSA-446205|Reactome:R-HSA-446210|Reactome:R-HSA-4717374|Reactome:R-HSA-4719360|Reactome:R-HSA-4719377|Reactome:R-HSA-4793952|Reactome:R-HSA-4793953|Reactome:R-HSA-480985|Reactome:R-HSA-5083625|Reactome:R-HSA-5083627|Reactome:R-HSA-5083628|Reactome:R-HSA-5083635|Reactome:R-HSA-5083636|Reactome:R-HSA-5173214|Reactome:R-HSA-5357609|Reactome:R-HSA-5653890|Reactome:R-HSA-6798695|Reactome:R-HSA-6811436|Reactome:R-HSA-70221|Reactome:R-HSA-72731|Reactome:R-HSA-8932504|Reactome:R-HSA-8932506|Reactome:R-HSA-901032|Reactome:R-HSA-9033807|Reactome:R-HSA-9037629|Reactome:R-HSA-913709|Reactome:R-HSA-964739|Reactome:R-HSA-9683673|Reactome:R-HSA-9683686|Reactome:R-HSA-9694548|Reactome:R-HSA-9694719|Reactome:R-HSA-975577|Reactome:R-HSA-975578|Reactome:R-HSA-9840309|Reactome:R-HSA-9918432|Reactome:R-HSA-9926550|Reactome:R-HSA-9931953|Reactome:R-HSA-9939291|Reactome:R-MMU-162699|Reactome:R-MMU-1650814|Reactome:R-MMU-173599|Reactome:R-MMU-190372|Reactome:R-MMU-1971475|Reactome:R-MMU-2022854|Reactome:R-MMU-2022870|Reactome:R-MMU-2022928|Reactome:R-MMU-2142845|Reactome:R-MMU-2534343|Reactome:R-MMU-3322077|Reactome:R-MMU-4085001|Reactome:R-MMU-446203|Reactome:R-MMU-446205|Reactome:R-MMU-446210|Reactome:R-MMU-480985|Reactome:R-MMU-5173214|Reactome:R-MMU-5653890|Reactome:R-MMU-6798695|Reactome:R-MMU-6811436|Reactome:R-MMU-70221|Reactome:R-MMU-72731|Reactome:R-MMU-8932504|Reactome:R-MMU-8932506|Reactome:R-MMU-9033807|Reactome:R-MMU-9037629|Reactome:R-MMU-913709|Reactome:R-MMU-964739|Reactome:R-MMU-975577|Reactome:R-MMU-975578|Reactome:R-MMU-9840309|Reactome:R-MMU-9939291|Reactome:R-RNO-1650814|Reactome:R-RNO-2022854|Reactome:R-RNO-2142845|Reactome:R-RNO-3322077|Reactome:R-RNO-4085001|Reactome:R-RNO-446205|Reactome:R-RNO-6798695|Reactome:R-RNO-6811436|Reactome:R-RNO-70221|Reactome:R-RNO-72731|Reactome:R-RNO-8932504|Reactome:R-RNO-8932506|Reactome:R-RNO-9033807|Reactome:R-RNO-913709|Reactome:R-RNO-964739|Reactome:R-RNO-975577|Reactome:R-RNO-975578|Reactome:R-RNO-9840309|Reactome:R-RNO-9939291|Reactome:R-SCE-173599|Reactome:R-SCE-3322077|Reactome:R-SCE-446210|Reactome:R-SCE-480985|Reactome:R-SCE-6798695|Reactome:R-SCE-70221|Reactome:R-SCE-72731|Reactome:R-SPO-162699|Reactome:R-SPO-173599|Reactome:R-SPO-3322077|Reactome:R-SPO-446205|Reactome:R-SPO-446210|Reactome:R-SPO-480985|Reactome:R-SPO-6798695|Reactome:R-SPO-70221|Reactome:R-SPO-72731|Reactome:R-SSC-162699|Reactome:R-SSC-2022854|Reactome:R-SSC-913709|Reactome:R-SSC-975577|Reactome:R-SSC-9840309|Reactome:R-XTR-446205|Reactome:R-XTR-913709|Reactome:R-XTR-9840309|Reactome:R-XTR-9939291
D_giganteum_MIE6907152	9639feb90098a548032b19c535bccaac	2220	CDD	cd00761	Glyco_tranf_GTA_type	542	737	1.13583E-28	T	26-08-2026	-	-	-	-
D_giganteum_MIE6907152	9639feb90098a548032b19c535bccaac	2220	Coils	Coil	Coil	1949	2002	-	T	26-08-2026	-	-	-	-
D_giganteum_MIE6907152	9639feb90098a548032b19c535bccaac	2220	Gene3D	G3DSA:2.60.40.10	Immunoglobulins	987	1086	1.1E-8	T	26-08-2026	IPR013783	Immunoglobulin-like fold	-	Reactome:R-BTA-114608|Reactome:R-BTA-1236974|Reactome:R-BTA-1236977|Reactome:R-BTA-1257604|Reactome:R-BTA-1266695|Reactome:R-BTA-140834|Reactome:R-BTA-163125|Reactome:R-BTA-1632852|Reactome:R-BTA-1660661|Reactome:R-BTA-173736|Reactome:R-BTA-174577|Reactome:R-BTA-1971475|Reactome:R-BTA-198933|Reactome:R-BTA-2022870|Reactome:R-BTA-2022923|Reactome:R-BTA-2024101|Reactome:R-BTA-202424|Reactome:R-BTA-202427|Reactome:R-BTA-202430|Reactome:R-BTA-202433|Reactome:R-BTA-202733|Reactome:R-BTA-210993|Reactome:R-BTA-216083|Reactome:R-BTA-2173791|Reactome:R-BTA-2424491|Reactome:R-BTA-3000178|Reactome:R-BTA-350054|Reactome:R-BTA-375276|Reactome:R-BTA-380972|Reactome:R-BTA-381426|Reactome:R-BTA-388844|Reactome:R-BTA-389948|Reactome:R-BTA-418594|Reactome:R-BTA-420029|Reactome:R-BTA-445355|Reactome:R-BTA-5576892|Reactome:R-BTA-5627123|Reactome:R-BTA-5628897|Reactome:R-BTA-5673001|Reactome:R-BTA-5690714|Reactome:R-BTA-6785807|Reactome:R-BTA-6798695|Reactome:R-BTA-6804756|Reactome:R-BTA-6811558|Reactome:R-BTA-77387|Reactome:R-BTA-8849932|Reactome:R-BTA-8856825|Reactome:R-BTA-8856828|Reactome:R-BTA-8932505|Reactome:R-BTA-8941856|Reactome:R-BTA-8957275|Reactome:R-BTA-8980692|Reactome:R-BTA-8983432|Reactome:R-BTA-8985947|Reactome:R-BTA-9013106|Reactome:R-BTA-9013404|Reactome:R-BTA-9013408|Reactome:R-BTA-9020558|Reactome:R-BTA-9020958|Reactome:R-BTA-909733|Reactome:R-BTA-912526|Reactome:R-BTA-912694|Reactome:R-BTA-9609523|Reactome:R-BTA-977606|Reactome:R-BTA-983168|Reactome:R-BTA-983170|Reactome:R-BTA-983695|Reactome:R-BTA-9927354|Reactome:R-BTA-9931269|Reactome:R-CEL-1257604|Reactome:R-CEL-1433557|Reactome:R-CEL-1433559|Reactome:R-CEL-1474228|Reactome:R-CEL-186763|Reactome:R-CEL-186797|Reactome:R-CEL-190322|Reactome:R-CEL-190370|Reactome:R-CEL-190371|Reactome:R-CEL-190372|Reactome:R-CEL-190373|Reactome:R-CEL-190375|Reactome:R-CEL-190377|Reactome:R-CEL-1971475|Reactome:R-CEL-2022928|Reactome:R-CEL-2024096|Reactome:R-CEL-209968|Reactome:R-CEL-210991|Reactome:R-CEL-216083|Reactome:R-CEL-2243919|Reactome:R-CEL-264876|Reactome:R-CEL-2682334|Reactome:R-CEL-3000171|Reactome:R-CEL-3000178|Reactome:R-CEL-373752|Reactome:R-CEL-373753|Reactome:R-CEL-375165|Reactome:R-CEL-376176|Reactome:R-CEL-388844|Reactome:R-CEL-3928662|Reactome:R-CEL-3928663|Reactome:R-CEL-3928664|Reactome:R-CEL-3928665|Reactome:R-CEL-399955|Reactome:R-CEL-399956|Reactome:R-CEL-416482|Reactome:R-CEL-416572|Reactome:R-CEL-416700|Reactome:R-CEL-418885|Reactome:R-CEL-419037|Reactome:R-CEL-428542|Reactome:R-CEL-433692|Reactome:R-CEL-4420097|Reactome:R-CEL-445144|Reactome:R-CEL-447043|Reactome:R-CEL-5140745|Reactome:R-CEL-5218920|Reactome:R-CEL-525793|Reactome:R-CEL-5620916|Reactome:R-CEL-5654219|Reactome:R-CEL-5654221|Reactome:R-CEL-5654227|Reactome:R-CEL-5654228|Reactome:R-CEL-5654689|Reactome:R-CEL-5654693|Reactome:R-CEL-5654695|Reactome:R-CEL-5654699|Reactome:R-CEL-5654700|Reactome:R-CEL-5654704|Reactome:R-CEL-5654706|Reactome:R-CEL-5654710|Reactome:R-CEL-5654712|Reactome:R-CEL-5654720|Reactome:R-CEL-5654726|Reactome:R-CEL-5654727|Reactome:R-CEL-5654732|Reactome:R-CEL-5654733|Reactome:R-CEL-5673001|Reactome:R-CEL-6798695|Reactome:R-CEL-6809371|Reactome:R-CEL-6811558|Reactome:R-CEL-77387|Reactome:R-CEL-8849932|Reactome:R-CEL-8853383|Reactome:R-CEL-8863795|Reactome:R-CEL-8941413|Reactome:R-CEL-9013149|Reactome:R-CEL-9013420|Reactome:R-CEL-9013423|Reactome:R-CEL-9013424|Reactome:R-CEL-913709|Reactome:R-CEL-9607240|Reactome:R-CEL-9749641|Reactome:R-CEL-9764561|Reactome:R-CEL-9772755|Reactome:R-CEL-9913351|Reactome:R-CFA-1257604|Reactome:R-CFA-1433557|Reactome:R-CFA-1433559|Reactome:R-CFA-198933|Reactome:R-CFA-2024096|Reactome:R-CFA-2024101|Reactome:R-CFA-202424|Reactome:R-CFA-202427|Reactome:R-CFA-202430|Reactome:R-CFA-202433|Reactome:R-CFA-216083|Reactome:R-CFA-389948|Reactome:R-CFA-5673001|Reactome:R-CFA-5690714|Reactome:R-CFA-6785807|Reactome:R-CFA-6788467|Reactome:R-CFA-6811558|Reactome:R-CFA-8932504|Reactome:R-CFA-8932505|Reactome:R-CFA-8932506|Reactome:R-CFA-9010553|Reactome:R-CFA-983170|Reactome:R-CFA-983695|Reactome:R-CFA-9856649|Reactome:R-CFA-9913351|Reactome:R-CFA-9927354|Reactome:R-CFA-9939291|Reactome:R-DDI-3295583|Reactome:R-DDI-5213460|Reactome:R-DDI-5673000|Reactome:R-DDI-5674135|Reactome:R-DDI-5675221|Reactome:R-DDI-5675482|Reactome:R-DME-109704|Reactome:R-DME-110478|Reactome:R-DME-114608|Reactome:R-DME-1169091|Reactome:R-DME-1227986|Reactome:R-DME-1236394|Reactome:R-DME-1250196|Reactome:R-DME-1250342|Reactome:R-DME-1250347|Reactome:R-DME-1257604|Reactome:R-DME-1307965|Reactome:R-DME-1358803|Reactome:R-DME-1474228|Reactome:R-DME-1810476|Reactome:R-DME-190322|Reactome:R-DME-190370|Reactome:R-DME-190371|Reactome:R-DME-190372|Reactome:R-DME-190373|Reactome:R-DME-190374|Reactome:R-DME-190375|Reactome:R-DME-190377|Reactome:R-DME-1963640|Reactome:R-DME-1963642|Reactome:R-DME-1971475|Reactome:R-DME-2022928|Reactome:R-DME-2024096|Reactome:R-DME-2024101|Reactome:R-DME-202424|Reactome:R-DME-202733|Reactome:R-DME-209209|Reactome:R-DME-209228|Reactome:R-DME-209338|Reactome:R-DME-209394|Reactome:R-DME-209400|Reactome:R-DME-209406|Reactome:R-DME-209560|Reactome:R-DME-209968|Reactome:R-DME-210688|Reactome:R-DME-210991|Reactome:R-DME-214399|Reactome:R-DME-214411|Reactome:R-DME-214416|Reactome:R-DME-214842|Reactome:R-DME-214844|Reactome:R-DME-214869|Reactome:R-DME-216083|Reactome:R-DME-264876|Reactome:R-DME-2871837|Reactome:R-DME-3000171|Reactome:R-DME-3000178|Reactome:R-DME-3134963|Reactome:R-DME-3214847|Reactome:R-DME-350054|Reactome:R-DME-373080|Reactome:R-DME-373752|Reactome:R-DME-373753|Reactome:R-DME-375165|Reactome:R-DME-376172|Reactome:R-DME-388844|Reactome:R-DME-416482|Reactome:R-DME-416572|Reactome:R-DME-416700|Reactome:R-DME-418990|Reactome:R-DME-419037|Reactome:R-DME-420597|Reactome:R-DME-428542|Reactome:R-DME-433692|Reactome:R-DME-445144|Reactome:R-DME-445989|Reactome:R-DME-446353|Reactome:R-DME-447043|Reactome:R-DME-4755510|Reactome:R-DME-5607761|Reactome:R-DME-5607764|Reactome:R-DME-5620916|Reactome:R-DME-5621575|Reactome:R-DME-5627123|Reactome:R-DME-5654219|Reactome:R-DME-5654221|Reactome:R-DME-5654227|Reactome:R-DME-5654228|Reactome:R-DME-5654687|Reactome:R-DME-5654688|Reactome:R-DME-5654689|Reactome:R-DME-5654693|Reactome:R-DME-5654695|Reactome:R-DME-5654699|Reactome:R-DME-5654700|Reactome:R-DME-5654704|Reactome:R-DME-5654706|Reactome:R-DME-5654710|Reactome:R-DME-5654712|Reactome:R-DME-5654719|Reactome:R-DME-5654720|Reactome:R-DME-5654726|Reactome:R-DME-5654727|Reactome:R-DME-5654732|Reactome:R-DME-5654733|Reactome:R-DME-5658623|Reactome:R-DME-5673001|Reactome:R-DME-5676590|Reactome:R-DME-5689603|Reactome:R-DME-6785631|Reactome:R-DME-6798695|Reactome:R-DME-6807878|Reactome:R-DME-6811558|Reactome:R-DME-77387|Reactome:R-DME-8849932|Reactome:R-DME-8863795|Reactome:R-DME-8941413|Reactome:R-DME-9009391|Reactome:R-DME-9020702|Reactome:R-DME-913709|Reactome:R-DME-933542|Reactome:R-DME-9749641|Reactome:R-DME-977068|Reactome:R-DME-9772755|Reactome:R-DME-983168|Reactome:R-DME-9860927|Reactome:R-DME-9913351|Reactome:R-DRE-109704|Reactome:R-DRE-1257604|Reactome:R-DRE-1300645|Reactome:R-DRE-1307965|Reactome:R-DRE-1433557|Reactome:R-DRE-1433559|Reactome:R-DRE-186763|Reactome:R-DRE-186797|Reactome:R-DRE-190322|Reactome:R-DRE-190370|Reactome:R-DRE-190371|Reactome:R-DRE-190372|Reactome:R-DRE-190373|Reactome:R-DRE-190374|Reactome:R-DRE-190375|Reactome:R-DRE-190377|Reactome:R-DRE-193648|Reactome:R-DRE-194306|Reactome:R-DRE-195399|Reactome:R-DRE-198933|Reactome:R-DRE-202733|Reactome:R-DRE-210993|Reactome:R-DRE-2132295|Reactome:R-DRE-216083|Reactome:R-DRE-2682334|Reactome:R-DRE-3214841|Reactome:R-DRE-381426|Reactome:R-DRE-388844|Reactome:R-DRE-3928662|Reactome:R-DRE-3928663|Reactome:R-DRE-3928664|Reactome:R-DRE-3928665|Reactome:R-DRE-399954|Reactome:R-DRE-399956|Reactome:R-DRE-416476|Reactome:R-DRE-416482|Reactome:R-DRE-416550|Reactome:R-DRE-416572|Reactome:R-DRE-418990|Reactome:R-DRE-420597|Reactome:R-DRE-4420097|Reactome:R-DRE-449836|Reactome:R-DRE-5218921|Reactome:R-DRE-5654219|Reactome:R-DRE-5654221|Reactome:R-DRE-5654227|Reactome:R-DRE-5654228|Reactome:R-DRE-5654687|Reactome:R-DRE-5654688|Reactome:R-DRE-5654689|Reactome:R-DRE-5654693|Reactome:R-DRE-5654695|Reactome:R-DRE-5654699|Reactome:R-DRE-5654700|Reactome:R-DRE-5654704|Reactome:R-DRE-5654706|Reactome:R-DRE-5654710|Reactome:R-DRE-5654712|Reactome:R-DRE-5654719|Reactome:R-DRE-5654720|Reactome:R-DRE-5654726|Reactome:R-DRE-5654727|Reactome:R-DRE-5654732|Reactome:R-DRE-5654733|Reactome:R-DRE-5673001|Reactome:R-DRE-6811558|Reactome:R-DRE-8849932|Reactome:R-DRE-8932505|Reactome:R-DRE-8957275|Reactome:R-DRE-8980692|Reactome:R-DRE-9007892|Reactome:R-DRE-9013148|Reactome:R-DRE-9013149|Reactome:R-DRE-9013404|Reactome:R-DRE-9013408|Reactome:R-DRE-9013409|Reactome:R-DRE-9013423|Reactome:R-DRE-983168|Reactome:R-DRE-9843940|Reactome:R-DRE-9843970|Reactome:R-DRE-9856649|Reactome:R-GGA-114608|Reactome:R-GGA-1227892|Reactome:R-GGA-1227986|Reactome:R-GGA-1236394|Reactome:R-GGA-1236974|Reactome:R-GGA-1236977|Reactome:R-GGA-1250196|Reactome:R-GGA-1250342|Reactome:R-GGA-1250347|Reactome:R-GGA-1257604|Reactome:R-GGA-1306955|Reactome:R-GGA-1358803|Reactome:R-GGA-1433557|Reactome:R-GGA-1433559|Reactome:R-GGA-1474228|Reactome:R-GGA-1566977|Reactome:R-GGA-163125|Reactome:R-GGA-190373|Reactome:R-GGA-193634|Reactome:R-GGA-1963640|Reactome:R-GGA-1963642|Reactome:R-GGA-198933|Reactome:R-GGA-202733|Reactome:R-GGA-210991|Reactome:R-GGA-2129379|Reactome:R-GGA-2132263|Reactome:R-GGA-2132286|Reactome:R-GGA-216083|Reactome:R-GGA-3000170|Reactome:R-GGA-3000178|Reactome:R-GGA-3214841|Reactome:R-GGA-354192|Reactome:R-GGA-354194|Reactome:R-GGA-372708|Reactome:R-GGA-373920|Reactome:R-GGA-381426|Reactome:R-GGA-388844|Reactome:R-GGA-433692|Reactome:R-GGA-434001|Reactome:R-GGA-434131|Reactome:R-GGA-449836|Reactome:R-GGA-5654726|Reactome:R-GGA-5673001|Reactome:R-GGA-5674135|Reactome:R-GGA-6785631|Reactome:R-GGA-6798695|Reactome:R-GGA-6811558|Reactome:R-GGA-8854691|Reactome:R-GGA-8863795|Reactome:R-GGA-8932505|Reactome:R-GGA-8957275|Reactome:R-GGA-9634597|Reactome:R-GGA-9749641|Reactome:R-GGA-983170|Reactome:R-GGA-9843940|Reactome:R-GGA-9843970|Reactome:R-GGA-9856649|Reactome:R-GGA-9860927|Reactome:R-HSA-1059683|Reactome:R-HSA-109704|Reactome:R-HSA-110056|Reactome:R-HSA-112411|Reactome:R-HSA-114604|Reactome:R-HSA-114608|Reactome:R-HSA-1169091|Reactome:R-HSA-1169408|Reactome:R-HSA-1170546|Reactome:R-HSA-1227986|Reactome:R-HSA-1236394|Reactome:R-HSA-1236974|Reactome:R-HSA-1236977|Reactome:R-HSA-1236978|Reactome:R-HSA-1250196|Reactome:R-HSA-1250342|Reactome:R-HSA-1250347|Reactome:R-HSA-1251985|Reactome:R-HSA-1257604|Reactome:R-HSA-1266695|Reactome:R-HSA-1300645|Reactome:R-HSA-1306955|Reactome:R-HSA-1307965|Reactome:R-HSA-1358803|Reactome:R-HSA-140834|Reactome:R-HSA-140837|Reactome:R-HSA-140875|Reactome:R-HSA-1433557|Reactome:R-HSA-1433559|Reactome:R-HSA-1442490|Reactome:R-HSA-1445148|Reactome:R-HSA-1462054|Reactome:R-HSA-1474228|Reactome:R-HSA-1483115|Reactome:R-HSA-1483152|Reactome:R-HSA-1566977|Reactome:R-HSA-163125|Reactome:R-HSA-1632852|Reactome:R-HSA-163680|Reactome:R-HSA-164939|Reactome:R-HSA-164940|Reactome:R-HSA-1650814|Reactome:R-HSA-1660499|Reactome:R-HSA-1660514|Reactome:R-HSA-166058|Reactome:R-HSA-1660661|Reactome:R-HSA-166663|Reactome:R-HSA-166665|Reactome:R-HSA-167021|Reactome:R-HSA-167044|Reactome:R-HSA-167590|Reactome:R-HSA-170968|Reactome:R-HSA-170984|Reactome:R-HSA-173107|Reactome:R-HSA-173623|Reactome:R-HSA-173736|Reactome:R-HSA-174577|Reactome:R-HSA-177504|Reactome:R-HSA-177929|Reactome:R-HSA-180534|Reactome:R-HSA-1810476|Reactome:R-HSA-181429|Reactome:R-HSA-181430|Reactome:R-HSA-182218|Reactome:R-HSA-182971|Reactome:R-HSA-1839120|Reactome:R-HSA-1839122|Reactome:R-HSA-1839128|Reactome:R-HSA-1839130|Reactome:R-HSA-1855183|Reactome:R-HSA-1855204|Reactome:R-HSA-186763|Reactome:R-HSA-186797|Reactome:R-HSA-187024|Reactome:R-HSA-187042|Reactome:R-HSA-187706|Reactome:R-HSA-190322|Reactome:R-HSA-190370|Reactome:R-HSA-190371|Reactome:R-HSA-190372|Reactome:R-HSA-190373|Reactome:R-HSA-190374|Reactome:R-HSA-190375|Reactome:R-HSA-190377|Reactome:R-HSA-1912408|Reactome:R-HSA-193634|Reactome:R-HSA-193648|Reactome:R-HSA-193692|Reactome:R-HSA-194306|Reactome:R-HSA-195399|Reactome:R-HSA-196108|Reactome:R-HSA-1963640|Reactome:R-HSA-1963642|Reactome:R-HSA-1971475|Reactome:R-HSA-198203|Reactome:R-HSA-198745|Reactome:R-HSA-198933|Reactome:R-HSA-200425|Reactome:R-HSA-2022090|Reactome:R-HSA-2022854|Reactome:R-HSA-2022857|Reactome:R-HSA-2022870|Reactome:R-HSA-2022923|Reactome:R-HSA-2022928|Reactome:R-HSA-2023837|Reactome:R-HSA-2024096|Reactome:R-HSA-2024101|Reactome:R-HSA-202424|Reactome:R-HSA-202427|Reactome:R-HSA-202430|Reactome:R-HSA-202433|Reactome:R-HSA-2025928|Reactome:R-HSA-202733|Reactome:R-HSA-2029481|Reactome:R-HSA-2029482|Reactome:R-HSA-2029485|Reactome:R-HSA-2033515|Reactome:R-HSA-2033519|Reactome:R-HSA-204005|Reactome:R-HSA-209560|Reactome:R-HSA-210500|Reactome:R-HSA-210744|Reactome:R-HSA-210990|Reactome:R-HSA-210991|Reactome:R-HSA-210993|Reactome:R-HSA-2122947|Reactome:R-HSA-2122948|Reactome:R-HSA-212676|Reactome:R-HSA-2129379|Reactome:R-HSA-2132295|Reactome:R-HSA-2151201|Reactome:R-HSA-2151209|Reactome:R-HSA-216083|Reactome:R-HSA-2160916|Reactome:R-HSA-2168880|Reactome:R-HSA-2172127|Reactome:R-HSA-2173791|Reactome:R-HSA-2197563|Reactome:R-HSA-2206292|Reactome:R-HSA-2206302|Reactome:R-HSA-2214320|Reactome:R-HSA-2219530|Reactome:R-HSA-2243919|Reactome:R-HSA-2404192|Reactome:R-HSA-2424491|Reactome:R-HSA-2428928|Reactome:R-HSA-2428933|Reactome:R-HSA-2454202|Reactome:R-HSA-2559582|Reactome:R-HSA-2565942|Reactome:R-HSA-2586552|Reactome:R-HSA-2644606|Reactome:R-HSA-264642|Reactome:R-HSA-264876|Reactome:R-HSA-2672351|Reactome:R-HSA-2682334|Reactome:R-HSA-2730905|Reactome:R-HSA-2871796|Reactome:R-HSA-2871809|Reactome:R-HSA-2871837|Reactome:R-HSA-2892247|Reactome:R-HSA-2894862|Reactome:R-HSA-2979096|Reactome:R-HSA-3000157|Reactome:R-HSA-3000170|Reactome:R-HSA-3000171|Reactome:R-HSA-3000178|Reactome:R-HSA-3134963|Reactome:R-HSA-3214841|Reactome:R-HSA-3214847|Reactome:R-HSA-3322077|Reactome:R-HSA-350054|Reactome:R-HSA-354192|Reactome:R-HSA-354194|Reactome:R-HSA-3560783|Reactome:R-HSA-3560801|Reactome:R-HSA-3595172|Reactome:R-HSA-3595174|Reactome:R-HSA-3595177|Reactome:R-HSA-3656225|Reactome:R-HSA-3656237|Reactome:R-HSA-3656243|Reactome:R-HSA-3656244|Reactome:R-HSA-3656253|Reactome:R-HSA-372708|Reactome:R-HSA-373752|Reactome:R-HSA-373753|Reactome:R-HSA-373756|Reactome:R-HSA-373760|Reactome:R-HSA-375165|Reactome:R-HSA-375276|Reactome:R-HSA-376172|Reactome:R-HSA-376176|Reactome:R-HSA-3785653|Reactome:R-HSA-380259|Reactome:R-HSA-380270|Reactome:R-HSA-380284|Reactome:R-HSA-380320|Reactome:R-HSA-380972|Reactome:R-HSA-381340|Reactome:R-HSA-381426|Reactome:R-HSA-3878781|Reactome:R-HSA-388844|Reactome:R-HSA-389356|Reactome:R-HSA-389357|Reactome:R-HSA-389359|Reactome:R-HSA-389513|Reactome:R-HSA-389948|Reactome:R-HSA-390522|Reactome:R-HSA-391160|Reactome:R-HSA-3928662|Reactome:R-HSA-3928663|Reactome:R-HSA-3928664|Reactome:R-HSA-3928665|Reactome:R-HSA-399954|Reactome:R-HSA-399955|Reactome:R-HSA-399956|Reactome:R-HSA-4086398|Reactome:R-HSA-4086400|Reactome:R-HSA-416476|Reactome:R-HSA-416482|Reactome:R-HSA-416550|Reactome:R-HSA-416572|Reactome:R-HSA-416700|Reactome:R-HSA-418594|Reactome:R-HSA-418885|Reactome:R-HSA-418886|Reactome:R-HSA-418889|Reactome:R-HSA-418890|Reactome:R-HSA-418990|Reactome:R-HSA-419037|Reactome:R-HSA-420029|Reactome:R-HSA-420597|Reactome:R-HSA-428540|Reactome:R-HSA-428542|Reactome:R-HSA-428543|Reactome:R-HSA-428890|Reactome:R-HSA-430116|Reactome:R-HSA-432142|Reactome:R-HSA-432722|Reactome:R-HSA-433692|Reactome:R-HSA-437239|Reactome:R-HSA-4420097|Reactome:R-HSA-4420332|Reactome:R-HSA-445095|Reactome:R-HSA-445144|Reactome:R-HSA-445355|Reactome:R-HSA-445989|Reactome:R-HSA-446107|Reactome:R-HSA-446353|Reactome:R-HSA-447038|Reactome:R-HSA-447041|Reactome:R-HSA-447043|Reactome:R-HSA-448706|Reactome:R-HSA-449836|Reactome:R-HSA-451927|Reactome:R-HSA-4755510|Reactome:R-HSA-5083628|Reactome:R-HSA-5083629|Reactome:R-HSA-5083633|Reactome:R-HSA-5083635|Reactome:R-HSA-512988|Reactome:R-HSA-5140745|Reactome:R-HSA-5173214|Reactome:R-HSA-5218921|Reactome:R-HSA-5223345|Reactome:R-HSA-525793|Reactome:R-HSA-5576892|Reactome:R-HSA-5603029|Reactome:R-HSA-5607761|Reactome:R-HSA-5607763|Reactome:R-HSA-5607764|Reactome:R-HSA-5619070|Reactome:R-HSA-5620912|Reactome:R-HSA-5620916|Reactome:R-HSA-5621575|Reactome:R-HSA-5627123|Reactome:R-HSA-5628897|Reactome:R-HSA-5632681|Reactome:R-HSA-5635838|Reactome:R-HSA-5654219|Reactome:R-HSA-5654221|Reactome:R-HSA-5654227|Reactome:R-HSA-5654228|Reactome:R-HSA-5654687|Reactome:R-HSA-5654688|Reactome:R-HSA-5654689|Reactome:R-HSA-5654693|Reactome:R-HSA-5654695|Reactome:R-HSA-5654699|Reactome:R-HSA-5654700|Reactome:R-HSA-5654704|Reactome:R-HSA-5654706|Reactome:R-HSA-5654710|Reactome:R-HSA-5654712|Reactome:R-HSA-5654719|Reactome:R-HSA-5654720|Reactome:R-HSA-5654726|Reactome:R-HSA-5654727|Reactome:R-HSA-5654732|Reactome:R-HSA-5654733|Reactome:R-HSA-5655253|Reactome:R-HSA-5655291|Reactome:R-HSA-5655302|Reactome:R-HSA-5655332|Reactome:R-HSA-5658623|Reactome:R-HSA-5660668|Reactome:R-HSA-5673001|Reactome:R-HSA-5674135|Reactome:R-HSA-5676590|Reactome:R-HSA-5683826|Reactome:R-HSA-5684264|Reactome:R-HSA-5687128|Reactome:R-HSA-5688849|Reactome:R-HSA-5688890|Reactome:R-HSA-5689603|Reactome:R-HSA-5690714|Reactome:R-HSA-5694530|Reactome:R-HSA-6783783|Reactome:R-HSA-6785631|Reactome:R-HSA-6785807|Reactome:R-HSA-6788467|Reactome:R-HSA-6798695|Reactome:R-HSA-6802946|Reactome:R-HSA-6802948|Reactome:R-HSA-6802952|Reactome:R-HSA-6802955|Reactome:R-HSA-6804756|Reactome:R-HSA-6806942|Reactome:R-HSA-6807004|Reactome:R-HSA-6809371|Reactome:R-HSA-6811558|Reactome:R-HSA-74713|Reactome:R-HSA-74749|Reactome:R-HSA-74751|Reactome:R-HSA-74752|Reactome:R-HSA-75892|Reactome:R-HSA-76009|Reactome:R-HSA-77387|Reactome:R-HSA-844456|Reactome:R-HSA-877300|Reactome:R-HSA-877312|Reactome:R-HSA-879415|Reactome:R-HSA-8847993|Reactome:R-HSA-8849932|Reactome:R-HSA-8851680|Reactome:R-HSA-8851708|Reactome:R-HSA-8851805|Reactome:R-HSA-8851907|Reactome:R-HSA-8852405|Reactome:R-HSA-8853333|Reactome:R-HSA-8853334|Reactome:R-HSA-8853336|Reactome:R-HSA-8853383|Reactome:R-HSA-8853884|Reactome:R-HSA-8854518|Reactome:R-HSA-8854691|Reactome:R-HSA-8856825|Reactome:R-HSA-8856828|Reactome:R-HSA-8857538|Reactome:R-HSA-8863795|Reactome:R-HSA-8865999|Reactome:R-HSA-8866654|Reactome:R-HSA-8866910|Reactome:R-HSA-8874081|Reactome:R-HSA-8875360|Reactome:R-HSA-8875513|Reactome:R-HSA-8875555|Reactome:R-HSA-8875656|Reactome:R-HSA-8875791|Reactome:R-HSA-8877330|Reactome:R-HSA-8932504|Reactome:R-HSA-8932505|Reactome:R-HSA-8932506|Reactome:R-HSA-8939247|Reactome:R-HSA-8941856|Reactome:R-HSA-8948216|Reactome:R-HSA-8951664|Reactome:R-HSA-8957275|Reactome:R-HSA-8963896|Reactome:R-HSA-8964038|Reactome:R-HSA-8964046|Reactome:R-HSA-8980692|Reactome:R-HSA-8983432|Reactome:R-HSA-8983711|Reactome:R-HSA-8984722|Reactome:R-HSA-8985586|Reactome:R-HSA-8985801|Reactome:R-HSA-8985947|Reactome:R-HSA-9006335|Reactome:R-HSA-9007892|Reactome:R-HSA-9008059|Reactome:R-HSA-9009391|Reactome:R-HSA-9010553|Reactome:R-HSA-9010642|Reactome:R-HSA-9012546|Reactome:R-HSA-9013026|Reactome:R-HSA-9013106|Reactome:R-HSA-9013148|Reactome:R-HSA-9013149|Reactome:R-HSA-9013404|Reactome:R-HSA-9013405|Reactome:R-HSA-9013406|Reactome:R-HSA-9013408|Reactome:R-HSA-9013409|Reactome:R-HSA-9013420|Reactome:R-HSA-9013423|Reactome:R-HSA-9013424|Reactome:R-HSA-9013508|Reactome:R-HSA-9013695|Reactome:R-HSA-9014826|Reactome:R-HSA-9014843|Reactome:R-HSA-9020558|Reactome:R-HSA-9020591|Reactome:R-HSA-9020702|Reactome:R-HSA-9020933|Reactome:R-HSA-9020956|Reactome:R-HSA-9020958|Reactome:R-HSA-9022699|Reactome:R-HSA-9024909|Reactome:R-HSA-9025046|Reactome:R-HSA-9026357|Reactome:R-HSA-9026519|Reactome:R-HSA-9026527|Reactome:R-HSA-9027276|Reactome:R-HSA-9027277|Reactome:R-HSA-9027283|Reactome:R-HSA-9027284|Reactome:R-HSA-9028335|Reactome:R-HSA-9028731|Reactome:R-HSA-9031628|Reactome:R-HSA-9032500|Reactome:R-HSA-9032759|Reactome:R-HSA-9032845|Reactome:R-HSA-9034013|Reactome:R-HSA-9034015|Reactome:R-HSA-9034793|Reactome:R-HSA-9034864|Reactome:R-HSA-9035034|Reactome:R-HSA-909733|Reactome:R-HSA-912526|Reactome:R-HSA-912694|Reactome:R-HSA-917977|Reactome:R-HSA-933542|Reactome:R-HSA-9603381|Reactome:R-HSA-9603505|Reactome:R-HSA-9607240|Reactome:R-HSA-9609523|Reactome:R-HSA-9609690|Reactome:R-HSA-9610379|Reactome:R-HSA-9613354|Reactome:R-HSA-9615017|Reactome:R-HSA-9616222|Reactome:R-HSA-9619483|Reactome:R-HSA-9619665|Reactome:R-HSA-9620244|Reactome:R-HSA-9634597|Reactome:R-HSA-9637628|Reactome:R-HSA-9638334|Reactome:R-HSA-9638630|Reactome:R-HSA-9645135|Reactome:R-HSA-9649948|Reactome:R-HSA-9656223|Reactome:R-HSA-9660826|Reactome:R-HSA-9664323|Reactome:R-HSA-9664422|Reactome:R-HSA-9664565|Reactome:R-HSA-9664873|Reactome:R-HSA-9665686|Reactome:R-HSA-9669914|Reactome:R-HSA-9669917|Reactome:R-HSA-9669921|Reactome:R-HSA-9669924|Reactome:R-HSA-9669926|Reactome:R-HSA-9669929|Reactome:R-HSA-9669933|Reactome:R-HSA-9669934|Reactome:R-HSA-9669935|Reactome:R-HSA-9669936|Reactome:R-HSA-9670439|Reactome:R-HSA-9673767|Reactome:R-HSA-9673768|Reactome:R-HSA-9673770|Reactome:R-HSA-9674396|Reactome:R-HSA-9674401|Reactome:R-HSA-9674403|Reactome:R-HSA-9674404|Reactome:R-HSA-9674428|Reactome:R-HSA-9674555|Reactome:R-HSA-9679191|Reactome:R-HSA-9680187|Reactome:R-HSA-9680350|Reactome:R-HSA-9692916|Reactome:R-HSA-9694614|Reactome:R-HSA-9696264|Reactome:R-HSA-9696270|Reactome:R-HSA-9696273|Reactome:R-HSA-9700645|Reactome:R-HSA-9701898|Reactome:R-HSA-9702509|Reactome:R-HSA-9702518|Reactome:R-HSA-9702569|Reactome:R-HSA-9702577|Reactome:R-HSA-9702581|Reactome:R-HSA-9702590|Reactome:R-HSA-9702596|Reactome:R-HSA-9702600|Reactome:R-HSA-9702605|Reactome:R-HSA-9702614|Reactome:R-HSA-9702620|Reactome:R-HSA-9702624|Reactome:R-HSA-9702632|Reactome:R-HSA-9702636|Reactome:R-HSA-9702998|Reactome:R-HSA-9703009|Reactome:R-HSA-9703648|Reactome:R-HSA-9705462|Reactome:R-HSA-9705671|Reactome:R-HSA-9706369|Reactome:R-HSA-9706374|Reactome:R-HSA-9706377|Reactome:R-HSA-9717207|Reactome:R-HSA-9725370|Reactome:R-HSA-9725371|Reactome:R-HSA-9725554|Reactome:R-HSA-9732724|Reactome:R-HSA-9734091|Reactome:R-HSA-9749641|Reactome:R-HSA-9752946|Reactome:R-HSA-975634|Reactome:R-HSA-9758919|Reactome:R-HSA-977225|Reactome:R-HSA-9772755|Reactome:R-HSA-977443|Reactome:R-HSA-977606|Reactome:R-HSA-9793380|Reactome:R-HSA-9818749|Reactome:R-HSA-9820960|Reactome:R-HSA-9824272|Reactome:R-HSA-9824585|Reactome:R-HSA-9825892|Reactome:R-HSA-982772|Reactome:R-HSA-9830674|Reactome:R-HSA-983168|Reactome:R-HSA-983170|Reactome:R-HSA-9833109|Reactome:R-HSA-9833110|Reactome:R-HSA-983695|Reactome:R-HSA-9843940|Reactome:R-HSA-9843970|Reactome:R-HSA-9844594|Reactome:R-HSA-9851151|Reactome:R-HSA-9854909|Reactome:R-HSA-9856530|Reactome:R-HSA-9856532|Reactome:R-HSA-9856649|Reactome:R-HSA-9860927|Reactome:R-HSA-9909620|Reactome:R-HSA-9909649|Reactome:R-HSA-9913351|Reactome:R-HSA-9918481|Reactome:R-HSA-9918485|Reactome:R-HSA-9920588|Reactome:R-HSA-9925563|Reactome:R-HSA-9926550|Reactome:R-HSA-9927353|Reactome:R-HSA-9927354|Reactome:R-HSA-9927418|Reactome:R-HSA-9927426|Reactome:R-HSA-9929356|Reactome:R-HSA-9929491|Reactome:R-HSA-9931269|Reactome:R-HSA-9931295|Reactome:R-HSA-9939291|Reactome:R-HSA-9942503|Reactome:R-HSA-9953038|Reactome:R-HSA-9953080|Reactome:R-MMU-1059683|Reactome:R-MMU-109704|Reactome:R-MMU-110056|Reactome:R-MMU-112411|Reactome:R-MMU-114604|Reactome:R-MMU-114608|Reactome:R-MMU-1169091|Reactome:R-MMU-1169408|Reactome:R-MMU-1170546|Reactome:R-MMU-1227986|Reactome:R-MMU-1236394|Reactome:R-MMU-1236974|Reactome:R-MMU-1236977|Reactome:R-MMU-1236978|Reactome:R-MMU-1250196|Reactome:R-MMU-1250342|Reactome:R-MMU-1250347|Reactome:R-MMU-1257604|Reactome:R-MMU-1266695|Reactome:R-MMU-1306955|Reactome:R-MMU-1307965|Reactome:R-MMU-1358803|Reactome:R-MMU-140834|Reactome:R-MMU-140837|Reactome:R-MMU-140875|Reactome:R-MMU-1433557|Reactome:R-MMU-1433559|Reactome:R-MMU-1442490|Reactome:R-MMU-1462054|Reactome:R-MMU-1474228|Reactome:R-MMU-1566977|Reactome:R-MMU-163125|Reactome:R-MMU-1632852|Reactome:R-MMU-163680|Reactome:R-MMU-1650814|Reactome:R-MMU-1660499|Reactome:R-MMU-1660514|Reactome:R-MMU-166663|Reactome:R-MMU-166665|Reactome:R-MMU-170968|Reactome:R-MMU-170984|Reactome:R-MMU-173623|Reactome:R-MMU-173736|Reactome:R-MMU-174577|Reactome:R-MMU-177504|Reactome:R-MMU-177929|Reactome:R-MMU-1810476|Reactome:R-MMU-181429|Reactome:R-MMU-181430|Reactome:R-MMU-182971|Reactome:R-MMU-1855183|Reactome:R-MMU-1855204|Reactome:R-MMU-186763|Reactome:R-MMU-186797|Reactome:R-MMU-187042|Reactome:R-MMU-190322|Reactome:R-MMU-190370|Reactome:R-MMU-190371|Reactome:R-MMU-190372|Reactome:R-MMU-190373|Reactome:R-MMU-190374|Reactome:R-MMU-190375|Reactome:R-MMU-190377|Reactome:R-MMU-193634|Reactome:R-MMU-193648|Reactome:R-MMU-193692|Reactome:R-MMU-194306|Reactome:R-MMU-195399|Reactome:R-MMU-196108|Reactome:R-MMU-1963640|Reactome:R-MMU-1963642|Reactome:R-MMU-1971475|Reactome:R-MMU-198203|Reactome:R-MMU-198933|Reactome:R-MMU-200425|Reactome:R-MMU-2022854|Reactome:R-MMU-2022857|Reactome:R-MMU-2022870|Reactome:R-MMU-2022923|Reactome:R-MMU-2024096|Reactome:R-MMU-2024101|Reactome:R-MMU-202424|Reactome:R-MMU-202427|Reactome:R-MMU-202430|Reactome:R-MMU-202433|Reactome:R-MMU-2025928|Reactome:R-MMU-202733|Reactome:R-MMU-2029481|Reactome:R-MMU-2029482|Reactome:R-MMU-2029485|Reactome:R-MMU-204005|Reactome:R-MMU-209560|Reactome:R-MMU-210500|Reactome:R-MMU-210990|Reactome:R-MMU-210991|Reactome:R-MMU-210993|Reactome:R-MMU-2122947|Reactome:R-MMU-212676|Reactome:R-MMU-2129379|Reactome:R-MMU-2132295|Reactome:R-MMU-216083|Reactome:R-MMU-2160916|Reactome:R-MMU-2168880|Reactome:R-MMU-2172127|Reactome:R-MMU-2173791|Reactome:R-MMU-2214320|Reactome:R-MMU-2243919|Reactome:R-MMU-2404192|Reactome:R-MMU-2424491|Reactome:R-MMU-2428928|Reactome:R-MMU-2428933|Reactome:R-MMU-2454202|Reactome:R-MMU-264642|Reactome:R-MMU-264876|Reactome:R-MMU-2672351|Reactome:R-MMU-2682334|Reactome:R-MMU-2730905|Reactome:R-MMU-2871796|Reactome:R-MMU-2871809|Reactome:R-MMU-2871837|Reactome:R-MMU-3000170|Reactome:R-MMU-3000178|Reactome:R-MMU-3134963|Reactome:R-MMU-3214841|Reactome:R-MMU-3214847|Reactome:R-MMU-3322077|Reactome:R-MMU-350054|Reactome:R-MMU-354192|Reactome:R-MMU-354194|Reactome:R-MMU-372708|Reactome:R-MMU-373752|Reactome:R-MMU-373753|Reactome:R-MMU-373756|Reactome:R-MMU-373760|Reactome:R-MMU-375165|Reactome:R-MMU-375276|Reactome:R-MMU-376172|Reactome:R-MMU-376176|Reactome:R-MMU-380972|Reactome:R-MMU-381426|Reactome:R-MMU-388844|Reactome:R-MMU-389356|Reactome:R-MMU-389357|Reactome:R-MMU-389359|Reactome:R-MMU-389513|Reactome:R-MMU-389948|Reactome:R-MMU-390522|Reactome:R-MMU-391160|Reactome:R-MMU-3928662|Reactome:R-MMU-3928663|Reactome:R-MMU-3928664|Reactome:R-MMU-3928665|Reactome:R-MMU-399954|Reactome:R-MMU-399955|Reactome:R-MMU-399956|Reactome:R-MMU-4086398|Reactome:R-MMU-416476|Reactome:R-MMU-416482|Reactome:R-MMU-416550|Reactome:R-MMU-416572|Reactome:R-MMU-416700|Reactome:R-MMU-418594|Reactome:R-MMU-418885|Reactome:R-MMU-418889|Reactome:R-MMU-418990|Reactome:R-MMU-419037|Reactome:R-MMU-420029|Reactome:R-MMU-420597|Reactome:R-MMU-428890|Reactome:R-MMU-430116|Reactome:R-MMU-432142|Reactome:R-MMU-432722|Reactome:R-MMU-433692|Reactome:R-MMU-437239|Reactome:R-MMU-4420097|Reactome:R-MMU-445095|Reactome:R-MMU-445144|Reactome:R-MMU-445355|Reactome:R-MMU-445989|Reactome:R-MMU-446107|Reactome:R-MMU-446353|Reactome:R-MMU-447043|Reactome:R-MMU-448706|Reactome:R-MMU-449836|Reactome:R-MMU-4755510|Reactome:R-MMU-512988|Reactome:R-MMU-5140745|Reactome:R-MMU-5173214|Reactome:R-MMU-5218921|Reactome:R-MMU-5223345|Reactome:R-MMU-525793|Reactome:R-MMU-5607761|Reactome:R-MMU-5607763|Reactome:R-MMU-5607764|Reactome:R-MMU-5620916|Reactome:R-MMU-5621575|Reactome:R-MMU-5627123|Reactome:R-MMU-5628897|Reactome:R-MMU-5632681|Reactome:R-MMU-5635838|Reactome:R-MMU-5654219|Reactome:R-MMU-5654221|Reactome:R-MMU-5654227|Reactome:R-MMU-5654228|Reactome:R-MMU-5654687|Reactome:R-MMU-5654688|Reactome:R-MMU-5654689|Reactome:R-MMU-5654693|Reactome:R-MMU-5654695|Reactome:R-MMU-5654699|Reactome:R-MMU-5654700|Reactome:R-MMU-5654704|Reactome:R-MMU-5654706|Reactome:R-MMU-5654710|Reactome:R-MMU-5654712|Reactome:R-MMU-5654719|Reactome:R-MMU-5654720|Reactome:R-MMU-5654726|Reactome:R-MMU-5654727|Reactome:R-MMU-5654732|Reactome:R-MMU-5654733|Reactome:R-MMU-5658623|Reactome:R-MMU-5660668|Reactome:R-MMU-5673001|Reactome:R-MMU-5674135|Reactome:R-MMU-5676590|Reactome:R-MMU-5683826|Reactome:R-MMU-5684264|Reactome:R-MMU-5687128|Reactome:R-MMU-5689603|Reactome:R-MMU-5690714|Reactome:R-MMU-5694530|Reactome:R-MMU-6783783|Reactome:R-MMU-6785631|Reactome:R-MMU-6785807|Reactome:R-MMU-6788467|Reactome:R-MMU-6798695|Reactome:R-MMU-6804756|Reactome:R-MMU-6806942|Reactome:R-MMU-6807004|Reactome:R-MMU-6809371|Reactome:R-MMU-6811558|Reactome:R-MMU-74713|Reactome:R-MMU-74749|Reactome:R-MMU-74751|Reactome:R-MMU-74752|Reactome:R-MMU-75892|Reactome:R-MMU-77387|Reactome:R-MMU-877300|Reactome:R-MMU-877312|Reactome:R-MMU-879415|Reactome:R-MMU-8847993|Reactome:R-MMU-8849932|Reactome:R-MMU-8851680|Reactome:R-MMU-8851805|Reactome:R-MMU-8851907|Reactome:R-MMU-8852405|Reactome:R-MMU-8853383|Reactome:R-MMU-8854691|Reactome:R-MMU-8856825|Reactome:R-MMU-8856828|Reactome:R-MMU-8857538|Reactome:R-MMU-8863795|Reactome:R-MMU-8865999|Reactome:R-MMU-8874081|Reactome:R-MMU-8875513|Reactome:R-MMU-8875555|Reactome:R-MMU-8875656|Reactome:R-MMU-8875791|Reactome:R-MMU-8932504|Reactome:R-MMU-8932505|Reactome:R-MMU-8932506|Reactome:R-MMU-8941856|Reactome:R-MMU-8948216|Reactome:R-MMU-8957275|Reactome:R-MMU-8963896|Reactome:R-MMU-8980692|Reactome:R-MMU-8983432|Reactome:R-MMU-8984722|Reactome:R-MMU-8985586|Reactome:R-MMU-8985947|Reactome:R-MMU-9006335|Reactome:R-MMU-9007892|Reactome:R-MMU-9009391|Reactome:R-MMU-9010553|Reactome:R-MMU-9012546|Reactome:R-MMU-9013026|Reactome:R-MMU-9013106|Reactome:R-MMU-9013148|Reactome:R-MMU-9013149|Reactome:R-MMU-9013404|Reactome:R-MMU-9013406|Reactome:R-MMU-9013408|Reactome:R-MMU-9013409|Reactome:R-MMU-9013420|Reactome:R-MMU-9013423|Reactome:R-MMU-9013424|Reactome:R-MMU-9014826|Reactome:R-MMU-9014843|Reactome:R-MMU-9020558|Reactome:R-MMU-9020591|Reactome:R-MMU-9020702|Reactome:R-MMU-9020933|Reactome:R-MMU-9020956|Reactome:R-MMU-9020958|Reactome:R-MMU-9026527|Reactome:R-MMU-9027276|Reactome:R-MMU-9027284|Reactome:R-MMU-9028731|Reactome:R-MMU-9032759|Reactome:R-MMU-9034013|Reactome:R-MMU-9034793|Reactome:R-MMU-9035034|Reactome:R-MMU-909733|Reactome:R-MMU-912526|Reactome:R-MMU-912694|Reactome:R-MMU-917977|Reactome:R-MMU-933542|Reactome:R-MMU-9603381|Reactome:R-MMU-9607240|Reactome:R-MMU-9609523|Reactome:R-MMU-9634597|Reactome:R-MMU-9664873|Reactome:R-MMU-9696264|Reactome:R-MMU-9696270|Reactome:R-MMU-9696273|Reactome:R-MMU-9706369|Reactome:R-MMU-9706374|Reactome:R-MMU-9732724|Reactome:R-MMU-9734091|Reactome:R-MMU-9749641|Reactome:R-MMU-9772755|Reactome:R-MMU-977606|Reactome:R-MMU-982772|Reactome:R-MMU-983168|Reactome:R-MMU-983170|Reactome:R-MMU-983695|Reactome:R-MMU-9843940|Reactome:R-MMU-9851151|Reactome:R-MMU-9856649|Reactome:R-MMU-9860927|Reactome:R-MMU-9913351|Reactome:R-MMU-9927353|Reactome:R-MMU-9927354|Reactome:R-MMU-9929356|Reactome:R-MMU-9929491|Reactome:R-MMU-9931269|Reactome:R-MMU-9931295|Reactome:R-MMU-9939291|Reactome:R-MTU-868688|Reactome:R-RNO-1059683|Reactome:R-RNO-109704|Reactome:R-RNO-110056|Reactome:R-RNO-112411|Reactome:R-RNO-114608|Reactome:R-RNO-1169091|Reactome:R-RNO-1170546|Reactome:R-RNO-1227986|Reactome:R-RNO-1236394|Reactome:R-RNO-1236974|Reactome:R-RNO-1236977|Reactome:R-RNO-1250196|Reactome:R-RNO-1250342|Reactome:R-RNO-1250347|Reactome:R-RNO-1257604|Reactome:R-RNO-1306955|Reactome:R-RNO-1307965|Reactome:R-RNO-1358803|Reactome:R-RNO-140834|Reactome:R-RNO-140837|Reactome:R-RNO-140875|Reactome:R-RNO-1462054|Reactome:R-RNO-1474228|Reactome:R-RNO-1566977|Reactome:R-RNO-163125|Reactome:R-RNO-1632852|Reactome:R-RNO-163680|Reactome:R-RNO-1660499|Reactome:R-RNO-1660514|Reactome:R-RNO-166663|Reactome:R-RNO-166665|Reactome:R-RNO-170968|Reactome:R-RNO-170984|Reactome:R-RNO-173623|Reactome:R-RNO-173736|Reactome:R-RNO-174577|Reactome:R-RNO-177504|Reactome:R-RNO-1810476|Reactome:R-RNO-181429|Reactome:R-RNO-181430|Reactome:R-RNO-1855183|Reactome:R-RNO-1855204|Reactome:R-RNO-186763|Reactome:R-RNO-186797|Reactome:R-RNO-187042|Reactome:R-RNO-190322|Reactome:R-RNO-190370|Reactome:R-RNO-190373|Reactome:R-RNO-190374|Reactome:R-RNO-193634|Reactome:R-RNO-193648|Reactome:R-RNO-193692|Reactome:R-RNO-194306|Reactome:R-RNO-195399|Reactome:R-RNO-196108|Reactome:R-RNO-1963640|Reactome:R-RNO-1963642|Reactome:R-RNO-1971475|Reactome:R-RNO-198203|Reactome:R-RNO-198933|Reactome:R-RNO-200425|Reactome:R-RNO-2022854|Reactome:R-RNO-2022857|Reactome:R-RNO-2022870|Reactome:R-RNO-2022923|Reactome:R-RNO-2024101|Reactome:R-RNO-202424|Reactome:R-RNO-202427|Reactome:R-RNO-202430|Reactome:R-RNO-202433|Reactome:R-RNO-2025928|Reactome:R-RNO-202733|Reactome:R-RNO-2029481|Reactome:R-RNO-2029482|Reactome:R-RNO-2029485|Reactome:R-RNO-209560|Reactome:R-RNO-210500|Reactome:R-RNO-210990|Reactome:R-RNO-210991|Reactome:R-RNO-212676|Reactome:R-RNO-2129379|Reactome:R-RNO-2132295|Reactome:R-RNO-216083|Reactome:R-RNO-2160916|Reactome:R-RNO-2172127|Reactome:R-RNO-2173791|Reactome:R-RNO-2404192|Reactome:R-RNO-2424491|Reactome:R-RNO-2428928|Reactome:R-RNO-2428933|Reactome:R-RNO-2454202|Reactome:R-RNO-264642|Reactome:R-RNO-264876|Reactome:R-RNO-2682334|Reactome:R-RNO-2730905|Reactome:R-RNO-2871796|Reactome:R-RNO-2871809|Reactome:R-RNO-2871837|Reactome:R-RNO-3000170|Reactome:R-RNO-3000178|Reactome:R-RNO-3134963|Reactome:R-RNO-3214841|Reactome:R-RNO-3214847|Reactome:R-RNO-354192|Reactome:R-RNO-354194|Reactome:R-RNO-372708|Reactome:R-RNO-373752|Reactome:R-RNO-373753|Reactome:R-RNO-373760|Reactome:R-RNO-375165|Reactome:R-RNO-375276|Reactome:R-RNO-376172|Reactome:R-RNO-380972|Reactome:R-RNO-381426|Reactome:R-RNO-388844|Reactome:R-RNO-389356|Reactome:R-RNO-389357|Reactome:R-RNO-389359|Reactome:R-RNO-389948|Reactome:R-RNO-390522|Reactome:R-RNO-391160|Reactome:R-RNO-3928662|Reactome:R-RNO-3928663|Reactome:R-RNO-3928664|Reactome:R-RNO-3928665|Reactome:R-RNO-399954|Reactome:R-RNO-399955|Reactome:R-RNO-399956|Reactome:R-RNO-416476|Reactome:R-RNO-416482|Reactome:R-RNO-416550|Reactome:R-RNO-416700|Reactome:R-RNO-418594|Reactome:R-RNO-418885|Reactome:R-RNO-418889|Reactome:R-RNO-418990|Reactome:R-RNO-419037|Reactome:R-RNO-420029|Reactome:R-RNO-420597|Reactome:R-RNO-432142|Reactome:R-RNO-432722|Reactome:R-RNO-433692|Reactome:R-RNO-437239|Reactome:R-RNO-4420097|Reactome:R-RNO-445095|Reactome:R-RNO-445144|Reactome:R-RNO-445989|Reactome:R-RNO-446107|Reactome:R-RNO-446353|Reactome:R-RNO-447043|Reactome:R-RNO-448706|Reactome:R-RNO-449836|Reactome:R-RNO-5218921|Reactome:R-RNO-5223345|Reactome:R-RNO-525793|Reactome:R-RNO-5607763|Reactome:R-RNO-5607764|Reactome:R-RNO-5620916|Reactome:R-RNO-5621575|Reactome:R-RNO-5628897|Reactome:R-RNO-5632681|Reactome:R-RNO-5654219|Reactome:R-RNO-5654228|Reactome:R-RNO-5654687|Reactome:R-RNO-5654688|Reactome:R-RNO-5654689|Reactome:R-RNO-5654693|Reactome:R-RNO-5654712|Reactome:R-RNO-5654719|Reactome:R-RNO-5654720|Reactome:R-RNO-5654726|Reactome:R-RNO-5654733|Reactome:R-RNO-5658623|Reactome:R-RNO-5673001|Reactome:R-RNO-5674135|Reactome:R-RNO-5683826|Reactome:R-RNO-5684264|Reactome:R-RNO-5687128|Reactome:R-RNO-5689603|Reactome:R-RNO-6785631|Reactome:R-RNO-6785807|Reactome:R-RNO-6788467|Reactome:R-RNO-6798695|Reactome:R-RNO-6804756|Reactome:R-RNO-6806942|Reactome:R-RNO-6807004|Reactome:R-RNO-6809371|Reactome:R-RNO-6811558|Reactome:R-RNO-74713|Reactome:R-RNO-74749|Reactome:R-RNO-74751|Reactome:R-RNO-74752|Reactome:R-RNO-77387|Reactome:R-RNO-879415|Reactome:R-RNO-8847993|Reactome:R-RNO-8849932|Reactome:R-RNO-8851680|Reactome:R-RNO-8851805|Reactome:R-RNO-8851907|Reactome:R-RNO-8853383|Reactome:R-RNO-8854691|Reactome:R-RNO-8856825|Reactome:R-RNO-8856828|Reactome:R-RNO-8857538|Reactome:R-RNO-8863795|Reactome:R-RNO-8865999|Reactome:R-RNO-8874081|Reactome:R-RNO-8875513|Reactome:R-RNO-8875555|Reactome:R-RNO-8875656|Reactome:R-RNO-8875791|Reactome:R-RNO-8932505|Reactome:R-RNO-8951664|Reactome:R-RNO-8957275|Reactome:R-RNO-8963896|Reactome:R-RNO-8980692|Reactome:R-RNO-8983432|Reactome:R-RNO-8984722|Reactome:R-RNO-9006335|Reactome:R-RNO-9007892|Reactome:R-RNO-9009391|Reactome:R-RNO-9013026|Reactome:R-RNO-9013106|Reactome:R-RNO-9013148|Reactome:R-RNO-9013149|Reactome:R-RNO-9013404|Reactome:R-RNO-9013408|Reactome:R-RNO-9013409|Reactome:R-RNO-9013423|Reactome:R-RNO-9014826|Reactome:R-RNO-9014843|Reactome:R-RNO-9020558|Reactome:R-RNO-9020702|Reactome:R-RNO-9020956|Reactome:R-RNO-9026527|Reactome:R-RNO-9027276|Reactome:R-RNO-9027284|Reactome:R-RNO-9028731|Reactome:R-RNO-9032759|Reactome:R-RNO-9034013|Reactome:R-RNO-9034793|Reactome:R-RNO-9035034|Reactome:R-RNO-912526|Reactome:R-RNO-917977|Reactome:R-RNO-933542|Reactome:R-RNO-9603381|Reactome:R-RNO-9609523|Reactome:R-RNO-9634597|Reactome:R-RNO-9664873|Reactome:R-RNO-9734091|Reactome:R-RNO-9749641|Reactome:R-RNO-9772755|Reactome:R-RNO-977606|Reactome:R-RNO-982772|Reactome:R-RNO-983168|Reactome:R-RNO-983170|Reactome:R-RNO-9851151|Reactome:R-RNO-9860927|Reactome:R-RNO-9927353|Reactome:R-RNO-9927354|Reactome:R-RNO-9931269|Reactome:R-SCE-1632852|Reactome:R-SCE-163680|Reactome:R-SCE-200425|Reactome:R-SCE-3322077|Reactome:R-SCE-380972|Reactome:R-SCE-6798695|Reactome:R-SCE-8948751|Reactome:R-SCE-9013106|Reactome:R-SCE-9609523|Reactome:R-SPO-1632852|Reactome:R-SPO-163680|Reactome:R-SPO-200425|Reactome:R-SPO-380972|Reactome:R-SPO-5628897|Reactome:R-SPO-6798695|Reactome:R-SPO-9609523|Reactome:R-SPO-9664873|Reactome:R-SSC-114608|Reactome:R-SSC-1170546|Reactome:R-SSC-1236974|Reactome:R-SSC-1236977|Reactome:R-SSC-1257604|Reactome:R-SSC-1474228|Reactome:R-SSC-173623|Reactome:R-SSC-198933|Reactome:R-SSC-2022854|Reactome:R-SSC-2022857|Reactome:R-SSC-2024101|Reactome:R-SSC-202424|Reactome:R-SSC-202427|Reactome:R-SSC-202430|Reactome:R-SSC-202433|Reactome:R-SSC-202733|Reactome:R-SSC-2029481|Reactome:R-SSC-2029482|Reactome:R-SSC-2029485|Reactome:R-SSC-210990|Reactome:R-SSC-2132295|Reactome:R-SSC-216083|Reactome:R-SSC-2160916|Reactome:R-SSC-2168880|Reactome:R-SSC-2424491|Reactome:R-SSC-2454202|Reactome:R-SSC-2730905|Reactome:R-SSC-2871796|Reactome:R-SSC-2871809|Reactome:R-SSC-2871837|Reactome:R-SSC-3000178|Reactome:R-SSC-389948|Reactome:R-SSC-391160|Reactome:R-SSC-416550|Reactome:R-SSC-432142|Reactome:R-SSC-5673001|Reactome:R-SSC-5690714|Reactome:R-SSC-6798695|Reactome:R-SSC-6806942|Reactome:R-SSC-6807004|Reactome:R-SSC-6811558|Reactome:R-SSC-8851805|Reactome:R-SSC-8851907|Reactome:R-SSC-8856825|Reactome:R-SSC-8856828|Reactome:R-SSC-8865999|Reactome:R-SSC-8874081|Reactome:R-SSC-8875513|Reactome:R-SSC-8875555|Reactome:R-SSC-8875656|Reactome:R-SSC-8875791|Reactome:R-SSC-8980692|Reactome:R-SSC-9006335|Reactome:R-SSC-9013106|Reactome:R-SSC-9013404|Reactome:R-SSC-9013408|Reactome:R-SSC-9020591|Reactome:R-SSC-9020933|Reactome:R-SSC-9027276|Reactome:R-SSC-9027284|Reactome:R-SSC-9734091|Reactome:R-SSC-977606|Reactome:R-SSC-982772|Reactome:R-SSC-983170|Reactome:R-SSC-983695|Reactome:R-XTR-202433|Reactome:R-XTR-418990|Reactome:R-XTR-5654687
D_giganteum_MIE6907152	9639feb90098a548032b19c535bccaac	2220	Pfam	PF01825	GAIN subdomain B	1780	1911	6.4E-11	T	26-08-2026	IPR000203	GPS motif	-	Reactome:R-CEL-373080|Reactome:R-CEL-6798695|Reactome:R-CEL-9619665|Reactome:R-DME-350368|Reactome:R-DME-350376|Reactome:R-DME-350379|Reactome:R-DME-350411|Reactome:R-DME-350480|Reactome:R-DME-373080|Reactome:R-DME-450728|Reactome:R-DME-6798695|Reactome:R-DME-9619665|Reactome:R-DRE-9619665|Reactome:R-HSA-373080|Reactome:R-HSA-5620916|Reactome:R-HSA-5683826|Reactome:R-HSA-6798695|Reactome:R-HSA-9619665|Reactome:R-MMU-373080|Reactome:R-MMU-5620916|Reactome:R-MMU-5683826|Reactome:R-MMU-6798695|Reactome:R-MMU-9619665|Reactome:R-RNO-373080|Reactome:R-RNO-5683826
D_giganteum_MIE6907152	9639feb90098a548032b19c535bccaac	2220	SUPERFAMILY	SSF53756	UDP-Glycosyltransferase/glycogen phosphorylase	110	480	4.14E-25	T	26-08-2026	-	-	-	-
D_giganteum_MIE6907152	9639feb90098a548032b19c535bccaac	2220	Phobius	SIGNAL_PEPTIDE	Signal peptide region	1	21	-	T	26-08-2026	-	-	-	-
D_giganteum_MIE6907152	9639feb90098a548032b19c535bccaac	2220	Pfam	PF01833	IPT/TIG domain	804	872	1.5E-7	T	26-08-2026	IPR002909	IPT domain	-	Reactome:R-CEL-264876|Reactome:R-CEL-416482|Reactome:R-CEL-416572|Reactome:R-CEL-416700|Reactome:R-CEL-5620916|Reactome:R-CEL-913709|Reactome:R-DDI-3295583|Reactome:R-DDI-5213460|Reactome:R-DDI-5673000|Reactome:R-DDI-5674135|Reactome:R-DDI-5675221|Reactome:R-DDI-5675482|Reactome:R-DME-1169091|Reactome:R-DME-1810476|Reactome:R-DME-202424|Reactome:R-DME-209394|Reactome:R-DME-209400|Reactome:R-DME-209406|Reactome:R-DME-209560|Reactome:R-DME-214399|Reactome:R-DME-214411|Reactome:R-DME-214416|Reactome:R-DME-214842|Reactome:R-DME-214844|Reactome:R-DME-214869|Reactome:R-DME-264876|Reactome:R-DME-2871837|Reactome:R-DME-3134963|Reactome:R-DME-416482|Reactome:R-DME-416572|Reactome:R-DME-416700|Reactome:R-DME-445989|Reactome:R-DME-4755510|Reactome:R-DME-5607761|Reactome:R-DME-5607764|Reactome:R-DME-5620916|Reactome:R-DME-5621575|Reactome:R-DME-5676590|Reactome:R-DME-6798695|Reactome:R-DME-9020702|Reactome:R-DME-933542|Reactome:R-DME-9860927|Reactome:R-DRE-399954|Reactome:R-DRE-399956|Reactome:R-GGA-1227892|Reactome:R-GGA-434001|Reactome:R-GGA-434131|Reactome:R-HSA-1169091|Reactome:R-HSA-1257604|Reactome:R-HSA-1445148|Reactome:R-HSA-1810476|Reactome:R-HSA-193692|Reactome:R-HSA-202424|Reactome:R-HSA-2025928|Reactome:R-HSA-209560|Reactome:R-HSA-2219530|Reactome:R-HSA-2559582|Reactome:R-HSA-264876|Reactome:R-HSA-2871809|Reactome:R-HSA-2871837|Reactome:R-HSA-3134963|Reactome:R-HSA-3214841|Reactome:R-HSA-381340|Reactome:R-HSA-399954|Reactome:R-HSA-399955|Reactome:R-HSA-399956|Reactome:R-HSA-4086398|Reactome:R-HSA-416482|Reactome:R-HSA-416550|Reactome:R-HSA-416572|Reactome:R-HSA-416700|Reactome:R-HSA-445989|Reactome:R-HSA-448706|Reactome:R-HSA-4755510|Reactome:R-HSA-5603029|Reactome:R-HSA-5607761|Reactome:R-HSA-5607763|Reactome:R-HSA-5607764|Reactome:R-HSA-5620916|Reactome:R-HSA-5621575|Reactome:R-HSA-5660668|Reactome:R-HSA-5673001|Reactome:R-HSA-5676590|Reactome:R-HSA-5684264|Reactome:R-HSA-6798695|Reactome:R-HSA-6806942|Reactome:R-HSA-6807004|Reactome:R-HSA-6811558|Reactome:R-HSA-844456|Reactome:R-HSA-8851805|Reactome:R-HSA-8851907|Reactome:R-HSA-8852405|Reactome:R-HSA-8853884|Reactome:R-HSA-8865999|Reactome:R-HSA-8874081|Reactome:R-HSA-8875360|Reactome:R-HSA-8875513|Reactome:R-HSA-8875555|Reactome:R-HSA-8875656|Reactome:R-HSA-8875791|Reactome:R-HSA-8877330|Reactome:R-HSA-9013405|Reactome:R-HSA-9013508|Reactome:R-HSA-9020702|Reactome:R-HSA-9022699|Reactome:R-HSA-933542|Reactome:R-HSA-9609690|Reactome:R-HSA-9615017|Reactome:R-HSA-9660826|Reactome:R-HSA-9692916|Reactome:R-HSA-9696270|Reactome:R-HSA-9696273|Reactome:R-HSA-9734091|Reactome:R-HSA-9752946|Reactome:R-HSA-9818749|Reactome:R-HSA-9825892|Reactome:R-HSA-9844594|Reactome:R-HSA-9860927|Reactome:R-HSA-9909649|Reactome:R-HSA-9942503|Reactome:R-MMU-1169091|Reactome:R-MMU-1257604|Reactome:R-MMU-1810476|Reactome:R-MMU-193692|Reactome:R-MMU-202424|Reactome:R-MMU-2025928|Reactome:R-MMU-209560|Reactome:R-MMU-264876|Reactome:R-MMU-2871809|Reactome:R-MMU-2871837|Reactome:R-MMU-3134963|Reactome:R-MMU-3214841|Reactome:R-MMU-399954|Reactome:R-MMU-399955|Reactome:R-MMU-399956|Reactome:R-MMU-4086398|Reactome:R-MMU-416482|Reactome:R-MMU-416550|Reactome:R-MMU-416572|Reactome:R-MMU-416700|Reactome:R-MMU-445989|Reactome:R-MMU-448706|Reactome:R-MMU-4755510|Reactome:R-MMU-5607761|Reactome:R-MMU-5607763|Reactome:R-MMU-5607764|Reactome:R-MMU-5620916|Reactome:R-MMU-5621575|Reactome:R-MMU-5673001|Reactome:R-MMU-5676590|Reactome:R-MMU-5684264|Reactome:R-MMU-6798695|Reactome:R-MMU-6806942|Reactome:R-MMU-6807004|Reactome:R-MMU-6811558|Reactome:R-MMU-8851805|Reactome:R-MMU-8851907|Reactome:R-MMU-8852405|Reactome:R-MMU-8865999|Reactome:R-MMU-8874081|Reactome:R-MMU-8875513|Reactome:R-MMU-8875555|Reactome:R-MMU-8875656|Reactome:R-MMU-8875791|Reactome:R-MMU-9020702|Reactome:R-MMU-933542|Reactome:R-MMU-9696270|Reactome:R-MMU-9696273|Reactome:R-MMU-9734091|Reactome:R-MMU-9860927|Reactome:R-RNO-1169091|Reactome:R-RNO-1257604|Reactome:R-RNO-1810476|Reactome:R-RNO-193692|Reactome:R-RNO-202424|Reactome:R-RNO-2025928|Reactome:R-RNO-209560|Reactome:R-RNO-264876|Reactome:R-RNO-2871809|Reactome:R-RNO-2871837|Reactome:R-RNO-3134963|Reactome:R-RNO-3214841|Reactome:R-RNO-399954|Reactome:R-RNO-399955|Reactome:R-RNO-399956|Reactome:R-RNO-416550|Reactome:R-RNO-416700|Reactome:R-RNO-445989|Reactome:R-RNO-448706|Reactome:R-RNO-5607763|Reactome:R-RNO-5607764|Reactome:R-RNO-5620916|Reactome:R-RNO-5621575|Reactome:R-RNO-5673001|Reactome:R-RNO-5684264|Reactome:R-RNO-6798695|Reactome:R-RNO-6806942|Reactome:R-RNO-6807004|Reactome:R-RNO-6811558|Reactome:R-RNO-8851805|Reactome:R-RNO-8851907|Reactome:R-RNO-8865999|Reactome:R-RNO-8874081|Reactome:R-RNO-8875513|Reactome:R-RNO-8875555|Reactome:R-RNO-8875656|Reactome:R-RNO-8875791|Reactome:R-RNO-9020702|Reactome:R-RNO-933542|Reactome:R-RNO-9734091|Reactome:R-RNO-9860927|Reactome:R-SCE-8948751|Reactome:R-SSC-1257604|Reactome:R-SSC-416550|Reactome:R-SSC-5673001|Reactome:R-SSC-6806942|Reactome:R-SSC-6807004|Reactome:R-SSC-6811558|Reactome:R-SSC-8851805|Reactome:R-SSC-8851907|Reactome:R-SSC-8865999|Reactome:R-SSC-8874081|Reactome:R-SSC-8875513|Reactome:R-SSC-8875555|Reactome:R-SSC-8875656|Reactome:R-SSC-8875791|Reactome:R-SSC-9734091
D_giganteum_MIE6907152	9639feb90098a548032b19c535bccaac	2220	Gene3D	G3DSA:2.60.220.50	-	1754	1919	2.1E-16	T	26-08-2026	IPR046338	GAIN domain superfamily	-	Reactome:R-CEL-373080|Reactome:R-CEL-6798695|Reactome:R-CEL-9619665|Reactome:R-DME-350368|Reactome:R-DME-350376|Reactome:R-DME-350379|Reactome:R-DME-350411|Reactome:R-DME-350480|Reactome:R-DME-373080|Reactome:R-DME-450728|Reactome:R-DME-6798695|Reactome:R-DME-9619665|Reactome:R-DRE-9619665|Reactome:R-HSA-373080|Reactome:R-HSA-5683826|Reactome:R-HSA-6798695|Reactome:R-HSA-9619665|Reactome:R-MMU-373080|Reactome:R-MMU-5683826|Reactome:R-MMU-6798695|Reactome:R-MMU-9619665|Reactome:R-RNO-373080|Reactome:R-RNO-5683826
D_giganteum_MIE6907152	9639feb90098a548032b19c535bccaac	2220	SUPERFAMILY	SSF53448	Nucleotide-diphospho-sugar transferases	538	752	2.91E-43	T	26-08-2026	IPR029044	Nucleotide-diphospho-sugar transferases	-	Reactome:R-BTA-1650814|Reactome:R-BTA-173599|Reactome:R-BTA-2022854|Reactome:R-BTA-2022928|Reactome:R-BTA-2534343|Reactome:R-BTA-3322077|Reactome:R-BTA-4085001|Reactome:R-BTA-5653890|Reactome:R-BTA-6798695|Reactome:R-BTA-6811436|Reactome:R-BTA-913709|Reactome:R-BTA-975577|Reactome:R-CEL-1650814|Reactome:R-CEL-1971475|Reactome:R-CEL-2022928|Reactome:R-CEL-3322077|Reactome:R-CEL-446205|Reactome:R-CEL-446210|Reactome:R-CEL-6798695|Reactome:R-CEL-6811436|Reactome:R-CEL-70221|Reactome:R-CEL-72731|Reactome:R-CEL-913709|Reactome:R-CEL-964739|Reactome:R-CEL-975577|Reactome:R-CEL-9840309|Reactome:R-CFA-1971475|Reactome:R-DDI-162699|Reactome:R-DDI-173599|Reactome:R-DDI-3322077|Reactome:R-DDI-446205|Reactome:R-DDI-446210|Reactome:R-DDI-480985|Reactome:R-DDI-72731|Reactome:R-DME-162699|Reactome:R-DME-1650814|Reactome:R-DME-190372|Reactome:R-DME-1971475|Reactome:R-DME-2022854|Reactome:R-DME-2022928|Reactome:R-DME-446205|Reactome:R-DME-480985|Reactome:R-DME-6811436|Reactome:R-DME-9037629|Reactome:R-DME-913709|Reactome:R-DME-975577|Reactome:R-DME-9840309|Reactome:R-DRE-1650814|Reactome:R-DRE-2022854|Reactome:R-DRE-2022928|Reactome:R-DRE-4085001|Reactome:R-DRE-446205|Reactome:R-DRE-913709|Reactome:R-DRE-975577|Reactome:R-DRE-9840309|Reactome:R-DRE-9939291|Reactome:R-HSA-162699|Reactome:R-HSA-1650814|Reactome:R-HSA-173599|Reactome:R-HSA-190372|Reactome:R-HSA-1912420|Reactome:R-HSA-1971475|Reactome:R-HSA-2022854|Reactome:R-HSA-2022870|Reactome:R-HSA-2022928|Reactome:R-HSA-2142845|Reactome:R-HSA-2534343|Reactome:R-HSA-3322077|Reactome:R-HSA-3560783|Reactome:R-HSA-3560801|Reactome:R-HSA-3595177|Reactome:R-HSA-3656237|Reactome:R-HSA-3656244|Reactome:R-HSA-3656253|Reactome:R-HSA-3785653|Reactome:R-HSA-381038|Reactome:R-HSA-3814836|Reactome:R-HSA-3828062|Reactome:R-HSA-3858516|Reactome:R-HSA-3878781|Reactome:R-HSA-4085001|Reactome:R-HSA-446203|Reactome:R-HSA-446205|Reactome:R-HSA-446210|Reactome:R-HSA-4717374|Reactome:R-HSA-4719360|Reactome:R-HSA-4719377|Reactome:R-HSA-4793952|Reactome:R-HSA-4793953|Reactome:R-HSA-480985|Reactome:R-HSA-5083625|Reactome:R-HSA-5083627|Reactome:R-HSA-5083628|Reactome:R-HSA-5083635|Reactome:R-HSA-5083636|Reactome:R-HSA-5173214|Reactome:R-HSA-5357609|Reactome:R-HSA-5653890|Reactome:R-HSA-6798695|Reactome:R-HSA-6811436|Reactome:R-HSA-70221|Reactome:R-HSA-72731|Reactome:R-HSA-8932504|Reactome:R-HSA-8932506|Reactome:R-HSA-901032|Reactome:R-HSA-9033807|Reactome:R-HSA-9037629|Reactome:R-HSA-913709|Reactome:R-HSA-964739|Reactome:R-HSA-9683673|Reactome:R-HSA-9683686|Reactome:R-HSA-9694548|Reactome:R-HSA-9694719|Reactome:R-HSA-975577|Reactome:R-HSA-975578|Reactome:R-HSA-9840309|Reactome:R-HSA-9918432|Reactome:R-HSA-9926550|Reactome:R-HSA-9931953|Reactome:R-HSA-9939291|Reactome:R-MMU-162699|Reactome:R-MMU-1650814|Reactome:R-MMU-173599|Reactome:R-MMU-190372|Reactome:R-MMU-1971475|Reactome:R-MMU-2022854|Reactome:R-MMU-2022870|Reactome:R-MMU-2022928|Reactome:R-MMU-2142845|Reactome:R-MMU-2534343|Reactome:R-MMU-3322077|Reactome:R-MMU-4085001|Reactome:R-MMU-446203|Reactome:R-MMU-446205|Reactome:R-MMU-446210|Reactome:R-MMU-480985|Reactome:R-MMU-5173214|Reactome:R-MMU-5653890|Reactome:R-MMU-6798695|Reactome:R-MMU-6811436|Reactome:R-MMU-70221|Reactome:R-MMU-72731|Reactome:R-MMU-8932504|Reactome:R-MMU-8932506|Reactome:R-MMU-9033807|Reactome:R-MMU-9037629|Reactome:R-MMU-913709|Reactome:R-MMU-964739|Reactome:R-MMU-975577|Reactome:R-MMU-975578|Reactome:R-MMU-9840309|Reactome:R-MMU-9939291|Reactome:R-RNO-1650814|Reactome:R-RNO-2022854|Reactome:R-RNO-2142845|Reactome:R-RNO-3322077|Reactome:R-RNO-4085001|Reactome:R-RNO-446205|Reactome:R-RNO-6798695|Reactome:R-RNO-6811436|Reactome:R-RNO-70221|Reactome:R-RNO-72731|Reactome:R-RNO-8932504|Reactome:R-RNO-8932506|Reactome:R-RNO-9033807|Reactome:R-RNO-913709|Reactome:R-RNO-964739|Reactome:R-RNO-975577|Reactome:R-RNO-975578|Reactome:R-RNO-9840309|Reactome:R-RNO-9939291|Reactome:R-SCE-173599|Reactome:R-SCE-3322077|Reactome:R-SCE-446210|Reactome:R-SCE-480985|Reactome:R-SCE-6798695|Reactome:R-SCE-70221|Reactome:R-SCE-72731|Reactome:R-SPO-162699|Reactome:R-SPO-173599|Reactome:R-SPO-3322077|Reactome:R-SPO-446205|Reactome:R-SPO-446210|Reactome:R-SPO-480985|Reactome:R-SPO-6798695|Reactome:R-SPO-70221|Reactome:R-SPO-72731|Reactome:R-SSC-162699|Reactome:R-SSC-2022854|Reactome:R-SSC-913709|Reactome:R-SSC-975577|Reactome:R-SSC-9840309|Reactome:R-XTR-446205|Reactome:R-XTR-913709|Reactome:R-XTR-9840309|Reactome:R-XTR-9939291
D_giganteum_MIE6907152	9639feb90098a548032b19c535bccaac	2220	Pfam	PF00534	Glycosyl transferases group 1	327	480	7.4E-7	T	26-08-2026	IPR001296	Glycosyl transferase, family 1	GO:0016757(InterPro)	Reactome:R-DDI-446193|Reactome:R-HSA-162710|Reactome:R-HSA-446193|Reactome:R-HSA-4549349|Reactome:R-HSA-4549380|Reactome:R-HSA-4551295|Reactome:R-MMU-162710|Reactome:R-MMU-446193|Reactome:R-MTU-879299|Reactome:R-SCE-446193|Reactome:R-SPO-162710|Reactome:R-SPO-446193
D_giganteum_MIE6907152	9639feb90098a548032b19c535bccaac	2220	TMHMM	TMhelix	Region of a membrane-bound protein predicted to be embedded in the membrane.	1920	1942	-	T	26-08-2026	-	-	-	-
D_giganteum_MIE6907152	9639feb90098a548032b19c535bccaac	2220	MobiDBLite	mobidb-lite	consensus disorder prediction	2016	2025	-	T	26-08-2026	-	-	-	-
D_giganteum_MIE6907152	9639feb90098a548032b19c535bccaac	2220	MobiDBLite	mobidb-lite	consensus disorder prediction	1958	2002	-	T	26-08-2026	-	-	-	-
D_giganteum_MIE6907152	9639feb90098a548032b19c535bccaac	2220	MobiDBLite	mobidb-lite	consensus disorder prediction	2069	2090	-	T	26-08-2026	-	-	-	-
D_giganteum_MIE6907152	9639feb90098a548032b19c535bccaac	2220	MobiDBLite	mobidb-lite	consensus disorder prediction	2069	2111	-	T	26-08-2026	-	-	-	-
D_giganteum_MIE6907152	9639feb90098a548032b19c535bccaac	2220	MobiDBLite	mobidb-lite	consensus disorder prediction	2166	2184	-	T	26-08-2026	-	-	-	-
D_giganteum_MIE6907152	9639feb90098a548032b19c535bccaac	2220	MobiDBLite	mobidb-lite	consensus disorder prediction	2003	2014	-	T	26-08-2026	-	-	-	-
D_giganteum_MIE6907152	9639feb90098a548032b19c535bccaac	2220	MobiDBLite	mobidb-lite	consensus disorder prediction	2185	2194	-	T	26-08-2026	-	-	-	-
D_giganteum_MIE6907152	9639feb90098a548032b19c535bccaac	2220	MobiDBLite	mobidb-lite	consensus disorder prediction	2211	2220	-	T	26-08-2026	-	-	-	-
D_giganteum_MIE6907152	9639feb90098a548032b19c535bccaac	2220	MobiDBLite	mobidb-lite	consensus disorder prediction	1949	2025	-	T	26-08-2026	-	-	-	-
D_giganteum_MIE6907152	9639feb90098a548032b19c535bccaac	2220	MobiDBLite	mobidb-lite	consensus disorder prediction	2091	2103	-	T	26-08-2026	-	-	-	-
D_giganteum_MIE6907152	9639feb90098a548032b19c535bccaac	2220	MobiDBLite	mobidb-lite	consensus disorder prediction	2143	2220	-	T	26-08-2026	-	-	-	-
D_giganteum_MIE6907152	9639feb90098a548032b19c535bccaac	2220	Gene3D	G3DSA:2.60.40.10	Immunoglobulins	793	898	1.4E-14	T	26-08-2026	IPR013783	Immunoglobulin-like fold	-	Reactome:R-BTA-114608|Reactome:R-BTA-1236974|Reactome:R-BTA-1236977|Reactome:R-BTA-1257604|Reactome:R-BTA-1266695|Reactome:R-BTA-140834|Reactome:R-BTA-163125|Reactome:R-BTA-1632852|Reactome:R-BTA-1660661|Reactome:R-BTA-173736|Reactome:R-BTA-174577|Reactome:R-BTA-1971475|Reactome:R-BTA-198933|Reactome:R-BTA-2022870|Reactome:R-BTA-2022923|Reactome:R-BTA-2024101|Reactome:R-BTA-202424|Reactome:R-BTA-202427|Reactome:R-BTA-202430|Reactome:R-BTA-202433|Reactome:R-BTA-202733|Reactome:R-BTA-210993|Reactome:R-BTA-216083|Reactome:R-BTA-2173791|Reactome:R-BTA-2424491|Reactome:R-BTA-3000178|Reactome:R-BTA-350054|Reactome:R-BTA-375276|Reactome:R-BTA-380972|Reactome:R-BTA-381426|Reactome:R-BTA-388844|Reactome:R-BTA-389948|Reactome:R-BTA-418594|Reactome:R-BTA-420029|Reactome:R-BTA-445355|Reactome:R-BTA-5576892|Reactome:R-BTA-5627123|Reactome:R-BTA-5628897|Reactome:R-BTA-5673001|Reactome:R-BTA-5690714|Reactome:R-BTA-6785807|Reactome:R-BTA-6798695|Reactome:R-BTA-6804756|Reactome:R-BTA-6811558|Reactome:R-BTA-77387|Reactome:R-BTA-8849932|Reactome:R-BTA-8856825|Reactome:R-BTA-8856828|Reactome:R-BTA-8932505|Reactome:R-BTA-8941856|Reactome:R-BTA-8957275|Reactome:R-BTA-8980692|Reactome:R-BTA-8983432|Reactome:R-BTA-8985947|Reactome:R-BTA-9013106|Reactome:R-BTA-9013404|Reactome:R-BTA-9013408|Reactome:R-BTA-9020558|Reactome:R-BTA-9020958|Reactome:R-BTA-909733|Reactome:R-BTA-912526|Reactome:R-BTA-912694|Reactome:R-BTA-9609523|Reactome:R-BTA-977606|Reactome:R-BTA-983168|Reactome:R-BTA-983170|Reactome:R-BTA-983695|Reactome:R-BTA-9927354|Reactome:R-BTA-9931269|Reactome:R-CEL-1257604|Reactome:R-CEL-1433557|Reactome:R-CEL-1433559|Reactome:R-CEL-1474228|Reactome:R-CEL-186763|Reactome:R-CEL-186797|Reactome:R-CEL-190322|Reactome:R-CEL-190370|Reactome:R-CEL-190371|Reactome:R-CEL-190372|Reactome:R-CEL-190373|Reactome:R-CEL-190375|Reactome:R-CEL-190377|Reactome:R-CEL-1971475|Reactome:R-CEL-2022928|Reactome:R-CEL-2024096|Reactome:R-CEL-209968|Reactome:R-CEL-210991|Reactome:R-CEL-216083|Reactome:R-CEL-2243919|Reactome:R-CEL-264876|Reactome:R-CEL-2682334|Reactome:R-CEL-3000171|Reactome:R-CEL-3000178|Reactome:R-CEL-373752|Reactome:R-CEL-373753|Reactome:R-CEL-375165|Reactome:R-CEL-376176|Reactome:R-CEL-388844|Reactome:R-CEL-3928662|Reactome:R-CEL-3928663|Reactome:R-CEL-3928664|Reactome:R-CEL-3928665|Reactome:R-CEL-399955|Reactome:R-CEL-399956|Reactome:R-CEL-416482|Reactome:R-CEL-416572|Reactome:R-CEL-416700|Reactome:R-CEL-418885|Reactome:R-CEL-419037|Reactome:R-CEL-428542|Reactome:R-CEL-433692|Reactome:R-CEL-4420097|Reactome:R-CEL-445144|Reactome:R-CEL-447043|Reactome:R-CEL-5140745|Reactome:R-CEL-5218920|Reactome:R-CEL-525793|Reactome:R-CEL-5620916|Reactome:R-CEL-5654219|Reactome:R-CEL-5654221|Reactome:R-CEL-5654227|Reactome:R-CEL-5654228|Reactome:R-CEL-5654689|Reactome:R-CEL-5654693|Reactome:R-CEL-5654695|Reactome:R-CEL-5654699|Reactome:R-CEL-5654700|Reactome:R-CEL-5654704|Reactome:R-CEL-5654706|Reactome:R-CEL-5654710|Reactome:R-CEL-5654712|Reactome:R-CEL-5654720|Reactome:R-CEL-5654726|Reactome:R-CEL-5654727|Reactome:R-CEL-5654732|Reactome:R-CEL-5654733|Reactome:R-CEL-5673001|Reactome:R-CEL-6798695|Reactome:R-CEL-6809371|Reactome:R-CEL-6811558|Reactome:R-CEL-77387|Reactome:R-CEL-8849932|Reactome:R-CEL-8853383|Reactome:R-CEL-8863795|Reactome:R-CEL-8941413|Reactome:R-CEL-9013149|Reactome:R-CEL-9013420|Reactome:R-CEL-9013423|Reactome:R-CEL-9013424|Reactome:R-CEL-913709|Reactome:R-CEL-9607240|Reactome:R-CEL-9749641|Reactome:R-CEL-9764561|Reactome:R-CEL-9772755|Reactome:R-CEL-9913351|Reactome:R-CFA-1257604|Reactome:R-CFA-1433557|Reactome:R-CFA-1433559|Reactome:R-CFA-198933|Reactome:R-CFA-2024096|Reactome:R-CFA-2024101|Reactome:R-CFA-202424|Reactome:R-CFA-202427|Reactome:R-CFA-202430|Reactome:R-CFA-202433|Reactome:R-CFA-216083|Reactome:R-CFA-389948|Reactome:R-CFA-5673001|Reactome:R-CFA-5690714|Reactome:R-CFA-6785807|Reactome:R-CFA-6788467|Reactome:R-CFA-6811558|Reactome:R-CFA-8932504|Reactome:R-CFA-8932505|Reactome:R-CFA-8932506|Reactome:R-CFA-9010553|Reactome:R-CFA-983170|Reactome:R-CFA-983695|Reactome:R-CFA-9856649|Reactome:R-CFA-9913351|Reactome:R-CFA-9927354|Reactome:R-CFA-9939291|Reactome:R-DDI-3295583|Reactome:R-DDI-5213460|Reactome:R-DDI-5673000|Reactome:R-DDI-5674135|Reactome:R-DDI-5675221|Reactome:R-DDI-5675482|Reactome:R-DME-109704|Reactome:R-DME-110478|Reactome:R-DME-114608|Reactome:R-DME-1169091|Reactome:R-DME-1227986|Reactome:R-DME-1236394|Reactome:R-DME-1250196|Reactome:R-DME-1250342|Reactome:R-DME-1250347|Reactome:R-DME-1257604|Reactome:R-DME-1307965|Reactome:R-DME-1358803|Reactome:R-DME-1474228|Reactome:R-DME-1810476|Reactome:R-DME-190322|Reactome:R-DME-190370|Reactome:R-DME-190371|Reactome:R-DME-190372|Reactome:R-DME-190373|Reactome:R-DME-190374|Reactome:R-DME-190375|Reactome:R-DME-190377|Reactome:R-DME-1963640|Reactome:R-DME-1963642|Reactome:R-DME-1971475|Reactome:R-DME-2022928|Reactome:R-DME-2024096|Reactome:R-DME-2024101|Reactome:R-DME-202424|Reactome:R-DME-202733|Reactome:R-DME-209209|Reactome:R-DME-209228|Reactome:R-DME-209338|Reactome:R-DME-209394|Reactome:R-DME-209400|Reactome:R-DME-209406|Reactome:R-DME-209560|Reactome:R-DME-209968|Reactome:R-DME-210688|Reactome:R-DME-210991|Reactome:R-DME-214399|Reactome:R-DME-214411|Reactome:R-DME-214416|Reactome:R-DME-214842|Reactome:R-DME-214844|Reactome:R-DME-214869|Reactome:R-DME-216083|Reactome:R-DME-264876|Reactome:R-DME-2871837|Reactome:R-DME-3000171|Reactome:R-DME-3000178|Reactome:R-DME-3134963|Reactome:R-DME-3214847|Reactome:R-DME-350054|Reactome:R-DME-373080|Reactome:R-DME-373752|Reactome:R-DME-373753|Reactome:R-DME-375165|Reactome:R-DME-376172|Reactome:R-DME-388844|Reactome:R-DME-416482|Reactome:R-DME-416572|Reactome:R-DME-416700|Reactome:R-DME-418990|Reactome:R-DME-419037|Reactome:R-DME-420597|Reactome:R-DME-428542|Reactome:R-DME-433692|Reactome:R-DME-445144|Reactome:R-DME-445989|Reactome:R-DME-446353|Reactome:R-DME-447043|Reactome:R-DME-4755510|Reactome:R-DME-5607761|Reactome:R-DME-5607764|Reactome:R-DME-5620916|Reactome:R-DME-5621575|Reactome:R-DME-5627123|Reactome:R-DME-5654219|Reactome:R-DME-5654221|Reactome:R-DME-5654227|Reactome:R-DME-5654228|Reactome:R-DME-5654687|Reactome:R-DME-5654688|Reactome:R-DME-5654689|Reactome:R-DME-5654693|Reactome:R-DME-5654695|Reactome:R-DME-5654699|Reactome:R-DME-5654700|Reactome:R-DME-5654704|Reactome:R-DME-5654706|Reactome:R-DME-5654710|Reactome:R-DME-5654712|Reactome:R-DME-5654719|Reactome:R-DME-5654720|Reactome:R-DME-5654726|Reactome:R-DME-5654727|Reactome:R-DME-5654732|Reactome:R-DME-5654733|Reactome:R-DME-5658623|Reactome:R-DME-5673001|Reactome:R-DME-5676590|Reactome:R-DME-5689603|Reactome:R-DME-6785631|Reactome:R-DME-6798695|Reactome:R-DME-6807878|Reactome:R-DME-6811558|Reactome:R-DME-77387|Reactome:R-DME-8849932|Reactome:R-DME-8863795|Reactome:R-DME-8941413|Reactome:R-DME-9009391|Reactome:R-DME-9020702|Reactome:R-DME-913709|Reactome:R-DME-933542|Reactome:R-DME-9749641|Reactome:R-DME-977068|Reactome:R-DME-9772755|Reactome:R-DME-983168|Reactome:R-DME-9860927|Reactome:R-DME-9913351|Reactome:R-DRE-109704|Reactome:R-DRE-1257604|Reactome:R-DRE-1300645|Reactome:R-DRE-1307965|Reactome:R-DRE-1433557|Reactome:R-DRE-1433559|Reactome:R-DRE-186763|Reactome:R-DRE-186797|Reactome:R-DRE-190322|Reactome:R-DRE-190370|Reactome:R-DRE-190371|Reactome:R-DRE-190372|Reactome:R-DRE-190373|Reactome:R-DRE-190374|Reactome:R-DRE-190375|Reactome:R-DRE-190377|Reactome:R-DRE-193648|Reactome:R-DRE-194306|Reactome:R-DRE-195399|Reactome:R-DRE-198933|Reactome:R-DRE-202733|Reactome:R-DRE-210993|Reactome:R-DRE-2132295|Reactome:R-DRE-216083|Reactome:R-DRE-2682334|Reactome:R-DRE-3214841|Reactome:R-DRE-381426|Reactome:R-DRE-388844|Reactome:R-DRE-3928662|Reactome:R-DRE-3928663|Reactome:R-DRE-3928664|Reactome:R-DRE-3928665|Reactome:R-DRE-399954|Reactome:R-DRE-399956|Reactome:R-DRE-416476|Reactome:R-DRE-416482|Reactome:R-DRE-416550|Reactome:R-DRE-416572|Reactome:R-DRE-418990|Reactome:R-DRE-420597|Reactome:R-DRE-4420097|Reactome:R-DRE-449836|Reactome:R-DRE-5218921|Reactome:R-DRE-5654219|Reactome:R-DRE-5654221|Reactome:R-DRE-5654227|Reactome:R-DRE-5654228|Reactome:R-DRE-5654687|Reactome:R-DRE-5654688|Reactome:R-DRE-5654689|Reactome:R-DRE-5654693|Reactome:R-DRE-5654695|Reactome:R-DRE-5654699|Reactome:R-DRE-5654700|Reactome:R-DRE-5654704|Reactome:R-DRE-5654706|Reactome:R-DRE-5654710|Reactome:R-DRE-5654712|Reactome:R-DRE-5654719|Reactome:R-DRE-5654720|Reactome:R-DRE-5654726|Reactome:R-DRE-5654727|Reactome:R-DRE-5654732|Reactome:R-DRE-5654733|Reactome:R-DRE-5673001|Reactome:R-DRE-6811558|Reactome:R-DRE-8849932|Reactome:R-DRE-8932505|Reactome:R-DRE-8957275|Reactome:R-DRE-8980692|Reactome:R-DRE-9007892|Reactome:R-DRE-9013148|Reactome:R-DRE-9013149|Reactome:R-DRE-9013404|Reactome:R-DRE-9013408|Reactome:R-DRE-9013409|Reactome:R-DRE-9013423|Reactome:R-DRE-983168|Reactome:R-DRE-9843940|Reactome:R-DRE-9843970|Reactome:R-DRE-9856649|Reactome:R-GGA-114608|Reactome:R-GGA-1227892|Reactome:R-GGA-1227986|Reactome:R-GGA-1236394|Reactome:R-GGA-1236974|Reactome:R-GGA-1236977|Reactome:R-GGA-1250196|Reactome:R-GGA-1250342|Reactome:R-GGA-1250347|Reactome:R-GGA-1257604|Reactome:R-GGA-1306955|Reactome:R-GGA-1358803|Reactome:R-GGA-1433557|Reactome:R-GGA-1433559|Reactome:R-GGA-1474228|Reactome:R-GGA-1566977|Reactome:R-GGA-163125|Reactome:R-GGA-190373|Reactome:R-GGA-193634|Reactome:R-GGA-1963640|Reactome:R-GGA-1963642|Reactome:R-GGA-198933|Reactome:R-GGA-202733|Reactome:R-GGA-210991|Reactome:R-GGA-2129379|Reactome:R-GGA-2132263|Reactome:R-GGA-2132286|Reactome:R-GGA-216083|Reactome:R-GGA-3000170|Reactome:R-GGA-3000178|Reactome:R-GGA-3214841|Reactome:R-GGA-354192|Reactome:R-GGA-354194|Reactome:R-GGA-372708|Reactome:R-GGA-373920|Reactome:R-GGA-381426|Reactome:R-GGA-388844|Reactome:R-GGA-433692|Reactome:R-GGA-434001|Reactome:R-GGA-434131|Reactome:R-GGA-449836|Reactome:R-GGA-5654726|Reactome:R-GGA-5673001|Reactome:R-GGA-5674135|Reactome:R-GGA-6785631|Reactome:R-GGA-6798695|Reactome:R-GGA-6811558|Reactome:R-GGA-8854691|Reactome:R-GGA-8863795|Reactome:R-GGA-8932505|Reactome:R-GGA-8957275|Reactome:R-GGA-9634597|Reactome:R-GGA-9749641|Reactome:R-GGA-983170|Reactome:R-GGA-9843940|Reactome:R-GGA-9843970|Reactome:R-GGA-9856649|Reactome:R-GGA-9860927|Reactome:R-HSA-1059683|Reactome:R-HSA-109704|Reactome:R-HSA-110056|Reactome:R-HSA-112411|Reactome:R-HSA-114604|Reactome:R-HSA-114608|Reactome:R-HSA-1169091|Reactome:R-HSA-1169408|Reactome:R-HSA-1170546|Reactome:R-HSA-1227986|Reactome:R-HSA-1236394|Reactome:R-HSA-1236974|Reactome:R-HSA-1236977|Reactome:R-HSA-1236978|Reactome:R-HSA-1250196|Reactome:R-HSA-1250342|Reactome:R-HSA-1250347|Reactome:R-HSA-1251985|Reactome:R-HSA-1257604|Reactome:R-HSA-1266695|Reactome:R-HSA-1300645|Reactome:R-HSA-1306955|Reactome:R-HSA-1307965|Reactome:R-HSA-1358803|Reactome:R-HSA-140834|Reactome:R-HSA-140837|Reactome:R-HSA-140875|Reactome:R-HSA-1433557|Reactome:R-HSA-1433559|Reactome:R-HSA-1442490|Reactome:R-HSA-1445148|Reactome:R-HSA-1462054|Reactome:R-HSA-1474228|Reactome:R-HSA-1483115|Reactome:R-HSA-1483152|Reactome:R-HSA-1566977|Reactome:R-HSA-163125|Reactome:R-HSA-1632852|Reactome:R-HSA-163680|Reactome:R-HSA-164939|Reactome:R-HSA-164940|Reactome:R-HSA-1650814|Reactome:R-HSA-1660499|Reactome:R-HSA-1660514|Reactome:R-HSA-166058|Reactome:R-HSA-1660661|Reactome:R-HSA-166663|Reactome:R-HSA-166665|Reactome:R-HSA-167021|Reactome:R-HSA-167044|Reactome:R-HSA-167590|Reactome:R-HSA-170968|Reactome:R-HSA-170984|Reactome:R-HSA-173107|Reactome:R-HSA-173623|Reactome:R-HSA-173736|Reactome:R-HSA-174577|Reactome:R-HSA-177504|Reactome:R-HSA-177929|Reactome:R-HSA-180534|Reactome:R-HSA-1810476|Reactome:R-HSA-181429|Reactome:R-HSA-181430|Reactome:R-HSA-182218|Reactome:R-HSA-182971|Reactome:R-HSA-1839120|Reactome:R-HSA-1839122|Reactome:R-HSA-1839128|Reactome:R-HSA-1839130|Reactome:R-HSA-1855183|Reactome:R-HSA-1855204|Reactome:R-HSA-186763|Reactome:R-HSA-186797|Reactome:R-HSA-187024|Reactome:R-HSA-187042|Reactome:R-HSA-187706|Reactome:R-HSA-190322|Reactome:R-HSA-190370|Reactome:R-HSA-190371|Reactome:R-HSA-190372|Reactome:R-HSA-190373|Reactome:R-HSA-190374|Reactome:R-HSA-190375|Reactome:R-HSA-190377|Reactome:R-HSA-1912408|Reactome:R-HSA-193634|Reactome:R-HSA-193648|Reactome:R-HSA-193692|Reactome:R-HSA-194306|Reactome:R-HSA-195399|Reactome:R-HSA-196108|Reactome:R-HSA-1963640|Reactome:R-HSA-1963642|Reactome:R-HSA-1971475|Reactome:R-HSA-198203|Reactome:R-HSA-198745|Reactome:R-HSA-198933|Reactome:R-HSA-200425|Reactome:R-HSA-2022090|Reactome:R-HSA-2022854|Reactome:R-HSA-2022857|Reactome:R-HSA-2022870|Reactome:R-HSA-2022923|Reactome:R-HSA-2022928|Reactome:R-HSA-2023837|Reactome:R-HSA-2024096|Reactome:R-HSA-2024101|Reactome:R-HSA-202424|Reactome:R-HSA-202427|Reactome:R-HSA-202430|Reactome:R-HSA-202433|Reactome:R-HSA-2025928|Reactome:R-HSA-202733|Reactome:R-HSA-2029481|Reactome:R-HSA-2029482|Reactome:R-HSA-2029485|Reactome:R-HSA-2033515|Reactome:R-HSA-2033519|Reactome:R-HSA-204005|Reactome:R-HSA-209560|Reactome:R-HSA-210500|Reactome:R-HSA-210744|Reactome:R-HSA-210990|Reactome:R-HSA-210991|Reactome:R-HSA-210993|Reactome:R-HSA-2122947|Reactome:R-HSA-2122948|Reactome:R-HSA-212676|Reactome:R-HSA-2129379|Reactome:R-HSA-2132295|Reactome:R-HSA-2151201|Reactome:R-HSA-2151209|Reactome:R-HSA-216083|Reactome:R-HSA-2160916|Reactome:R-HSA-2168880|Reactome:R-HSA-2172127|Reactome:R-HSA-2173791|Reactome:R-HSA-2197563|Reactome:R-HSA-2206292|Reactome:R-HSA-2206302|Reactome:R-HSA-2214320|Reactome:R-HSA-2219530|Reactome:R-HSA-2243919|Reactome:R-HSA-2404192|Reactome:R-HSA-2424491|Reactome:R-HSA-2428928|Reactome:R-HSA-2428933|Reactome:R-HSA-2454202|Reactome:R-HSA-2559582|Reactome:R-HSA-2565942|Reactome:R-HSA-2586552|Reactome:R-HSA-2644606|Reactome:R-HSA-264642|Reactome:R-HSA-264876|Reactome:R-HSA-2672351|Reactome:R-HSA-2682334|Reactome:R-HSA-2730905|Reactome:R-HSA-2871796|Reactome:R-HSA-2871809|Reactome:R-HSA-2871837|Reactome:R-HSA-2892247|Reactome:R-HSA-2894862|Reactome:R-HSA-2979096|Reactome:R-HSA-3000157|Reactome:R-HSA-3000170|Reactome:R-HSA-3000171|Reactome:R-HSA-3000178|Reactome:R-HSA-3134963|Reactome:R-HSA-3214841|Reactome:R-HSA-3214847|Reactome:R-HSA-3322077|Reactome:R-HSA-350054|Reactome:R-HSA-354192|Reactome:R-HSA-354194|Reactome:R-HSA-3560783|Reactome:R-HSA-3560801|Reactome:R-HSA-3595172|Reactome:R-HSA-3595174|Reactome:R-HSA-3595177|Reactome:R-HSA-3656225|Reactome:R-HSA-3656237|Reactome:R-HSA-3656243|Reactome:R-HSA-3656244|Reactome:R-HSA-3656253|Reactome:R-HSA-372708|Reactome:R-HSA-373752|Reactome:R-HSA-373753|Reactome:R-HSA-373756|Reactome:R-HSA-373760|Reactome:R-HSA-375165|Reactome:R-HSA-375276|Reactome:R-HSA-376172|Reactome:R-HSA-376176|Reactome:R-HSA-3785653|Reactome:R-HSA-380259|Reactome:R-HSA-380270|Reactome:R-HSA-380284|Reactome:R-HSA-380320|Reactome:R-HSA-380972|Reactome:R-HSA-381340|Reactome:R-HSA-381426|Reactome:R-HSA-3878781|Reactome:R-HSA-388844|Reactome:R-HSA-389356|Reactome:R-HSA-389357|Reactome:R-HSA-389359|Reactome:R-HSA-389513|Reactome:R-HSA-389948|Reactome:R-HSA-390522|Reactome:R-HSA-391160|Reactome:R-HSA-3928662|Reactome:R-HSA-3928663|Reactome:R-HSA-3928664|Reactome:R-HSA-3928665|Reactome:R-HSA-399954|Reactome:R-HSA-399955|Reactome:R-HSA-399956|Reactome:R-HSA-4086398|Reactome:R-HSA-4086400|Reactome:R-HSA-416476|Reactome:R-HSA-416482|Reactome:R-HSA-416550|Reactome:R-HSA-416572|Reactome:R-HSA-416700|Reactome:R-HSA-418594|Reactome:R-HSA-418885|Reactome:R-HSA-418886|Reactome:R-HSA-418889|Reactome:R-HSA-418890|Reactome:R-HSA-418990|Reactome:R-HSA-419037|Reactome:R-HSA-420029|Reactome:R-HSA-420597|Reactome:R-HSA-428540|Reactome:R-HSA-428542|Reactome:R-HSA-428543|Reactome:R-HSA-428890|Reactome:R-HSA-430116|Reactome:R-HSA-432142|Reactome:R-HSA-432722|Reactome:R-HSA-433692|Reactome:R-HSA-437239|Reactome:R-HSA-4420097|Reactome:R-HSA-4420332|Reactome:R-HSA-445095|Reactome:R-HSA-445144|Reactome:R-HSA-445355|Reactome:R-HSA-445989|Reactome:R-HSA-446107|Reactome:R-HSA-446353|Reactome:R-HSA-447038|Reactome:R-HSA-447041|Reactome:R-HSA-447043|Reactome:R-HSA-448706|Reactome:R-HSA-449836|Reactome:R-HSA-451927|Reactome:R-HSA-4755510|Reactome:R-HSA-5083628|Reactome:R-HSA-5083629|Reactome:R-HSA-5083633|Reactome:R-HSA-5083635|Reactome:R-HSA-512988|Reactome:R-HSA-5140745|Reactome:R-HSA-5173214|Reactome:R-HSA-5218921|Reactome:R-HSA-5223345|Reactome:R-HSA-525793|Reactome:R-HSA-5576892|Reactome:R-HSA-5603029|Reactome:R-HSA-5607761|Reactome:R-HSA-5607763|Reactome:R-HSA-5607764|Reactome:R-HSA-5619070|Reactome:R-HSA-5620912|Reactome:R-HSA-5620916|Reactome:R-HSA-5621575|Reactome:R-HSA-5627123|Reactome:R-HSA-5628897|Reactome:R-HSA-5632681|Reactome:R-HSA-5635838|Reactome:R-HSA-5654219|Reactome:R-HSA-5654221|Reactome:R-HSA-5654227|Reactome:R-HSA-5654228|Reactome:R-HSA-5654687|Reactome:R-HSA-5654688|Reactome:R-HSA-5654689|Reactome:R-HSA-5654693|Reactome:R-HSA-5654695|Reactome:R-HSA-5654699|Reactome:R-HSA-5654700|Reactome:R-HSA-5654704|Reactome:R-HSA-5654706|Reactome:R-HSA-5654710|Reactome:R-HSA-5654712|Reactome:R-HSA-5654719|Reactome:R-HSA-5654720|Reactome:R-HSA-5654726|Reactome:R-HSA-5654727|Reactome:R-HSA-5654732|Reactome:R-HSA-5654733|Reactome:R-HSA-5655253|Reactome:R-HSA-5655291|Reactome:R-HSA-5655302|Reactome:R-HSA-5655332|Reactome:R-HSA-5658623|Reactome:R-HSA-5660668|Reactome:R-HSA-5673001|Reactome:R-HSA-5674135|Reactome:R-HSA-5676590|Reactome:R-HSA-5683826|Reactome:R-HSA-5684264|Reactome:R-HSA-5687128|Reactome:R-HSA-5688849|Reactome:R-HSA-5688890|Reactome:R-HSA-5689603|Reactome:R-HSA-5690714|Reactome:R-HSA-5694530|Reactome:R-HSA-6783783|Reactome:R-HSA-6785631|Reactome:R-HSA-6785807|Reactome:R-HSA-6788467|Reactome:R-HSA-6798695|Reactome:R-HSA-6802946|Reactome:R-HSA-6802948|Reactome:R-HSA-6802952|Reactome:R-HSA-6802955|Reactome:R-HSA-6804756|Reactome:R-HSA-6806942|Reactome:R-HSA-6807004|Reactome:R-HSA-6809371|Reactome:R-HSA-6811558|Reactome:R-HSA-74713|Reactome:R-HSA-74749|Reactome:R-HSA-74751|Reactome:R-HSA-74752|Reactome:R-HSA-75892|Reactome:R-HSA-76009|Reactome:R-HSA-77387|Reactome:R-HSA-844456|Reactome:R-HSA-877300|Reactome:R-HSA-877312|Reactome:R-HSA-879415|Reactome:R-HSA-8847993|Reactome:R-HSA-8849932|Reactome:R-HSA-8851680|Reactome:R-HSA-8851708|Reactome:R-HSA-8851805|Reactome:R-HSA-8851907|Reactome:R-HSA-8852405|Reactome:R-HSA-8853333|Reactome:R-HSA-8853334|Reactome:R-HSA-8853336|Reactome:R-HSA-8853383|Reactome:R-HSA-8853884|Reactome:R-HSA-8854518|Reactome:R-HSA-8854691|Reactome:R-HSA-8856825|Reactome:R-HSA-8856828|Reactome:R-HSA-8857538|Reactome:R-HSA-8863795|Reactome:R-HSA-8865999|Reactome:R-HSA-8866654|Reactome:R-HSA-8866910|Reactome:R-HSA-8874081|Reactome:R-HSA-8875360|Reactome:R-HSA-8875513|Reactome:R-HSA-8875555|Reactome:R-HSA-8875656|Reactome:R-HSA-8875791|Reactome:R-HSA-8877330|Reactome:R-HSA-8932504|Reactome:R-HSA-8932505|Reactome:R-HSA-8932506|Reactome:R-HSA-8939247|Reactome:R-HSA-8941856|Reactome:R-HSA-8948216|Reactome:R-HSA-8951664|Reactome:R-HSA-8957275|Reactome:R-HSA-8963896|Reactome:R-HSA-8964038|Reactome:R-HSA-8964046|Reactome:R-HSA-8980692|Reactome:R-HSA-8983432|Reactome:R-HSA-8983711|Reactome:R-HSA-8984722|Reactome:R-HSA-8985586|Reactome:R-HSA-8985801|Reactome:R-HSA-8985947|Reactome:R-HSA-9006335|Reactome:R-HSA-9007892|Reactome:R-HSA-9008059|Reactome:R-HSA-9009391|Reactome:R-HSA-9010553|Reactome:R-HSA-9010642|Reactome:R-HSA-9012546|Reactome:R-HSA-9013026|Reactome:R-HSA-9013106|Reactome:R-HSA-9013148|Reactome:R-HSA-9013149|Reactome:R-HSA-9013404|Reactome:R-HSA-9013405|Reactome:R-HSA-9013406|Reactome:R-HSA-9013408|Reactome:R-HSA-9013409|Reactome:R-HSA-9013420|Reactome:R-HSA-9013423|Reactome:R-HSA-9013424|Reactome:R-HSA-9013508|Reactome:R-HSA-9013695|Reactome:R-HSA-9014826|Reactome:R-HSA-9014843|Reactome:R-HSA-9020558|Reactome:R-HSA-9020591|Reactome:R-HSA-9020702|Reactome:R-HSA-9020933|Reactome:R-HSA-9020956|Reactome:R-HSA-9020958|Reactome:R-HSA-9022699|Reactome:R-HSA-9024909|Reactome:R-HSA-9025046|Reactome:R-HSA-9026357|Reactome:R-HSA-9026519|Reactome:R-HSA-9026527|Reactome:R-HSA-9027276|Reactome:R-HSA-9027277|Reactome:R-HSA-9027283|Reactome:R-HSA-9027284|Reactome:R-HSA-9028335|Reactome:R-HSA-9028731|Reactome:R-HSA-9031628|Reactome:R-HSA-9032500|Reactome:R-HSA-9032759|Reactome:R-HSA-9032845|Reactome:R-HSA-9034013|Reactome:R-HSA-9034015|Reactome:R-HSA-9034793|Reactome:R-HSA-9034864|Reactome:R-HSA-9035034|Reactome:R-HSA-909733|Reactome:R-HSA-912526|Reactome:R-HSA-912694|Reactome:R-HSA-917977|Reactome:R-HSA-933542|Reactome:R-HSA-9603381|Reactome:R-HSA-9603505|Reactome:R-HSA-9607240|Reactome:R-HSA-9609523|Reactome:R-HSA-9609690|Reactome:R-HSA-9610379|Reactome:R-HSA-9613354|Reactome:R-HSA-9615017|Reactome:R-HSA-9616222|Reactome:R-HSA-9619483|Reactome:R-HSA-9619665|Reactome:R-HSA-9620244|Reactome:R-HSA-9634597|Reactome:R-HSA-9637628|Reactome:R-HSA-9638334|Reactome:R-HSA-9638630|Reactome:R-HSA-9645135|Reactome:R-HSA-9649948|Reactome:R-HSA-9656223|Reactome:R-HSA-9660826|Reactome:R-HSA-9664323|Reactome:R-HSA-9664422|Reactome:R-HSA-9664565|Reactome:R-HSA-9664873|Reactome:R-HSA-9665686|Reactome:R-HSA-9669914|Reactome:R-HSA-9669917|Reactome:R-HSA-9669921|Reactome:R-HSA-9669924|Reactome:R-HSA-9669926|Reactome:R-HSA-9669929|Reactome:R-HSA-9669933|Reactome:R-HSA-9669934|Reactome:R-HSA-9669935|Reactome:R-HSA-9669936|Reactome:R-HSA-9670439|Reactome:R-HSA-9673767|Reactome:R-HSA-9673768|Reactome:R-HSA-9673770|Reactome:R-HSA-9674396|Reactome:R-HSA-9674401|Reactome:R-HSA-9674403|Reactome:R-HSA-9674404|Reactome:R-HSA-9674428|Reactome:R-HSA-9674555|Reactome:R-HSA-9679191|Reactome:R-HSA-9680187|Reactome:R-HSA-9680350|Reactome:R-HSA-9692916|Reactome:R-HSA-9694614|Reactome:R-HSA-9696264|Reactome:R-HSA-9696270|Reactome:R-HSA-9696273|Reactome:R-HSA-9700645|Reactome:R-HSA-9701898|Reactome:R-HSA-9702509|Reactome:R-HSA-9702518|Reactome:R-HSA-9702569|Reactome:R-HSA-9702577|Reactome:R-HSA-9702581|Reactome:R-HSA-9702590|Reactome:R-HSA-9702596|Reactome:R-HSA-9702600|Reactome:R-HSA-9702605|Reactome:R-HSA-9702614|Reactome:R-HSA-9702620|Reactome:R-HSA-9702624|Reactome:R-HSA-9702632|Reactome:R-HSA-9702636|Reactome:R-HSA-9702998|Reactome:R-HSA-9703009|Reactome:R-HSA-9703648|Reactome:R-HSA-9705462|Reactome:R-HSA-9705671|Reactome:R-HSA-9706369|Reactome:R-HSA-9706374|Reactome:R-HSA-9706377|Reactome:R-HSA-9717207|Reactome:R-HSA-9725370|Reactome:R-HSA-9725371|Reactome:R-HSA-9725554|Reactome:R-HSA-9732724|Reactome:R-HSA-9734091|Reactome:R-HSA-9749641|Reactome:R-HSA-9752946|Reactome:R-HSA-975634|Reactome:R-HSA-9758919|Reactome:R-HSA-977225|Reactome:R-HSA-9772755|Reactome:R-HSA-977443|Reactome:R-HSA-977606|Reactome:R-HSA-9793380|Reactome:R-HSA-9818749|Reactome:R-HSA-9820960|Reactome:R-HSA-9824272|Reactome:R-HSA-9824585|Reactome:R-HSA-9825892|Reactome:R-HSA-982772|Reactome:R-HSA-9830674|Reactome:R-HSA-983168|Reactome:R-HSA-983170|Reactome:R-HSA-9833109|Reactome:R-HSA-9833110|Reactome:R-HSA-983695|Reactome:R-HSA-9843940|Reactome:R-HSA-9843970|Reactome:R-HSA-9844594|Reactome:R-HSA-9851151|Reactome:R-HSA-9854909|Reactome:R-HSA-9856530|Reactome:R-HSA-9856532|Reactome:R-HSA-9856649|Reactome:R-HSA-9860927|Reactome:R-HSA-9909620|Reactome:R-HSA-9909649|Reactome:R-HSA-9913351|Reactome:R-HSA-9918481|Reactome:R-HSA-9918485|Reactome:R-HSA-9920588|Reactome:R-HSA-9925563|Reactome:R-HSA-9926550|Reactome:R-HSA-9927353|Reactome:R-HSA-9927354|Reactome:R-HSA-9927418|Reactome:R-HSA-9927426|Reactome:R-HSA-9929356|Reactome:R-HSA-9929491|Reactome:R-HSA-9931269|Reactome:R-HSA-9931295|Reactome:R-HSA-9939291|Reactome:R-HSA-9942503|Reactome:R-HSA-9953038|Reactome:R-HSA-9953080|Reactome:R-MMU-1059683|Reactome:R-MMU-109704|Reactome:R-MMU-110056|Reactome:R-MMU-112411|Reactome:R-MMU-114604|Reactome:R-MMU-114608|Reactome:R-MMU-1169091|Reactome:R-MMU-1169408|Reactome:R-MMU-1170546|Reactome:R-MMU-1227986|Reactome:R-MMU-1236394|Reactome:R-MMU-1236974|Reactome:R-MMU-1236977|Reactome:R-MMU-1236978|Reactome:R-MMU-1250196|Reactome:R-MMU-1250342|Reactome:R-MMU-1250347|Reactome:R-MMU-1257604|Reactome:R-MMU-1266695|Reactome:R-MMU-1306955|Reactome:R-MMU-1307965|Reactome:R-MMU-1358803|Reactome:R-MMU-140834|Reactome:R-MMU-140837|Reactome:R-MMU-140875|Reactome:R-MMU-1433557|Reactome:R-MMU-1433559|Reactome:R-MMU-1442490|Reactome:R-MMU-1462054|Reactome:R-MMU-1474228|Reactome:R-MMU-1566977|Reactome:R-MMU-163125|Reactome:R-MMU-1632852|Reactome:R-MMU-163680|Reactome:R-MMU-1650814|Reactome:R-MMU-1660499|Reactome:R-MMU-1660514|Reactome:R-MMU-166663|Reactome:R-MMU-166665|Reactome:R-MMU-170968|Reactome:R-MMU-170984|Reactome:R-MMU-173623|Reactome:R-MMU-173736|Reactome:R-MMU-174577|Reactome:R-MMU-177504|Reactome:R-MMU-177929|Reactome:R-MMU-1810476|Reactome:R-MMU-181429|Reactome:R-MMU-181430|Reactome:R-MMU-182971|Reactome:R-MMU-1855183|Reactome:R-MMU-1855204|Reactome:R-MMU-186763|Reactome:R-MMU-186797|Reactome:R-MMU-187042|Reactome:R-MMU-190322|Reactome:R-MMU-190370|Reactome:R-MMU-190371|Reactome:R-MMU-190372|Reactome:R-MMU-190373|Reactome:R-MMU-190374|Reactome:R-MMU-190375|Reactome:R-MMU-190377|Reactome:R-MMU-193634|Reactome:R-MMU-193648|Reactome:R-MMU-193692|Reactome:R-MMU-194306|Reactome:R-MMU-195399|Reactome:R-MMU-196108|Reactome:R-MMU-1963640|Reactome:R-MMU-1963642|Reactome:R-MMU-1971475|Reactome:R-MMU-198203|Reactome:R-MMU-198933|Reactome:R-MMU-200425|Reactome:R-MMU-2022854|Reactome:R-MMU-2022857|Reactome:R-MMU-2022870|Reactome:R-MMU-2022923|Reactome:R-MMU-2024096|Reactome:R-MMU-2024101|Reactome:R-MMU-202424|Reactome:R-MMU-202427|Reactome:R-MMU-202430|Reactome:R-MMU-202433|Reactome:R-MMU-2025928|Reactome:R-MMU-202733|Reactome:R-MMU-2029481|Reactome:R-MMU-2029482|Reactome:R-MMU-2029485|Reactome:R-MMU-204005|Reactome:R-MMU-209560|Reactome:R-MMU-210500|Reactome:R-MMU-210990|Reactome:R-MMU-210991|Reactome:R-MMU-210993|Reactome:R-MMU-2122947|Reactome:R-MMU-212676|Reactome:R-MMU-2129379|Reactome:R-MMU-2132295|Reactome:R-MMU-216083|Reactome:R-MMU-2160916|Reactome:R-MMU-2168880|Reactome:R-MMU-2172127|Reactome:R-MMU-2173791|Reactome:R-MMU-2214320|Reactome:R-MMU-2243919|Reactome:R-MMU-2404192|Reactome:R-MMU-2424491|Reactome:R-MMU-2428928|Reactome:R-MMU-2428933|Reactome:R-MMU-2454202|Reactome:R-MMU-264642|Reactome:R-MMU-264876|Reactome:R-MMU-2672351|Reactome:R-MMU-2682334|Reactome:R-MMU-2730905|Reactome:R-MMU-2871796|Reactome:R-MMU-2871809|Reactome:R-MMU-2871837|Reactome:R-MMU-3000170|Reactome:R-MMU-3000178|Reactome:R-MMU-3134963|Reactome:R-MMU-3214841|Reactome:R-MMU-3214847|Reactome:R-MMU-3322077|Reactome:R-MMU-350054|Reactome:R-MMU-354192|Reactome:R-MMU-354194|Reactome:R-MMU-372708|Reactome:R-MMU-373752|Reactome:R-MMU-373753|Reactome:R-MMU-373756|Reactome:R-MMU-373760|Reactome:R-MMU-375165|Reactome:R-MMU-375276|Reactome:R-MMU-376172|Reactome:R-MMU-376176|Reactome:R-MMU-380972|Reactome:R-MMU-381426|Reactome:R-MMU-388844|Reactome:R-MMU-389356|Reactome:R-MMU-389357|Reactome:R-MMU-389359|Reactome:R-MMU-389513|Reactome:R-MMU-389948|Reactome:R-MMU-390522|Reactome:R-MMU-391160|Reactome:R-MMU-3928662|Reactome:R-MMU-3928663|Reactome:R-MMU-3928664|Reactome:R-MMU-3928665|Reactome:R-MMU-399954|Reactome:R-MMU-399955|Reactome:R-MMU-399956|Reactome:R-MMU-4086398|Reactome:R-MMU-416476|Reactome:R-MMU-416482|Reactome:R-MMU-416550|Reactome:R-MMU-416572|Reactome:R-MMU-416700|Reactome:R-MMU-418594|Reactome:R-MMU-418885|Reactome:R-MMU-418889|Reactome:R-MMU-418990|Reactome:R-MMU-419037|Reactome:R-MMU-420029|Reactome:R-MMU-420597|Reactome:R-MMU-428890|Reactome:R-MMU-430116|Reactome:R-MMU-432142|Reactome:R-MMU-432722|Reactome:R-MMU-433692|Reactome:R-MMU-437239|Reactome:R-MMU-4420097|Reactome:R-MMU-445095|Reactome:R-MMU-445144|Reactome:R-MMU-445355|Reactome:R-MMU-445989|Reactome:R-MMU-446107|Reactome:R-MMU-446353|Reactome:R-MMU-447043|Reactome:R-MMU-448706|Reactome:R-MMU-449836|Reactome:R-MMU-4755510|Reactome:R-MMU-512988|Reactome:R-MMU-5140745|Reactome:R-MMU-5173214|Reactome:R-MMU-5218921|Reactome:R-MMU-5223345|Reactome:R-MMU-525793|Reactome:R-MMU-5607761|Reactome:R-MMU-5607763|Reactome:R-MMU-5607764|Reactome:R-MMU-5620916|Reactome:R-MMU-5621575|Reactome:R-MMU-5627123|Reactome:R-MMU-5628897|Reactome:R-MMU-5632681|Reactome:R-MMU-5635838|Reactome:R-MMU-5654219|Reactome:R-MMU-5654221|Reactome:R-MMU-5654227|Reactome:R-MMU-5654228|Reactome:R-MMU-5654687|Reactome:R-MMU-5654688|Reactome:R-MMU-5654689|Reactome:R-MMU-5654693|Reactome:R-MMU-5654695|Reactome:R-MMU-5654699|Reactome:R-MMU-5654700|Reactome:R-MMU-5654704|Reactome:R-MMU-5654706|Reactome:R-MMU-5654710|Reactome:R-MMU-5654712|Reactome:R-MMU-5654719|Reactome:R-MMU-5654720|Reactome:R-MMU-5654726|Reactome:R-MMU-5654727|Reactome:R-MMU-5654732|Reactome:R-MMU-5654733|Reactome:R-MMU-5658623|Reactome:R-MMU-5660668|Reactome:R-MMU-5673001|Reactome:R-MMU-5674135|Reactome:R-MMU-5676590|Reactome:R-MMU-5683826|Reactome:R-MMU-5684264|Reactome:R-MMU-5687128|Reactome:R-MMU-5689603|Reactome:R-MMU-5690714|Reactome:R-MMU-5694530|Reactome:R-MMU-6783783|Reactome:R-MMU-6785631|Reactome:R-MMU-6785807|Reactome:R-MMU-6788467|Reactome:R-MMU-6798695|Reactome:R-MMU-6804756|Reactome:R-MMU-6806942|Reactome:R-MMU-6807004|Reactome:R-MMU-6809371|Reactome:R-MMU-6811558|Reactome:R-MMU-74713|Reactome:R-MMU-74749|Reactome:R-MMU-74751|Reactome:R-MMU-74752|Reactome:R-MMU-75892|Reactome:R-MMU-77387|Reactome:R-MMU-877300|Reactome:R-MMU-877312|Reactome:R-MMU-879415|Reactome:R-MMU-8847993|Reactome:R-MMU-8849932|Reactome:R-MMU-8851680|Reactome:R-MMU-8851805|Reactome:R-MMU-8851907|Reactome:R-MMU-8852405|Reactome:R-MMU-8853383|Reactome:R-MMU-8854691|Reactome:R-MMU-8856825|Reactome:R-MMU-8856828|Reactome:R-MMU-8857538|Reactome:R-MMU-8863795|Reactome:R-MMU-8865999|Reactome:R-MMU-8874081|Reactome:R-MMU-8875513|Reactome:R-MMU-8875555|Reactome:R-MMU-8875656|Reactome:R-MMU-8875791|Reactome:R-MMU-8932504|Reactome:R-MMU-8932505|Reactome:R-MMU-8932506|Reactome:R-MMU-8941856|Reactome:R-MMU-8948216|Reactome:R-MMU-8957275|Reactome:R-MMU-8963896|Reactome:R-MMU-8980692|Reactome:R-MMU-8983432|Reactome:R-MMU-8984722|Reactome:R-MMU-8985586|Reactome:R-MMU-8985947|Reactome:R-MMU-9006335|Reactome:R-MMU-9007892|Reactome:R-MMU-9009391|Reactome:R-MMU-9010553|Reactome:R-MMU-9012546|Reactome:R-MMU-9013026|Reactome:R-MMU-9013106|Reactome:R-MMU-9013148|Reactome:R-MMU-9013149|Reactome:R-MMU-9013404|Reactome:R-MMU-9013406|Reactome:R-MMU-9013408|Reactome:R-MMU-9013409|Reactome:R-MMU-9013420|Reactome:R-MMU-9013423|Reactome:R-MMU-9013424|Reactome:R-MMU-9014826|Reactome:R-MMU-9014843|Reactome:R-MMU-9020558|Reactome:R-MMU-9020591|Reactome:R-MMU-9020702|Reactome:R-MMU-9020933|Reactome:R-MMU-9020956|Reactome:R-MMU-9020958|Reactome:R-MMU-9026527|Reactome:R-MMU-9027276|Reactome:R-MMU-9027284|Reactome:R-MMU-9028731|Reactome:R-MMU-9032759|Reactome:R-MMU-9034013|Reactome:R-MMU-9034793|Reactome:R-MMU-9035034|Reactome:R-MMU-909733|Reactome:R-MMU-912526|Reactome:R-MMU-912694|Reactome:R-MMU-917977|Reactome:R-MMU-933542|Reactome:R-MMU-9603381|Reactome:R-MMU-9607240|Reactome:R-MMU-9609523|Reactome:R-MMU-9634597|Reactome:R-MMU-9664873|Reactome:R-MMU-9696264|Reactome:R-MMU-9696270|Reactome:R-MMU-9696273|Reactome:R-MMU-9706369|Reactome:R-MMU-9706374|Reactome:R-MMU-9732724|Reactome:R-MMU-9734091|Reactome:R-MMU-9749641|Reactome:R-MMU-9772755|Reactome:R-MMU-977606|Reactome:R-MMU-982772|Reactome:R-MMU-983168|Reactome:R-MMU-983170|Reactome:R-MMU-983695|Reactome:R-MMU-9843940|Reactome:R-MMU-9851151|Reactome:R-MMU-9856649|Reactome:R-MMU-9860927|Reactome:R-MMU-9913351|Reactome:R-MMU-9927353|Reactome:R-MMU-9927354|Reactome:R-MMU-9929356|Reactome:R-MMU-9929491|Reactome:R-MMU-9931269|Reactome:R-MMU-9931295|Reactome:R-MMU-9939291|Reactome:R-MTU-868688|Reactome:R-RNO-1059683|Reactome:R-RNO-109704|Reactome:R-RNO-110056|Reactome:R-RNO-112411|Reactome:R-RNO-114608|Reactome:R-RNO-1169091|Reactome:R-RNO-1170546|Reactome:R-RNO-1227986|Reactome:R-RNO-1236394|Reactome:R-RNO-1236974|Reactome:R-RNO-1236977|Reactome:R-RNO-1250196|Reactome:R-RNO-1250342|Reactome:R-RNO-1250347|Reactome:R-RNO-1257604|Reactome:R-RNO-1306955|Reactome:R-RNO-1307965|Reactome:R-RNO-1358803|Reactome:R-RNO-140834|Reactome:R-RNO-140837|Reactome:R-RNO-140875|Reactome:R-RNO-1462054|Reactome:R-RNO-1474228|Reactome:R-RNO-1566977|Reactome:R-RNO-163125|Reactome:R-RNO-1632852|Reactome:R-RNO-163680|Reactome:R-RNO-1660499|Reactome:R-RNO-1660514|Reactome:R-RNO-166663|Reactome:R-RNO-166665|Reactome:R-RNO-170968|Reactome:R-RNO-170984|Reactome:R-RNO-173623|Reactome:R-RNO-173736|Reactome:R-RNO-174577|Reactome:R-RNO-177504|Reactome:R-RNO-1810476|Reactome:R-RNO-181429|Reactome:R-RNO-181430|Reactome:R-RNO-1855183|Reactome:R-RNO-1855204|Reactome:R-RNO-186763|Reactome:R-RNO-186797|Reactome:R-RNO-187042|Reactome:R-RNO-190322|Reactome:R-RNO-190370|Reactome:R-RNO-190373|Reactome:R-RNO-190374|Reactome:R-RNO-193634|Reactome:R-RNO-193648|Reactome:R-RNO-193692|Reactome:R-RNO-194306|Reactome:R-RNO-195399|Reactome:R-RNO-196108|Reactome:R-RNO-1963640|Reactome:R-RNO-1963642|Reactome:R-RNO-1971475|Reactome:R-RNO-198203|Reactome:R-RNO-198933|Reactome:R-RNO-200425|Reactome:R-RNO-2022854|Reactome:R-RNO-2022857|Reactome:R-RNO-2022870|Reactome:R-RNO-2022923|Reactome:R-RNO-2024101|Reactome:R-RNO-202424|Reactome:R-RNO-202427|Reactome:R-RNO-202430|Reactome:R-RNO-202433|Reactome:R-RNO-2025928|Reactome:R-RNO-202733|Reactome:R-RNO-2029481|Reactome:R-RNO-2029482|Reactome:R-RNO-2029485|Reactome:R-RNO-209560|Reactome:R-RNO-210500|Reactome:R-RNO-210990|Reactome:R-RNO-210991|Reactome:R-RNO-212676|Reactome:R-RNO-2129379|Reactome:R-RNO-2132295|Reactome:R-RNO-216083|Reactome:R-RNO-2160916|Reactome:R-RNO-2172127|Reactome:R-RNO-2173791|Reactome:R-RNO-2404192|Reactome:R-RNO-2424491|Reactome:R-RNO-2428928|Reactome:R-RNO-2428933|Reactome:R-RNO-2454202|Reactome:R-RNO-264642|Reactome:R-RNO-264876|Reactome:R-RNO-2682334|Reactome:R-RNO-2730905|Reactome:R-RNO-2871796|Reactome:R-RNO-2871809|Reactome:R-RNO-2871837|Reactome:R-RNO-3000170|Reactome:R-RNO-3000178|Reactome:R-RNO-3134963|Reactome:R-RNO-3214841|Reactome:R-RNO-3214847|Reactome:R-RNO-354192|Reactome:R-RNO-354194|Reactome:R-RNO-372708|Reactome:R-RNO-373752|Reactome:R-RNO-373753|Reactome:R-RNO-373760|Reactome:R-RNO-375165|Reactome:R-RNO-375276|Reactome:R-RNO-376172|Reactome:R-RNO-380972|Reactome:R-RNO-381426|Reactome:R-RNO-388844|Reactome:R-RNO-389356|Reactome:R-RNO-389357|Reactome:R-RNO-389359|Reactome:R-RNO-389948|Reactome:R-RNO-390522|Reactome:R-RNO-391160|Reactome:R-RNO-3928662|Reactome:R-RNO-3928663|Reactome:R-RNO-3928664|Reactome:R-RNO-3928665|Reactome:R-RNO-399954|Reactome:R-RNO-399955|Reactome:R-RNO-399956|Reactome:R-RNO-416476|Reactome:R-RNO-416482|Reactome:R-RNO-416550|Reactome:R-RNO-416700|Reactome:R-RNO-418594|Reactome:R-RNO-418885|Reactome:R-RNO-418889|Reactome:R-RNO-418990|Reactome:R-RNO-419037|Reactome:R-RNO-420029|Reactome:R-RNO-420597|Reactome:R-RNO-432142|Reactome:R-RNO-432722|Reactome:R-RNO-433692|Reactome:R-RNO-437239|Reactome:R-RNO-4420097|Reactome:R-RNO-445095|Reactome:R-RNO-445144|Reactome:R-RNO-445989|Reactome:R-RNO-446107|Reactome:R-RNO-446353|Reactome:R-RNO-447043|Reactome:R-RNO-448706|Reactome:R-RNO-449836|Reactome:R-RNO-5218921|Reactome:R-RNO-5223345|Reactome:R-RNO-525793|Reactome:R-RNO-5607763|Reactome:R-RNO-5607764|Reactome:R-RNO-5620916|Reactome:R-RNO-5621575|Reactome:R-RNO-5628897|Reactome:R-RNO-5632681|Reactome:R-RNO-5654219|Reactome:R-RNO-5654228|Reactome:R-RNO-5654687|Reactome:R-RNO-5654688|Reactome:R-RNO-5654689|Reactome:R-RNO-5654693|Reactome:R-RNO-5654712|Reactome:R-RNO-5654719|Reactome:R-RNO-5654720|Reactome:R-RNO-5654726|Reactome:R-RNO-5654733|Reactome:R-RNO-5658623|Reactome:R-RNO-5673001|Reactome:R-RNO-5674135|Reactome:R-RNO-5683826|Reactome:R-RNO-5684264|Reactome:R-RNO-5687128|Reactome:R-RNO-5689603|Reactome:R-RNO-6785631|Reactome:R-RNO-6785807|Reactome:R-RNO-6788467|Reactome:R-RNO-6798695|Reactome:R-RNO-6804756|Reactome:R-RNO-6806942|Reactome:R-RNO-6807004|Reactome:R-RNO-6809371|Reactome:R-RNO-6811558|Reactome:R-RNO-74713|Reactome:R-RNO-74749|Reactome:R-RNO-74751|Reactome:R-RNO-74752|Reactome:R-RNO-77387|Reactome:R-RNO-879415|Reactome:R-RNO-8847993|Reactome:R-RNO-8849932|Reactome:R-RNO-8851680|Reactome:R-RNO-8851805|Reactome:R-RNO-8851907|Reactome:R-RNO-8853383|Reactome:R-RNO-8854691|Reactome:R-RNO-8856825|Reactome:R-RNO-8856828|Reactome:R-RNO-8857538|Reactome:R-RNO-8863795|Reactome:R-RNO-8865999|Reactome:R-RNO-8874081|Reactome:R-RNO-8875513|Reactome:R-RNO-8875555|Reactome:R-RNO-8875656|Reactome:R-RNO-8875791|Reactome:R-RNO-8932505|Reactome:R-RNO-8951664|Reactome:R-RNO-8957275|Reactome:R-RNO-8963896|Reactome:R-RNO-8980692|Reactome:R-RNO-8983432|Reactome:R-RNO-8984722|Reactome:R-RNO-9006335|Reactome:R-RNO-9007892|Reactome:R-RNO-9009391|Reactome:R-RNO-9013026|Reactome:R-RNO-9013106|Reactome:R-RNO-9013148|Reactome:R-RNO-9013149|Reactome:R-RNO-9013404|Reactome:R-RNO-9013408|Reactome:R-RNO-9013409|Reactome:R-RNO-9013423|Reactome:R-RNO-9014826|Reactome:R-RNO-9014843|Reactome:R-RNO-9020558|Reactome:R-RNO-9020702|Reactome:R-RNO-9020956|Reactome:R-RNO-9026527|Reactome:R-RNO-9027276|Reactome:R-RNO-9027284|Reactome:R-RNO-9028731|Reactome:R-RNO-9032759|Reactome:R-RNO-9034013|Reactome:R-RNO-9034793|Reactome:R-RNO-9035034|Reactome:R-RNO-912526|Reactome:R-RNO-917977|Reactome:R-RNO-933542|Reactome:R-RNO-9603381|Reactome:R-RNO-9609523|Reactome:R-RNO-9634597|Reactome:R-RNO-9664873|Reactome:R-RNO-9734091|Reactome:R-RNO-9749641|Reactome:R-RNO-9772755|Reactome:R-RNO-977606|Reactome:R-RNO-982772|Reactome:R-RNO-983168|Reactome:R-RNO-983170|Reactome:R-RNO-9851151|Reactome:R-RNO-9860927|Reactome:R-RNO-9927353|Reactome:R-RNO-9927354|Reactome:R-RNO-9931269|Reactome:R-SCE-1632852|Reactome:R-SCE-163680|Reactome:R-SCE-200425|Reactome:R-SCE-3322077|Reactome:R-SCE-380972|Reactome:R-SCE-6798695|Reactome:R-SCE-8948751|Reactome:R-SCE-9013106|Reactome:R-SCE-9609523|Reactome:R-SPO-1632852|Reactome:R-SPO-163680|Reactome:R-SPO-200425|Reactome:R-SPO-380972|Reactome:R-SPO-5628897|Reactome:R-SPO-6798695|Reactome:R-SPO-9609523|Reactome:R-SPO-9664873|Reactome:R-SSC-114608|Reactome:R-SSC-1170546|Reactome:R-SSC-1236974|Reactome:R-SSC-1236977|Reactome:R-SSC-1257604|Reactome:R-SSC-1474228|Reactome:R-SSC-173623|Reactome:R-SSC-198933|Reactome:R-SSC-2022854|Reactome:R-SSC-2022857|Reactome:R-SSC-2024101|Reactome:R-SSC-202424|Reactome:R-SSC-202427|Reactome:R-SSC-202430|Reactome:R-SSC-202433|Reactome:R-SSC-202733|Reactome:R-SSC-2029481|Reactome:R-SSC-2029482|Reactome:R-SSC-2029485|Reactome:R-SSC-210990|Reactome:R-SSC-2132295|Reactome:R-SSC-216083|Reactome:R-SSC-2160916|Reactome:R-SSC-2168880|Reactome:R-SSC-2424491|Reactome:R-SSC-2454202|Reactome:R-SSC-2730905|Reactome:R-SSC-2871796|Reactome:R-SSC-2871809|Reactome:R-SSC-2871837|Reactome:R-SSC-3000178|Reactome:R-SSC-389948|Reactome:R-SSC-391160|Reactome:R-SSC-416550|Reactome:R-SSC-432142|Reactome:R-SSC-5673001|Reactome:R-SSC-5690714|Reactome:R-SSC-6798695|Reactome:R-SSC-6806942|Reactome:R-SSC-6807004|Reactome:R-SSC-6811558|Reactome:R-SSC-8851805|Reactome:R-SSC-8851907|Reactome:R-SSC-8856825|Reactome:R-SSC-8856828|Reactome:R-SSC-8865999|Reactome:R-SSC-8874081|Reactome:R-SSC-8875513|Reactome:R-SSC-8875555|Reactome:R-SSC-8875656|Reactome:R-SSC-8875791|Reactome:R-SSC-8980692|Reactome:R-SSC-9006335|Reactome:R-SSC-9013106|Reactome:R-SSC-9013404|Reactome:R-SSC-9013408|Reactome:R-SSC-9020591|Reactome:R-SSC-9020933|Reactome:R-SSC-9027276|Reactome:R-SSC-9027284|Reactome:R-SSC-9734091|Reactome:R-SSC-977606|Reactome:R-SSC-982772|Reactome:R-SSC-983170|Reactome:R-SSC-983695|Reactome:R-XTR-202433|Reactome:R-XTR-418990|Reactome:R-XTR-5654687
D_giganteum_MIE6907152	9639feb90098a548032b19c535bccaac	2220	Phobius	SIGNAL_PEPTIDE_C_REGION	C-terminal region of a signal peptide.	17	21	-	T	26-08-2026	-	-	-	-
D_giganteum_MIE6907152	9639feb90098a548032b19c535bccaac	2220	Phobius	SIGNAL_PEPTIDE_N_REGION	N-terminal region of a signal peptide.	1	3	-	T	26-08-2026	-	-	-	-
D_giganteum_MIE6907152	9639feb90098a548032b19c535bccaac	2220	SignalP_GRAM_POSITIVE	SignalP-TM	SignalP-TM	1	21	-	T	26-08-2026	-	-	-	-
D_giganteum_MIE6907152	9639feb90098a548032b19c535bccaac	2220	Pfam	PF02010	REJ domain	1001	1104	2.7E-5	T	26-08-2026	IPR002859	PKD/REJ-like domain	-	Reactome:R-HSA-5620916|Reactome:R-MMU-5620916
D_giganteum_MIE6907152	9639feb90098a548032b19c535bccaac	2220	Pfam	PF02010	REJ domain	1132	1516	3.9E-45	T	26-08-2026	IPR002859	PKD/REJ-like domain	-	Reactome:R-HSA-5620916|Reactome:R-MMU-5620916
D_intermedium_KAN0046829	67ff2dda0cd7e88c4f78ba439d4aa31a	2207	SMART	SM00429	iptmega2	804	889	0.0076	T	26-08-2026	IPR002909	IPT domain	-	Reactome:R-CEL-264876|Reactome:R-CEL-416482|Reactome:R-CEL-416572|Reactome:R-CEL-416700|Reactome:R-CEL-5620916|Reactome:R-CEL-913709|Reactome:R-DDI-3295583|Reactome:R-DDI-5213460|Reactome:R-DDI-5673000|Reactome:R-DDI-5674135|Reactome:R-DDI-5675221|Reactome:R-DDI-5675482|Reactome:R-DME-1169091|Reactome:R-DME-1810476|Reactome:R-DME-202424|Reactome:R-DME-209394|Reactome:R-DME-209400|Reactome:R-DME-209406|Reactome:R-DME-209560|Reactome:R-DME-214399|Reactome:R-DME-214411|Reactome:R-DME-214416|Reactome:R-DME-214842|Reactome:R-DME-214844|Reactome:R-DME-214869|Reactome:R-DME-264876|Reactome:R-DME-2871837|Reactome:R-DME-3134963|Reactome:R-DME-416482|Reactome:R-DME-416572|Reactome:R-DME-416700|Reactome:R-DME-445989|Reactome:R-DME-4755510|Reactome:R-DME-5607761|Reactome:R-DME-5607764|Reactome:R-DME-5620916|Reactome:R-DME-5621575|Reactome:R-DME-5676590|Reactome:R-DME-6798695|Reactome:R-DME-9020702|Reactome:R-DME-933542|Reactome:R-DME-9860927|Reactome:R-DRE-399954|Reactome:R-DRE-399956|Reactome:R-GGA-1227892|Reactome:R-GGA-434001|Reactome:R-GGA-434131|Reactome:R-HSA-1169091|Reactome:R-HSA-1257604|Reactome:R-HSA-1445148|Reactome:R-HSA-1810476|Reactome:R-HSA-193692|Reactome:R-HSA-202424|Reactome:R-HSA-2025928|Reactome:R-HSA-209560|Reactome:R-HSA-2219530|Reactome:R-HSA-2559582|Reactome:R-HSA-264876|Reactome:R-HSA-2871809|Reactome:R-HSA-2871837|Reactome:R-HSA-3134963|Reactome:R-HSA-3214841|Reactome:R-HSA-381340|Reactome:R-HSA-399954|Reactome:R-HSA-399955|Reactome:R-HSA-399956|Reactome:R-HSA-4086398|Reactome:R-HSA-416482|Reactome:R-HSA-416550|Reactome:R-HSA-416572|Reactome:R-HSA-416700|Reactome:R-HSA-445989|Reactome:R-HSA-448706|Reactome:R-HSA-4755510|Reactome:R-HSA-5603029|Reactome:R-HSA-5607761|Reactome:R-HSA-5607763|Reactome:R-HSA-5607764|Reactome:R-HSA-5620916|Reactome:R-HSA-5621575|Reactome:R-HSA-5660668|Reactome:R-HSA-5673001|Reactome:R-HSA-5676590|Reactome:R-HSA-5684264|Reactome:R-HSA-6798695|Reactome:R-HSA-6806942|Reactome:R-HSA-6807004|Reactome:R-HSA-6811558|Reactome:R-HSA-844456|Reactome:R-HSA-8851805|Reactome:R-HSA-8851907|Reactome:R-HSA-8852405|Reactome:R-HSA-8853884|Reactome:R-HSA-8865999|Reactome:R-HSA-8874081|Reactome:R-HSA-8875360|Reactome:R-HSA-8875513|Reactome:R-HSA-8875555|Reactome:R-HSA-8875656|Reactome:R-HSA-8875791|Reactome:R-HSA-8877330|Reactome:R-HSA-9013405|Reactome:R-HSA-9013508|Reactome:R-HSA-9020702|Reactome:R-HSA-9022699|Reactome:R-HSA-933542|Reactome:R-HSA-9609690|Reactome:R-HSA-9615017|Reactome:R-HSA-9660826|Reactome:R-HSA-9692916|Reactome:R-HSA-9696270|Reactome:R-HSA-9696273|Reactome:R-HSA-9734091|Reactome:R-HSA-9752946|Reactome:R-HSA-9818749|Reactome:R-HSA-9825892|Reactome:R-HSA-9844594|Reactome:R-HSA-9860927|Reactome:R-HSA-9909649|Reactome:R-HSA-9942503|Reactome:R-MMU-1169091|Reactome:R-MMU-1257604|Reactome:R-MMU-1810476|Reactome:R-MMU-193692|Reactome:R-MMU-202424|Reactome:R-MMU-2025928|Reactome:R-MMU-209560|Reactome:R-MMU-264876|Reactome:R-MMU-2871809|Reactome:R-MMU-2871837|Reactome:R-MMU-3134963|Reactome:R-MMU-3214841|Reactome:R-MMU-399954|Reactome:R-MMU-399955|Reactome:R-MMU-399956|Reactome:R-MMU-4086398|Reactome:R-MMU-416482|Reactome:R-MMU-416550|Reactome:R-MMU-416572|Reactome:R-MMU-416700|Reactome:R-MMU-445989|Reactome:R-MMU-448706|Reactome:R-MMU-4755510|Reactome:R-MMU-5607761|Reactome:R-MMU-5607763|Reactome:R-MMU-5607764|Reactome:R-MMU-5620916|Reactome:R-MMU-5621575|Reactome:R-MMU-5673001|Reactome:R-MMU-5676590|Reactome:R-MMU-5684264|Reactome:R-MMU-6798695|Reactome:R-MMU-6806942|Reactome:R-MMU-6807004|Reactome:R-MMU-6811558|Reactome:R-MMU-8851805|Reactome:R-MMU-8851907|Reactome:R-MMU-8852405|Reactome:R-MMU-8865999|Reactome:R-MMU-8874081|Reactome:R-MMU-8875513|Reactome:R-MMU-8875555|Reactome:R-MMU-8875656|Reactome:R-MMU-8875791|Reactome:R-MMU-9020702|Reactome:R-MMU-933542|Reactome:R-MMU-9696270|Reactome:R-MMU-9696273|Reactome:R-MMU-9734091|Reactome:R-MMU-9860927|Reactome:R-RNO-1169091|Reactome:R-RNO-1257604|Reactome:R-RNO-1810476|Reactome:R-RNO-193692|Reactome:R-RNO-202424|Reactome:R-RNO-2025928|Reactome:R-RNO-209560|Reactome:R-RNO-264876|Reactome:R-RNO-2871809|Reactome:R-RNO-2871837|Reactome:R-RNO-3134963|Reactome:R-RNO-3214841|Reactome:R-RNO-399954|Reactome:R-RNO-399955|Reactome:R-RNO-399956|Reactome:R-RNO-416550|Reactome:R-RNO-416700|Reactome:R-RNO-445989|Reactome:R-RNO-448706|Reactome:R-RNO-5607763|Reactome:R-RNO-5607764|Reactome:R-RNO-5620916|Reactome:R-RNO-5621575|Reactome:R-RNO-5673001|Reactome:R-RNO-5684264|Reactome:R-RNO-6798695|Reactome:R-RNO-6806942|Reactome:R-RNO-6807004|Reactome:R-RNO-6811558|Reactome:R-RNO-8851805|Reactome:R-RNO-8851907|Reactome:R-RNO-8865999|Reactome:R-RNO-8874081|Reactome:R-RNO-8875513|Reactome:R-RNO-8875555|Reactome:R-RNO-8875656|Reactome:R-RNO-8875791|Reactome:R-RNO-9020702|Reactome:R-RNO-933542|Reactome:R-RNO-9734091|Reactome:R-RNO-9860927|Reactome:R-SCE-8948751|Reactome:R-SSC-1257604|Reactome:R-SSC-416550|Reactome:R-SSC-5673001|Reactome:R-SSC-6806942|Reactome:R-SSC-6807004|Reactome:R-SSC-6811558|Reactome:R-SSC-8851805|Reactome:R-SSC-8851907|Reactome:R-SSC-8865999|Reactome:R-SSC-8874081|Reactome:R-SSC-8875513|Reactome:R-SSC-8875555|Reactome:R-SSC-8875656|Reactome:R-SSC-8875791|Reactome:R-SSC-9734091
D_intermedium_KAN0046829	67ff2dda0cd7e88c4f78ba439d4aa31a	2207	SUPERFAMILY	SSF53756	UDP-Glycosyltransferase/glycogen phosphorylase	117	489	1.82E-19	T	26-08-2026	-	-	-	-
D_intermedium_KAN0046829	67ff2dda0cd7e88c4f78ba439d4aa31a	2207	Phobius	SIGNAL_PEPTIDE	Signal peptide region	1	19	-	T	26-08-2026	-	-	-	-
D_intermedium_KAN0046829	67ff2dda0cd7e88c4f78ba439d4aa31a	2207	SMART	SM00303	GPS_3	1874	1921	1.7E-4	T	26-08-2026	IPR000203	GPS motif	-	Reactome:R-CEL-373080|Reactome:R-CEL-6798695|Reactome:R-CEL-9619665|Reactome:R-DME-350368|Reactome:R-DME-350376|Reactome:R-DME-350379|Reactome:R-DME-350411|Reactome:R-DME-350480|Reactome:R-DME-373080|Reactome:R-DME-450728|Reactome:R-DME-6798695|Reactome:R-DME-9619665|Reactome:R-DRE-9619665|Reactome:R-HSA-373080|Reactome:R-HSA-5620916|Reactome:R-HSA-5683826|Reactome:R-HSA-6798695|Reactome:R-HSA-9619665|Reactome:R-MMU-373080|Reactome:R-MMU-5620916|Reactome:R-MMU-5683826|Reactome:R-MMU-6798695|Reactome:R-MMU-9619665|Reactome:R-RNO-373080|Reactome:R-RNO-5683826
D_intermedium_KAN0046829	67ff2dda0cd7e88c4f78ba439d4aa31a	2207	Phobius	CYTOPLASMIC_DOMAIN	Region of a membrane-bound protein predicted to be outside the membrane, in the cytoplasm.	1949	2207	-	T	26-08-2026	-	-	-	-
D_intermedium_KAN0046829	67ff2dda0cd7e88c4f78ba439d4aa31a	2207	SUPERFAMILY	SSF81296	E set domains	802	889	3.22E-11	T	26-08-2026	IPR014756	Immunoglobulin E-set	-	Reactome:R-BTA-1296041|Reactome:R-BTA-1296053|Reactome:R-BTA-1632852|Reactome:R-BTA-2514859|Reactome:R-BTA-350054|Reactome:R-BTA-380972|Reactome:R-BTA-418555|Reactome:R-BTA-432720|Reactome:R-BTA-432722|Reactome:R-BTA-456926|Reactome:R-BTA-5576886|Reactome:R-BTA-5624958|Reactome:R-BTA-5628897|Reactome:R-BTA-5635838|Reactome:R-BTA-5674135|Reactome:R-BTA-5689880|Reactome:R-BTA-6798695|Reactome:R-BTA-6804756|Reactome:R-BTA-8856825|Reactome:R-BTA-8856828|Reactome:R-BTA-8941856|Reactome:R-BTA-8964038|Reactome:R-BTA-9013148|Reactome:R-BTA-9013407|Reactome:R-BTA-9013408|Reactome:R-BTA-9648002|Reactome:R-BTA-9839389|Reactome:R-BTA-9931269|Reactome:R-BTA-9954716|Reactome:R-BTA-997272|Reactome:R-CEL-1296041|Reactome:R-CEL-1296053|Reactome:R-CEL-1296067|Reactome:R-CEL-264876|Reactome:R-CEL-416482|Reactome:R-CEL-416572|Reactome:R-CEL-416700|Reactome:R-CEL-432720|Reactome:R-CEL-432722|Reactome:R-CEL-456926|Reactome:R-CEL-5099900|Reactome:R-CEL-5576886|Reactome:R-CEL-5620916|Reactome:R-CEL-5624138|Reactome:R-CEL-5674135|Reactome:R-CEL-6798695|Reactome:R-CEL-72163|Reactome:R-CEL-72165|Reactome:R-CEL-844456|Reactome:R-CEL-8856825|Reactome:R-CEL-8856828|Reactome:R-CEL-8964038|Reactome:R-CEL-8980692|Reactome:R-CEL-9013148|Reactome:R-CEL-9013149|Reactome:R-CEL-9013407|Reactome:R-CEL-9013423|Reactome:R-CEL-913709|Reactome:R-CEL-9648002|Reactome:R-CEL-997272|Reactome:R-CFA-1296041|Reactome:R-CFA-1296053|Reactome:R-CFA-5576886|Reactome:R-CFA-5624958|Reactome:R-CFA-9648002|Reactome:R-CFA-997272|Reactome:R-DDI-3295583|Reactome:R-DDI-5213460|Reactome:R-DDI-5673000|Reactome:R-DDI-5674135|Reactome:R-DDI-5675221|Reactome:R-DDI-5675482|Reactome:R-DDI-6798695|Reactome:R-DDI-72163|Reactome:R-DDI-8964038|Reactome:R-DDI-9013149|Reactome:R-DDI-9013404|Reactome:R-DDI-9013423|Reactome:R-DDI-9954716|Reactome:R-DME-114608|Reactome:R-DME-1169091|Reactome:R-DME-1614517|Reactome:R-DME-1810476|Reactome:R-DME-202424|Reactome:R-DME-209394|Reactome:R-DME-209400|Reactome:R-DME-209406|Reactome:R-DME-209560|Reactome:R-DME-214399|Reactome:R-DME-214411|Reactome:R-DME-214416|Reactome:R-DME-214842|Reactome:R-DME-214844|Reactome:R-DME-214869|Reactome:R-DME-264876|Reactome:R-DME-2871837|Reactome:R-DME-3134963|Reactome:R-DME-350054|Reactome:R-DME-416482|Reactome:R-DME-416572|Reactome:R-DME-416700|Reactome:R-DME-418555|Reactome:R-DME-432720|Reactome:R-DME-432722|Reactome:R-DME-445989|Reactome:R-DME-446353|Reactome:R-DME-4755510|Reactome:R-DME-5607761|Reactome:R-DME-5607764|Reactome:R-DME-5620916|Reactome:R-DME-5621575|Reactome:R-DME-5627123|Reactome:R-DME-5674135|Reactome:R-DME-5676590|Reactome:R-DME-5689880|Reactome:R-DME-6798695|Reactome:R-DME-72163|Reactome:R-DME-72165|Reactome:R-DME-8856825|Reactome:R-DME-8856828|Reactome:R-DME-9020702|Reactome:R-DME-913709|Reactome:R-DME-933542|Reactome:R-DME-9648002|Reactome:R-DME-977068|Reactome:R-DME-9839389|Reactome:R-DME-9860927|Reactome:R-DRE-399954|Reactome:R-DRE-399956|Reactome:R-DRE-5624138|Reactome:R-DRE-6798695|Reactome:R-DRE-8964038|Reactome:R-DRE-983168|Reactome:R-GGA-1227892|Reactome:R-GGA-1296041|Reactome:R-GGA-1296053|Reactome:R-GGA-434001|Reactome:R-GGA-434131|Reactome:R-GGA-5576886|Reactome:R-GGA-9954716|Reactome:R-GGA-997272|Reactome:R-HSA-112126|Reactome:R-HSA-114608|Reactome:R-HSA-1169091|Reactome:R-HSA-1169408|Reactome:R-HSA-1236974|Reactome:R-HSA-1257604|Reactome:R-HSA-1296025|Reactome:R-HSA-1296041|Reactome:R-HSA-1296053|Reactome:R-HSA-1296067|Reactome:R-HSA-140534|Reactome:R-HSA-140837|Reactome:R-HSA-140875|Reactome:R-HSA-1445148|Reactome:R-HSA-1474228|Reactome:R-HSA-1614517|Reactome:R-HSA-163125|Reactome:R-HSA-1632852|Reactome:R-HSA-163680|Reactome:R-HSA-166016|Reactome:R-HSA-166058|Reactome:R-HSA-166166|Reactome:R-HSA-1810476|Reactome:R-HSA-1912408|Reactome:R-HSA-193634|Reactome:R-HSA-193692|Reactome:R-HSA-200425|Reactome:R-HSA-202424|Reactome:R-HSA-2025928|Reactome:R-HSA-209560|Reactome:R-HSA-209563|Reactome:R-HSA-210744|Reactome:R-HSA-2122947|Reactome:R-HSA-2122948|Reactome:R-HSA-2151209|Reactome:R-HSA-2197563|Reactome:R-HSA-2219530|Reactome:R-HSA-2485179|Reactome:R-HSA-2514859|Reactome:R-HSA-2559582|Reactome:R-HSA-2562578|Reactome:R-HSA-2644606|Reactome:R-HSA-264876|Reactome:R-HSA-2871809|Reactome:R-HSA-2871837|Reactome:R-HSA-2894862|Reactome:R-HSA-3134963|Reactome:R-HSA-3214841|Reactome:R-HSA-3322077|Reactome:R-HSA-350054|Reactome:R-HSA-380972|Reactome:R-HSA-381340|Reactome:R-HSA-382556|Reactome:R-HSA-3878781|Reactome:R-HSA-399954|Reactome:R-HSA-399955|Reactome:R-HSA-399956|Reactome:R-HSA-4086398|Reactome:R-HSA-416482|Reactome:R-HSA-416550|Reactome:R-HSA-416572|Reactome:R-HSA-416700|Reactome:R-HSA-418555|Reactome:R-HSA-422356|Reactome:R-HSA-430116|Reactome:R-HSA-432720|Reactome:R-HSA-432722|Reactome:R-HSA-445989|Reactome:R-HSA-446353|Reactome:R-HSA-448706|Reactome:R-HSA-456926|Reactome:R-HSA-4755510|Reactome:R-HSA-5099900|Reactome:R-HSA-5223345|Reactome:R-HSA-5576886|Reactome:R-HSA-5578775|Reactome:R-HSA-5602498|Reactome:R-HSA-5603029|Reactome:R-HSA-5603041|Reactome:R-HSA-5607761|Reactome:R-HSA-5607763|Reactome:R-HSA-5607764|Reactome:R-HSA-5620916|Reactome:R-HSA-5621575|Reactome:R-HSA-5624138|Reactome:R-HSA-5624958|Reactome:R-HSA-5627123|Reactome:R-HSA-5628897|Reactome:R-HSA-5635838|Reactome:R-HSA-5660668|Reactome:R-HSA-5673001|Reactome:R-HSA-5674135|Reactome:R-HSA-5676590|Reactome:R-HSA-5678420|Reactome:R-HSA-5683177|Reactome:R-HSA-5684264|Reactome:R-HSA-5686938|Reactome:R-HSA-5689880|Reactome:R-HSA-6785807|Reactome:R-HSA-6798695|Reactome:R-HSA-6802946|Reactome:R-HSA-6802948|Reactome:R-HSA-6802952|Reactome:R-HSA-6802955|Reactome:R-HSA-6804756|Reactome:R-HSA-6806942|Reactome:R-HSA-6807004|Reactome:R-HSA-6809371|Reactome:R-HSA-6811558|Reactome:R-HSA-72163|Reactome:R-HSA-72165|Reactome:R-HSA-844456|Reactome:R-HSA-877300|Reactome:R-HSA-8851805|Reactome:R-HSA-8851907|Reactome:R-HSA-8852405|Reactome:R-HSA-8853884|Reactome:R-HSA-8856825|Reactome:R-HSA-8856828|Reactome:R-HSA-8865999|Reactome:R-HSA-8874081|Reactome:R-HSA-8875360|Reactome:R-HSA-8875513|Reactome:R-HSA-8875555|Reactome:R-HSA-8875656|Reactome:R-HSA-8875791|Reactome:R-HSA-8876493|Reactome:R-HSA-8877330|Reactome:R-HSA-8941856|Reactome:R-HSA-8963896|Reactome:R-HSA-8964038|Reactome:R-HSA-8980692|Reactome:R-HSA-8983711|Reactome:R-HSA-9013026|Reactome:R-HSA-9013106|Reactome:R-HSA-9013148|Reactome:R-HSA-9013149|Reactome:R-HSA-9013404|Reactome:R-HSA-9013405|Reactome:R-HSA-9013407|Reactome:R-HSA-9013408|Reactome:R-HSA-9013423|Reactome:R-HSA-9013508|Reactome:R-HSA-9013695|Reactome:R-HSA-9020702|Reactome:R-HSA-9022699|Reactome:R-HSA-933542|Reactome:R-HSA-936964|Reactome:R-HSA-937041|Reactome:R-HSA-937072|Reactome:R-HSA-9609690|Reactome:R-HSA-9613354|Reactome:R-HSA-9615017|Reactome:R-HSA-9617629|Reactome:R-HSA-9619483|Reactome:R-HSA-9638334|Reactome:R-HSA-9648002|Reactome:R-HSA-9649948|Reactome:R-HSA-9656223|Reactome:R-HSA-9660826|Reactome:R-HSA-9692916|Reactome:R-HSA-9696270|Reactome:R-HSA-9696273|Reactome:R-HSA-9707564|Reactome:R-HSA-9707616|Reactome:R-HSA-9729555|Reactome:R-HSA-9734091|Reactome:R-HSA-975163|Reactome:R-HSA-9752946|Reactome:R-HSA-9793380|Reactome:R-HSA-9818749|Reactome:R-HSA-9820960|Reactome:R-HSA-9824272|Reactome:R-HSA-9824878|Reactome:R-HSA-9825892|Reactome:R-HSA-983168|Reactome:R-HSA-9833110|Reactome:R-HSA-9839389|Reactome:R-HSA-9844594|Reactome:R-HSA-9860927|Reactome:R-HSA-9909649|Reactome:R-HSA-9918432|Reactome:R-HSA-9918476|Reactome:R-HSA-9918481|Reactome:R-HSA-9918485|Reactome:R-HSA-9918487|Reactome:R-HSA-9920588|Reactome:R-HSA-9920951|Reactome:R-HSA-9931269|Reactome:R-HSA-9942503|Reactome:R-HSA-9954716|Reactome:R-HSA-997272|Reactome:R-MMU-114608|Reactome:R-MMU-1169091|Reactome:R-MMU-1169408|Reactome:R-MMU-1257604|Reactome:R-MMU-1296025|Reactome:R-MMU-1296041|Reactome:R-MMU-1296053|Reactome:R-MMU-1296067|Reactome:R-MMU-140534|Reactome:R-MMU-140837|Reactome:R-MMU-140875|Reactome:R-MMU-1474228|Reactome:R-MMU-1614517|Reactome:R-MMU-163125|Reactome:R-MMU-1632852|Reactome:R-MMU-163680|Reactome:R-MMU-166016|Reactome:R-MMU-166166|Reactome:R-MMU-1810476|Reactome:R-MMU-193634|Reactome:R-MMU-193692|Reactome:R-MMU-200425|Reactome:R-MMU-202424|Reactome:R-MMU-2025928|Reactome:R-MMU-209560|Reactome:R-MMU-209563|Reactome:R-MMU-2122947|Reactome:R-MMU-2514859|Reactome:R-MMU-2562578|Reactome:R-MMU-264876|Reactome:R-MMU-2871809|Reactome:R-MMU-2871837|Reactome:R-MMU-3134963|Reactome:R-MMU-3214841|Reactome:R-MMU-3322077|Reactome:R-MMU-350054|Reactome:R-MMU-380972|Reactome:R-MMU-382556|Reactome:R-MMU-399954|Reactome:R-MMU-399955|Reactome:R-MMU-399956|Reactome:R-MMU-4086398|Reactome:R-MMU-416482|Reactome:R-MMU-416550|Reactome:R-MMU-416572|Reactome:R-MMU-416700|Reactome:R-MMU-418555|Reactome:R-MMU-422356|Reactome:R-MMU-430116|Reactome:R-MMU-432720|Reactome:R-MMU-432722|Reactome:R-MMU-445989|Reactome:R-MMU-446353|Reactome:R-MMU-448706|Reactome:R-MMU-456926|Reactome:R-MMU-4755510|Reactome:R-MMU-5099900|Reactome:R-MMU-5223345|Reactome:R-MMU-5576886|Reactome:R-MMU-5578775|Reactome:R-MMU-5607761|Reactome:R-MMU-5607763|Reactome:R-MMU-5607764|Reactome:R-MMU-5620916|Reactome:R-MMU-5621575|Reactome:R-MMU-5624138|Reactome:R-MMU-5624958|Reactome:R-MMU-5627123|Reactome:R-MMU-5628897|Reactome:R-MMU-5635838|Reactome:R-MMU-5673001|Reactome:R-MMU-5674135|Reactome:R-MMU-5676590|Reactome:R-MMU-5684264|Reactome:R-MMU-5686938|Reactome:R-MMU-5689880|Reactome:R-MMU-6798695|Reactome:R-MMU-6804756|Reactome:R-MMU-6806942|Reactome:R-MMU-6807004|Reactome:R-MMU-6809371|Reactome:R-MMU-6811558|Reactome:R-MMU-72163|Reactome:R-MMU-72165|Reactome:R-MMU-844456|Reactome:R-MMU-8851805|Reactome:R-MMU-8851907|Reactome:R-MMU-8852405|Reactome:R-MMU-8856825|Reactome:R-MMU-8856828|Reactome:R-MMU-8865999|Reactome:R-MMU-8874081|Reactome:R-MMU-8875513|Reactome:R-MMU-8875555|Reactome:R-MMU-8875656|Reactome:R-MMU-8875791|Reactome:R-MMU-8941856|Reactome:R-MMU-8963896|Reactome:R-MMU-8964038|Reactome:R-MMU-8980692|Reactome:R-MMU-9013026|Reactome:R-MMU-9013106|Reactome:R-MMU-9013148|Reactome:R-MMU-9013149|Reactome:R-MMU-9013404|Reactome:R-MMU-9013407|Reactome:R-MMU-9013408|Reactome:R-MMU-9013423|Reactome:R-MMU-9020702|Reactome:R-MMU-933542|Reactome:R-MMU-936964|Reactome:R-MMU-937041|Reactome:R-MMU-937072|Reactome:R-MMU-9648002|Reactome:R-MMU-9696270|Reactome:R-MMU-9696273|Reactome:R-MMU-9707616|Reactome:R-MMU-9734091|Reactome:R-MMU-975163|Reactome:R-MMU-9824878|Reactome:R-MMU-983168|Reactome:R-MMU-9839389|Reactome:R-MMU-9860927|Reactome:R-MMU-9931269|Reactome:R-MMU-9954716|Reactome:R-MMU-997272|Reactome:R-MTU-868688|Reactome:R-RNO-114608|Reactome:R-RNO-1169091|Reactome:R-RNO-1257604|Reactome:R-RNO-1296025|Reactome:R-RNO-1296041|Reactome:R-RNO-1296053|Reactome:R-RNO-1296067|Reactome:R-RNO-140837|Reactome:R-RNO-140875|Reactome:R-RNO-1474228|Reactome:R-RNO-1614517|Reactome:R-RNO-1632852|Reactome:R-RNO-163680|Reactome:R-RNO-1810476|Reactome:R-RNO-193634|Reactome:R-RNO-193692|Reactome:R-RNO-200425|Reactome:R-RNO-202424|Reactome:R-RNO-2025928|Reactome:R-RNO-209560|Reactome:R-RNO-209563|Reactome:R-RNO-2514859|Reactome:R-RNO-264876|Reactome:R-RNO-2871809|Reactome:R-RNO-2871837|Reactome:R-RNO-3134963|Reactome:R-RNO-3214841|Reactome:R-RNO-380972|Reactome:R-RNO-382556|Reactome:R-RNO-399954|Reactome:R-RNO-399955|Reactome:R-RNO-399956|Reactome:R-RNO-416550|Reactome:R-RNO-416700|Reactome:R-RNO-418555|Reactome:R-RNO-422356|Reactome:R-RNO-432720|Reactome:R-RNO-432722|Reactome:R-RNO-445989|Reactome:R-RNO-446353|Reactome:R-RNO-448706|Reactome:R-RNO-456926|Reactome:R-RNO-5099900|Reactome:R-RNO-5223345|Reactome:R-RNO-5576886|Reactome:R-RNO-5578775|Reactome:R-RNO-5607763|Reactome:R-RNO-5607764|Reactome:R-RNO-5620916|Reactome:R-RNO-5621575|Reactome:R-RNO-5628897|Reactome:R-RNO-5673001|Reactome:R-RNO-5674135|Reactome:R-RNO-5684264|Reactome:R-RNO-5689880|Reactome:R-RNO-6798695|Reactome:R-RNO-6804756|Reactome:R-RNO-6806942|Reactome:R-RNO-6807004|Reactome:R-RNO-6809371|Reactome:R-RNO-6811558|Reactome:R-RNO-72163|Reactome:R-RNO-72165|Reactome:R-RNO-844456|Reactome:R-RNO-8851805|Reactome:R-RNO-8851907|Reactome:R-RNO-8856825|Reactome:R-RNO-8856828|Reactome:R-RNO-8865999|Reactome:R-RNO-8874081|Reactome:R-RNO-8875513|Reactome:R-RNO-8875555|Reactome:R-RNO-8875656|Reactome:R-RNO-8875791|Reactome:R-RNO-8963896|Reactome:R-RNO-8980692|Reactome:R-RNO-9013106|Reactome:R-RNO-9013148|Reactome:R-RNO-9013149|Reactome:R-RNO-9013404|Reactome:R-RNO-9013407|Reactome:R-RNO-9013408|Reactome:R-RNO-9020702|Reactome:R-RNO-933542|Reactome:R-RNO-9734091|Reactome:R-RNO-983168|Reactome:R-RNO-9839389|Reactome:R-RNO-9860927|Reactome:R-RNO-9931269|Reactome:R-RNO-9954716|Reactome:R-RNO-997272|Reactome:R-SCE-1632852|Reactome:R-SCE-163680|Reactome:R-SCE-200425|Reactome:R-SCE-3238698|Reactome:R-SCE-3322077|Reactome:R-SCE-380972|Reactome:R-SCE-6798695|Reactome:R-SCE-8948751|Reactome:R-SCE-8964038|Reactome:R-SCE-8980692|Reactome:R-SCE-9013106|Reactome:R-SCE-9013148|Reactome:R-SCE-9013149|Reactome:R-SCE-9013423|Reactome:R-SPO-1632852|Reactome:R-SPO-163680|Reactome:R-SPO-200425|Reactome:R-SPO-380972|Reactome:R-SPO-5628897|Reactome:R-SPO-6798695|Reactome:R-SPO-72163|Reactome:R-SPO-8964038|Reactome:R-SPO-8980692|Reactome:R-SPO-9013106|Reactome:R-SPO-9013148|Reactome:R-SSC-1257604|Reactome:R-SSC-1296041|Reactome:R-SSC-1296053|Reactome:R-SSC-416550|Reactome:R-SSC-5576886|Reactome:R-SSC-5673001|Reactome:R-SSC-6798695|Reactome:R-SSC-6806942|Reactome:R-SSC-6807004|Reactome:R-SSC-6811558|Reactome:R-SSC-844456|Reactome:R-SSC-8851805|Reactome:R-SSC-8851907|Reactome:R-SSC-8865999|Reactome:R-SSC-8874081|Reactome:R-SSC-8875513|Reactome:R-SSC-8875555|Reactome:R-SSC-8875656|Reactome:R-SSC-8875791|Reactome:R-SSC-8964038|Reactome:R-SSC-9734091|Reactome:R-SSC-997272
D_intermedium_KAN0046829	67ff2dda0cd7e88c4f78ba439d4aa31a	2207	Pfam	PF00535	Glycosyl transferase family 2	541	663	1.4E-20	T	26-08-2026	IPR001173	Glycosyltransferase 2-like	-	Reactome:R-BTA-6811436|Reactome:R-BTA-913709|Reactome:R-CEL-6811436|Reactome:R-CEL-913709|Reactome:R-DDI-162699|Reactome:R-DDI-480985|Reactome:R-DME-162699|Reactome:R-DME-190372|Reactome:R-DME-480985|Reactome:R-DME-6811436|Reactome:R-DME-913709|Reactome:R-DRE-913709|Reactome:R-HSA-162699|Reactome:R-HSA-190372|Reactome:R-HSA-446203|Reactome:R-HSA-4717374|Reactome:R-HSA-4719360|Reactome:R-HSA-4719377|Reactome:R-HSA-480985|Reactome:R-HSA-5083625|Reactome:R-HSA-5083636|Reactome:R-HSA-6811436|Reactome:R-HSA-9037629|Reactome:R-HSA-913709|Reactome:R-HSA-9683673|Reactome:R-HSA-9694719|Reactome:R-HSA-9840309|Reactome:R-HSA-9918432|Reactome:R-HSA-9931953|Reactome:R-MMU-162699|Reactome:R-MMU-190372|Reactome:R-MMU-2142845|Reactome:R-MMU-446203|Reactome:R-MMU-480985|Reactome:R-MMU-6811436|Reactome:R-MMU-9037629|Reactome:R-MMU-913709|Reactome:R-MMU-9840309|Reactome:R-RNO-6811436|Reactome:R-RNO-913709|Reactome:R-RNO-9840309|Reactome:R-SCE-480985|Reactome:R-SPO-162699|Reactome:R-SPO-480985|Reactome:R-SSC-162699|Reactome:R-XTR-913709
D_intermedium_KAN0046829	67ff2dda0cd7e88c4f78ba439d4aa31a	2207	Gene3D	G3DSA:3.40.50.2000	Glycogen Phosphorylase B;	320	504	3.2E-8	T	26-08-2026	-	-	-	-
D_intermedium_KAN0046829	67ff2dda0cd7e88c4f78ba439d4aa31a	2207	PANTHER	PTHR22916	GLYCOSYLTRANSFERASE	535	1967	7.6E-93	T	26-08-2026	-	-	-	-
D_intermedium_KAN0046829	67ff2dda0cd7e88c4f78ba439d4aa31a	2207	ProSiteProfiles	PS50221	GAIN-B domain profile.	1771	1923	15.053821	T	26-08-2026	IPR057244	GAIN, subdomain B	-	Reactome:R-CEL-373080|Reactome:R-CEL-6798695|Reactome:R-CEL-9619665|Reactome:R-DME-350368|Reactome:R-DME-350376|Reactome:R-DME-350379|Reactome:R-DME-350411|Reactome:R-DME-350480|Reactome:R-DME-373080|Reactome:R-DME-450728|Reactome:R-DME-6798695|Reactome:R-DME-9619665|Reactome:R-DRE-9619665|Reactome:R-HSA-373080|Reactome:R-HSA-5620916|Reactome:R-HSA-5683826|Reactome:R-HSA-6798695|Reactome:R-HSA-9619665|Reactome:R-MMU-373080|Reactome:R-MMU-5620916|Reactome:R-MMU-5683826|Reactome:R-MMU-6798695|Reactome:R-MMU-9619665|Reactome:R-RNO-373080|Reactome:R-RNO-5683826
D_intermedium_KAN0046829	67ff2dda0cd7e88c4f78ba439d4aa31a	2207	Pfam	PF00534	Glycosyl transferases group 1	325	490	0.0064	T	26-08-2026	IPR001296	Glycosyl transferase, family 1	GO:0016757(InterPro)	Reactome:R-DDI-446193|Reactome:R-HSA-162710|Reactome:R-HSA-446193|Reactome:R-HSA-4549349|Reactome:R-HSA-4549380|Reactome:R-HSA-4551295|Reactome:R-MMU-162710|Reactome:R-MMU-446193|Reactome:R-MTU-879299|Reactome:R-SCE-446193|Reactome:R-SPO-162710|Reactome:R-SPO-446193
D_intermedium_KAN0046829	67ff2dda0cd7e88c4f78ba439d4aa31a	2207	Pfam	PF01825	GAIN subdomain B	1777	1914	4.1E-10	T	26-08-2026	IPR000203	GPS motif	-	Reactome:R-CEL-373080|Reactome:R-CEL-6798695|Reactome:R-CEL-9619665|Reactome:R-DME-350368|Reactome:R-DME-350376|Reactome:R-DME-350379|Reactome:R-DME-350411|Reactome:R-DME-350480|Reactome:R-DME-373080|Reactome:R-DME-450728|Reactome:R-DME-6798695|Reactome:R-DME-9619665|Reactome:R-DRE-9619665|Reactome:R-HSA-373080|Reactome:R-HSA-5620916|Reactome:R-HSA-5683826|Reactome:R-HSA-6798695|Reactome:R-HSA-9619665|Reactome:R-MMU-373080|Reactome:R-MMU-5620916|Reactome:R-MMU-5683826|Reactome:R-MMU-6798695|Reactome:R-MMU-9619665|Reactome:R-RNO-373080|Reactome:R-RNO-5683826
D_intermedium_KAN0046829	67ff2dda0cd7e88c4f78ba439d4aa31a	2207	MobiDBLite	mobidb-lite	consensus disorder prediction	2144	2207	-	T	26-08-2026	-	-	-	-
D_intermedium_KAN0046829	67ff2dda0cd7e88c4f78ba439d4aa31a	2207	MobiDBLite	mobidb-lite	consensus disorder prediction	2090	2105	-	T	26-08-2026	-	-	-	-
D_intermedium_KAN0046829	67ff2dda0cd7e88c4f78ba439d4aa31a	2207	MobiDBLite	mobidb-lite	consensus disorder prediction	2071	2082	-	T	26-08-2026	-	-	-	-
D_intermedium_KAN0046829	67ff2dda0cd7e88c4f78ba439d4aa31a	2207	MobiDBLite	mobidb-lite	consensus disorder prediction	1963	2006	-	T	26-08-2026	-	-	-	-
D_intermedium_KAN0046829	67ff2dda0cd7e88c4f78ba439d4aa31a	2207	MobiDBLite	mobidb-lite	consensus disorder prediction	2163	2174	-	T	26-08-2026	-	-	-	-
D_intermedium_KAN0046829	67ff2dda0cd7e88c4f78ba439d4aa31a	2207	MobiDBLite	mobidb-lite	consensus disorder prediction	1953	2026	-	T	26-08-2026	-	-	-	-
D_intermedium_KAN0046829	67ff2dda0cd7e88c4f78ba439d4aa31a	2207	MobiDBLite	mobidb-lite	consensus disorder prediction	1953	1962	-	T	26-08-2026	-	-	-	-
D_intermedium_KAN0046829	67ff2dda0cd7e88c4f78ba439d4aa31a	2207	MobiDBLite	mobidb-lite	consensus disorder prediction	2184	2207	-	T	26-08-2026	-	-	-	-
D_intermedium_KAN0046829	67ff2dda0cd7e88c4f78ba439d4aa31a	2207	MobiDBLite	mobidb-lite	consensus disorder prediction	2062	2114	-	T	26-08-2026	-	-	-	-
D_intermedium_KAN0046829	67ff2dda0cd7e88c4f78ba439d4aa31a	2207	Pfam	PF02010	REJ domain	1120	1517	1.5E-67	T	26-08-2026	IPR002859	PKD/REJ-like domain	-	Reactome:R-HSA-5620916|Reactome:R-MMU-5620916
D_intermedium_KAN0046829	67ff2dda0cd7e88c4f78ba439d4aa31a	2207	Phobius	TRANSMEMBRANE	Region of a membrane-bound protein predicted to be embedded in the membrane.	1924	1948	-	T	26-08-2026	-	-	-	-
D_intermedium_KAN0046829	67ff2dda0cd7e88c4f78ba439d4aa31a	2207	Phobius	NON_CYTOPLASMIC_DOMAIN	Region of a membrane-bound protein predicted to be outside the membrane, in the extracellular region.	20	1923	-	T	26-08-2026	-	-	-	-
D_intermedium_KAN0046829	67ff2dda0cd7e88c4f78ba439d4aa31a	2207	Gene3D	G3DSA:2.60.40.10	Immunoglobulins	799	902	5.6E-17	T	26-08-2026	IPR013783	Immunoglobulin-like fold	-	Reactome:R-BTA-114608|Reactome:R-BTA-1236974|Reactome:R-BTA-1236977|Reactome:R-BTA-1257604|Reactome:R-BTA-1266695|Reactome:R-BTA-140834|Reactome:R-BTA-163125|Reactome:R-BTA-1632852|Reactome:R-BTA-1660661|Reactome:R-BTA-173736|Reactome:R-BTA-174577|Reactome:R-BTA-1971475|Reactome:R-BTA-198933|Reactome:R-BTA-2022870|Reactome:R-BTA-2022923|Reactome:R-BTA-2024101|Reactome:R-BTA-202424|Reactome:R-BTA-202427|Reactome:R-BTA-202430|Reactome:R-BTA-202433|Reactome:R-BTA-202733|Reactome:R-BTA-210993|Reactome:R-BTA-216083|Reactome:R-BTA-2173791|Reactome:R-BTA-2424491|Reactome:R-BTA-3000178|Reactome:R-BTA-350054|Reactome:R-BTA-375276|Reactome:R-BTA-380972|Reactome:R-BTA-381426|Reactome:R-BTA-388844|Reactome:R-BTA-389948|Reactome:R-BTA-418594|Reactome:R-BTA-420029|Reactome:R-BTA-445355|Reactome:R-BTA-5576892|Reactome:R-BTA-5627123|Reactome:R-BTA-5628897|Reactome:R-BTA-5673001|Reactome:R-BTA-5690714|Reactome:R-BTA-6785807|Reactome:R-BTA-6798695|Reactome:R-BTA-6804756|Reactome:R-BTA-6811558|Reactome:R-BTA-77387|Reactome:R-BTA-8849932|Reactome:R-BTA-8856825|Reactome:R-BTA-8856828|Reactome:R-BTA-8932505|Reactome:R-BTA-8941856|Reactome:R-BTA-8957275|Reactome:R-BTA-8980692|Reactome:R-BTA-8983432|Reactome:R-BTA-8985947|Reactome:R-BTA-9013106|Reactome:R-BTA-9013404|Reactome:R-BTA-9013408|Reactome:R-BTA-9020558|Reactome:R-BTA-9020958|Reactome:R-BTA-909733|Reactome:R-BTA-912526|Reactome:R-BTA-912694|Reactome:R-BTA-9609523|Reactome:R-BTA-977606|Reactome:R-BTA-983168|Reactome:R-BTA-983170|Reactome:R-BTA-983695|Reactome:R-BTA-9927354|Reactome:R-BTA-9931269|Reactome:R-CEL-1257604|Reactome:R-CEL-1433557|Reactome:R-CEL-1433559|Reactome:R-CEL-1474228|Reactome:R-CEL-186763|Reactome:R-CEL-186797|Reactome:R-CEL-190322|Reactome:R-CEL-190370|Reactome:R-CEL-190371|Reactome:R-CEL-190372|Reactome:R-CEL-190373|Reactome:R-CEL-190375|Reactome:R-CEL-190377|Reactome:R-CEL-1971475|Reactome:R-CEL-2022928|Reactome:R-CEL-2024096|Reactome:R-CEL-209968|Reactome:R-CEL-210991|Reactome:R-CEL-216083|Reactome:R-CEL-2243919|Reactome:R-CEL-264876|Reactome:R-CEL-2682334|Reactome:R-CEL-3000171|Reactome:R-CEL-3000178|Reactome:R-CEL-373752|Reactome:R-CEL-373753|Reactome:R-CEL-375165|Reactome:R-CEL-376176|Reactome:R-CEL-388844|Reactome:R-CEL-3928662|Reactome:R-CEL-3928663|Reactome:R-CEL-3928664|Reactome:R-CEL-3928665|Reactome:R-CEL-399955|Reactome:R-CEL-399956|Reactome:R-CEL-416482|Reactome:R-CEL-416572|Reactome:R-CEL-416700|Reactome:R-CEL-418885|Reactome:R-CEL-419037|Reactome:R-CEL-428542|Reactome:R-CEL-433692|Reactome:R-CEL-4420097|Reactome:R-CEL-445144|Reactome:R-CEL-447043|Reactome:R-CEL-5140745|Reactome:R-CEL-5218920|Reactome:R-CEL-525793|Reactome:R-CEL-5620916|Reactome:R-CEL-5654219|Reactome:R-CEL-5654221|Reactome:R-CEL-5654227|Reactome:R-CEL-5654228|Reactome:R-CEL-5654689|Reactome:R-CEL-5654693|Reactome:R-CEL-5654695|Reactome:R-CEL-5654699|Reactome:R-CEL-5654700|Reactome:R-CEL-5654704|Reactome:R-CEL-5654706|Reactome:R-CEL-5654710|Reactome:R-CEL-5654712|Reactome:R-CEL-5654720|Reactome:R-CEL-5654726|Reactome:R-CEL-5654727|Reactome:R-CEL-5654732|Reactome:R-CEL-5654733|Reactome:R-CEL-5673001|Reactome:R-CEL-6798695|Reactome:R-CEL-6809371|Reactome:R-CEL-6811558|Reactome:R-CEL-77387|Reactome:R-CEL-8849932|Reactome:R-CEL-8853383|Reactome:R-CEL-8863795|Reactome:R-CEL-8941413|Reactome:R-CEL-9013149|Reactome:R-CEL-9013420|Reactome:R-CEL-9013423|Reactome:R-CEL-9013424|Reactome:R-CEL-913709|Reactome:R-CEL-9607240|Reactome:R-CEL-9749641|Reactome:R-CEL-9764561|Reactome:R-CEL-9772755|Reactome:R-CEL-9913351|Reactome:R-CFA-1257604|Reactome:R-CFA-1433557|Reactome:R-CFA-1433559|Reactome:R-CFA-198933|Reactome:R-CFA-2024096|Reactome:R-CFA-2024101|Reactome:R-CFA-202424|Reactome:R-CFA-202427|Reactome:R-CFA-202430|Reactome:R-CFA-202433|Reactome:R-CFA-216083|Reactome:R-CFA-389948|Reactome:R-CFA-5673001|Reactome:R-CFA-5690714|Reactome:R-CFA-6785807|Reactome:R-CFA-6788467|Reactome:R-CFA-6811558|Reactome:R-CFA-8932504|Reactome:R-CFA-8932505|Reactome:R-CFA-8932506|Reactome:R-CFA-9010553|Reactome:R-CFA-983170|Reactome:R-CFA-983695|Reactome:R-CFA-9856649|Reactome:R-CFA-9913351|Reactome:R-CFA-9927354|Reactome:R-CFA-9939291|Reactome:R-DDI-3295583|Reactome:R-DDI-5213460|Reactome:R-DDI-5673000|Reactome:R-DDI-5674135|Reactome:R-DDI-5675221|Reactome:R-DDI-5675482|Reactome:R-DME-109704|Reactome:R-DME-110478|Reactome:R-DME-114608|Reactome:R-DME-1169091|Reactome:R-DME-1227986|Reactome:R-DME-1236394|Reactome:R-DME-1250196|Reactome:R-DME-1250342|Reactome:R-DME-1250347|Reactome:R-DME-1257604|Reactome:R-DME-1307965|Reactome:R-DME-1358803|Reactome:R-DME-1474228|Reactome:R-DME-1810476|Reactome:R-DME-190322|Reactome:R-DME-190370|Reactome:R-DME-190371|Reactome:R-DME-190372|Reactome:R-DME-190373|Reactome:R-DME-190374|Reactome:R-DME-190375|Reactome:R-DME-190377|Reactome:R-DME-1963640|Reactome:R-DME-1963642|Reactome:R-DME-1971475|Reactome:R-DME-2022928|Reactome:R-DME-2024096|Reactome:R-DME-2024101|Reactome:R-DME-202424|Reactome:R-DME-202733|Reactome:R-DME-209209|Reactome:R-DME-209228|Reactome:R-DME-209338|Reactome:R-DME-209394|Reactome:R-DME-209400|Reactome:R-DME-209406|Reactome:R-DME-209560|Reactome:R-DME-209968|Reactome:R-DME-210688|Reactome:R-DME-210991|Reactome:R-DME-214399|Reactome:R-DME-214411|Reactome:R-DME-214416|Reactome:R-DME-214842|Reactome:R-DME-214844|Reactome:R-DME-214869|Reactome:R-DME-216083|Reactome:R-DME-264876|Reactome:R-DME-2871837|Reactome:R-DME-3000171|Reactome:R-DME-3000178|Reactome:R-DME-3134963|Reactome:R-DME-3214847|Reactome:R-DME-350054|Reactome:R-DME-373080|Reactome:R-DME-373752|Reactome:R-DME-373753|Reactome:R-DME-375165|Reactome:R-DME-376172|Reactome:R-DME-388844|Reactome:R-DME-416482|Reactome:R-DME-416572|Reactome:R-DME-416700|Reactome:R-DME-418990|Reactome:R-DME-419037|Reactome:R-DME-420597|Reactome:R-DME-428542|Reactome:R-DME-433692|Reactome:R-DME-445144|Reactome:R-DME-445989|Reactome:R-DME-446353|Reactome:R-DME-447043|Reactome:R-DME-4755510|Reactome:R-DME-5607761|Reactome:R-DME-5607764|Reactome:R-DME-5620916|Reactome:R-DME-5621575|Reactome:R-DME-5627123|Reactome:R-DME-5654219|Reactome:R-DME-5654221|Reactome:R-DME-5654227|Reactome:R-DME-5654228|Reactome:R-DME-5654687|Reactome:R-DME-5654688|Reactome:R-DME-5654689|Reactome:R-DME-5654693|Reactome:R-DME-5654695|Reactome:R-DME-5654699|Reactome:R-DME-5654700|Reactome:R-DME-5654704|Reactome:R-DME-5654706|Reactome:R-DME-5654710|Reactome:R-DME-5654712|Reactome:R-DME-5654719|Reactome:R-DME-5654720|Reactome:R-DME-5654726|Reactome:R-DME-5654727|Reactome:R-DME-5654732|Reactome:R-DME-5654733|Reactome:R-DME-5658623|Reactome:R-DME-5673001|Reactome:R-DME-5676590|Reactome:R-DME-5689603|Reactome:R-DME-6785631|Reactome:R-DME-6798695|Reactome:R-DME-6807878|Reactome:R-DME-6811558|Reactome:R-DME-77387|Reactome:R-DME-8849932|Reactome:R-DME-8863795|Reactome:R-DME-8941413|Reactome:R-DME-9009391|Reactome:R-DME-9020702|Reactome:R-DME-913709|Reactome:R-DME-933542|Reactome:R-DME-9749641|Reactome:R-DME-977068|Reactome:R-DME-9772755|Reactome:R-DME-983168|Reactome:R-DME-9860927|Reactome:R-DME-9913351|Reactome:R-DRE-109704|Reactome:R-DRE-1257604|Reactome:R-DRE-1300645|Reactome:R-DRE-1307965|Reactome:R-DRE-1433557|Reactome:R-DRE-1433559|Reactome:R-DRE-186763|Reactome:R-DRE-186797|Reactome:R-DRE-190322|Reactome:R-DRE-190370|Reactome:R-DRE-190371|Reactome:R-DRE-190372|Reactome:R-DRE-190373|Reactome:R-DRE-190374|Reactome:R-DRE-190375|Reactome:R-DRE-190377|Reactome:R-DRE-193648|Reactome:R-DRE-194306|Reactome:R-DRE-195399|Reactome:R-DRE-198933|Reactome:R-DRE-202733|Reactome:R-DRE-210993|Reactome:R-DRE-2132295|Reactome:R-DRE-216083|Reactome:R-DRE-2682334|Reactome:R-DRE-3214841|Reactome:R-DRE-381426|Reactome:R-DRE-388844|Reactome:R-DRE-3928662|Reactome:R-DRE-3928663|Reactome:R-DRE-3928664|Reactome:R-DRE-3928665|Reactome:R-DRE-399954|Reactome:R-DRE-399956|Reactome:R-DRE-416476|Reactome:R-DRE-416482|Reactome:R-DRE-416550|Reactome:R-DRE-416572|Reactome:R-DRE-418990|Reactome:R-DRE-420597|Reactome:R-DRE-4420097|Reactome:R-DRE-449836|Reactome:R-DRE-5218921|Reactome:R-DRE-5654219|Reactome:R-DRE-5654221|Reactome:R-DRE-5654227|Reactome:R-DRE-5654228|Reactome:R-DRE-5654687|Reactome:R-DRE-5654688|Reactome:R-DRE-5654689|Reactome:R-DRE-5654693|Reactome:R-DRE-5654695|Reactome:R-DRE-5654699|Reactome:R-DRE-5654700|Reactome:R-DRE-5654704|Reactome:R-DRE-5654706|Reactome:R-DRE-5654710|Reactome:R-DRE-5654712|Reactome:R-DRE-5654719|Reactome:R-DRE-5654720|Reactome:R-DRE-5654726|Reactome:R-DRE-5654727|Reactome:R-DRE-5654732|Reactome:R-DRE-5654733|Reactome:R-DRE-5673001|Reactome:R-DRE-6811558|Reactome:R-DRE-8849932|Reactome:R-DRE-8932505|Reactome:R-DRE-8957275|Reactome:R-DRE-8980692|Reactome:R-DRE-9007892|Reactome:R-DRE-9013148|Reactome:R-DRE-9013149|Reactome:R-DRE-9013404|Reactome:R-DRE-9013408|Reactome:R-DRE-9013409|Reactome:R-DRE-9013423|Reactome:R-DRE-983168|Reactome:R-DRE-9843940|Reactome:R-DRE-9843970|Reactome:R-DRE-9856649|Reactome:R-GGA-114608|Reactome:R-GGA-1227892|Reactome:R-GGA-1227986|Reactome:R-GGA-1236394|Reactome:R-GGA-1236974|Reactome:R-GGA-1236977|Reactome:R-GGA-1250196|Reactome:R-GGA-1250342|Reactome:R-GGA-1250347|Reactome:R-GGA-1257604|Reactome:R-GGA-1306955|Reactome:R-GGA-1358803|Reactome:R-GGA-1433557|Reactome:R-GGA-1433559|Reactome:R-GGA-1474228|Reactome:R-GGA-1566977|Reactome:R-GGA-163125|Reactome:R-GGA-190373|Reactome:R-GGA-193634|Reactome:R-GGA-1963640|Reactome:R-GGA-1963642|Reactome:R-GGA-198933|Reactome:R-GGA-202733|Reactome:R-GGA-210991|Reactome:R-GGA-2129379|Reactome:R-GGA-2132263|Reactome:R-GGA-2132286|Reactome:R-GGA-216083|Reactome:R-GGA-3000170|Reactome:R-GGA-3000178|Reactome:R-GGA-3214841|Reactome:R-GGA-354192|Reactome:R-GGA-354194|Reactome:R-GGA-372708|Reactome:R-GGA-373920|Reactome:R-GGA-381426|Reactome:R-GGA-388844|Reactome:R-GGA-433692|Reactome:R-GGA-434001|Reactome:R-GGA-434131|Reactome:R-GGA-449836|Reactome:R-GGA-5654726|Reactome:R-GGA-5673001|Reactome:R-GGA-5674135|Reactome:R-GGA-6785631|Reactome:R-GGA-6798695|Reactome:R-GGA-6811558|Reactome:R-GGA-8854691|Reactome:R-GGA-8863795|Reactome:R-GGA-8932505|Reactome:R-GGA-8957275|Reactome:R-GGA-9634597|Reactome:R-GGA-9749641|Reactome:R-GGA-983170|Reactome:R-GGA-9843940|Reactome:R-GGA-9843970|Reactome:R-GGA-9856649|Reactome:R-GGA-9860927|Reactome:R-HSA-1059683|Reactome:R-HSA-109704|Reactome:R-HSA-110056|Reactome:R-HSA-112411|Reactome:R-HSA-114604|Reactome:R-HSA-114608|Reactome:R-HSA-1169091|Reactome:R-HSA-1169408|Reactome:R-HSA-1170546|Reactome:R-HSA-1227986|Reactome:R-HSA-1236394|Reactome:R-HSA-1236974|Reactome:R-HSA-1236977|Reactome:R-HSA-1236978|Reactome:R-HSA-1250196|Reactome:R-HSA-1250342|Reactome:R-HSA-1250347|Reactome:R-HSA-1251985|Reactome:R-HSA-1257604|Reactome:R-HSA-1266695|Reactome:R-HSA-1300645|Reactome:R-HSA-1306955|Reactome:R-HSA-1307965|Reactome:R-HSA-1358803|Reactome:R-HSA-140834|Reactome:R-HSA-140837|Reactome:R-HSA-140875|Reactome:R-HSA-1433557|Reactome:R-HSA-1433559|Reactome:R-HSA-1442490|Reactome:R-HSA-1445148|Reactome:R-HSA-1462054|Reactome:R-HSA-1474228|Reactome:R-HSA-1483115|Reactome:R-HSA-1483152|Reactome:R-HSA-1566977|Reactome:R-HSA-163125|Reactome:R-HSA-1632852|Reactome:R-HSA-163680|Reactome:R-HSA-164939|Reactome:R-HSA-164940|Reactome:R-HSA-1650814|Reactome:R-HSA-1660499|Reactome:R-HSA-1660514|Reactome:R-HSA-166058|Reactome:R-HSA-1660661|Reactome:R-HSA-166663|Reactome:R-HSA-166665|Reactome:R-HSA-167021|Reactome:R-HSA-167044|Reactome:R-HSA-167590|Reactome:R-HSA-170968|Reactome:R-HSA-170984|Reactome:R-HSA-173107|Reactome:R-HSA-173623|Reactome:R-HSA-173736|Reactome:R-HSA-174577|Reactome:R-HSA-177504|Reactome:R-HSA-177929|Reactome:R-HSA-180534|Reactome:R-HSA-1810476|Reactome:R-HSA-181429|Reactome:R-HSA-181430|Reactome:R-HSA-182218|Reactome:R-HSA-182971|Reactome:R-HSA-1839120|Reactome:R-HSA-1839122|Reactome:R-HSA-1839128|Reactome:R-HSA-1839130|Reactome:R-HSA-1855183|Reactome:R-HSA-1855204|Reactome:R-HSA-186763|Reactome:R-HSA-186797|Reactome:R-HSA-187024|Reactome:R-HSA-187042|Reactome:R-HSA-187706|Reactome:R-HSA-190322|Reactome:R-HSA-190370|Reactome:R-HSA-190371|Reactome:R-HSA-190372|Reactome:R-HSA-190373|Reactome:R-HSA-190374|Reactome:R-HSA-190375|Reactome:R-HSA-190377|Reactome:R-HSA-1912408|Reactome:R-HSA-193634|Reactome:R-HSA-193648|Reactome:R-HSA-193692|Reactome:R-HSA-194306|Reactome:R-HSA-195399|Reactome:R-HSA-196108|Reactome:R-HSA-1963640|Reactome:R-HSA-1963642|Reactome:R-HSA-1971475|Reactome:R-HSA-198203|Reactome:R-HSA-198745|Reactome:R-HSA-198933|Reactome:R-HSA-200425|Reactome:R-HSA-2022090|Reactome:R-HSA-2022854|Reactome:R-HSA-2022857|Reactome:R-HSA-2022870|Reactome:R-HSA-2022923|Reactome:R-HSA-2022928|Reactome:R-HSA-2023837|Reactome:R-HSA-2024096|Reactome:R-HSA-2024101|Reactome:R-HSA-202424|Reactome:R-HSA-202427|Reactome:R-HSA-202430|Reactome:R-HSA-202433|Reactome:R-HSA-2025928|Reactome:R-HSA-202733|Reactome:R-HSA-2029481|Reactome:R-HSA-2029482|Reactome:R-HSA-2029485|Reactome:R-HSA-2033515|Reactome:R-HSA-2033519|Reactome:R-HSA-204005|Reactome:R-HSA-209560|Reactome:R-HSA-210500|Reactome:R-HSA-210744|Reactome:R-HSA-210990|Reactome:R-HSA-210991|Reactome:R-HSA-210993|Reactome:R-HSA-2122947|Reactome:R-HSA-2122948|Reactome:R-HSA-212676|Reactome:R-HSA-2129379|Reactome:R-HSA-2132295|Reactome:R-HSA-2151201|Reactome:R-HSA-2151209|Reactome:R-HSA-216083|Reactome:R-HSA-2160916|Reactome:R-HSA-2168880|Reactome:R-HSA-2172127|Reactome:R-HSA-2173791|Reactome:R-HSA-2197563|Reactome:R-HSA-2206292|Reactome:R-HSA-2206302|Reactome:R-HSA-2214320|Reactome:R-HSA-2219530|Reactome:R-HSA-2243919|Reactome:R-HSA-2404192|Reactome:R-HSA-2424491|Reactome:R-HSA-2428928|Reactome:R-HSA-2428933|Reactome:R-HSA-2454202|Reactome:R-HSA-2559582|Reactome:R-HSA-2565942|Reactome:R-HSA-2586552|Reactome:R-HSA-2644606|Reactome:R-HSA-264642|Reactome:R-HSA-264876|Reactome:R-HSA-2672351|Reactome:R-HSA-2682334|Reactome:R-HSA-2730905|Reactome:R-HSA-2871796|Reactome:R-HSA-2871809|Reactome:R-HSA-2871837|Reactome:R-HSA-2892247|Reactome:R-HSA-2894862|Reactome:R-HSA-2979096|Reactome:R-HSA-3000157|Reactome:R-HSA-3000170|Reactome:R-HSA-3000171|Reactome:R-HSA-3000178|Reactome:R-HSA-3134963|Reactome:R-HSA-3214841|Reactome:R-HSA-3214847|Reactome:R-HSA-3322077|Reactome:R-HSA-350054|Reactome:R-HSA-354192|Reactome:R-HSA-354194|Reactome:R-HSA-3560783|Reactome:R-HSA-3560801|Reactome:R-HSA-3595172|Reactome:R-HSA-3595174|Reactome:R-HSA-3595177|Reactome:R-HSA-3656225|Reactome:R-HSA-3656237|Reactome:R-HSA-3656243|Reactome:R-HSA-3656244|Reactome:R-HSA-3656253|Reactome:R-HSA-372708|Reactome:R-HSA-373752|Reactome:R-HSA-373753|Reactome:R-HSA-373756|Reactome:R-HSA-373760|Reactome:R-HSA-375165|Reactome:R-HSA-375276|Reactome:R-HSA-376172|Reactome:R-HSA-376176|Reactome:R-HSA-3785653|Reactome:R-HSA-380259|Reactome:R-HSA-380270|Reactome:R-HSA-380284|Reactome:R-HSA-380320|Reactome:R-HSA-380972|Reactome:R-HSA-381340|Reactome:R-HSA-381426|Reactome:R-HSA-3878781|Reactome:R-HSA-388844|Reactome:R-HSA-389356|Reactome:R-HSA-389357|Reactome:R-HSA-389359|Reactome:R-HSA-389513|Reactome:R-HSA-389948|Reactome:R-HSA-390522|Reactome:R-HSA-391160|Reactome:R-HSA-3928662|Reactome:R-HSA-3928663|Reactome:R-HSA-3928664|Reactome:R-HSA-3928665|Reactome:R-HSA-399954|Reactome:R-HSA-399955|Reactome:R-HSA-399956|Reactome:R-HSA-4086398|Reactome:R-HSA-4086400|Reactome:R-HSA-416476|Reactome:R-HSA-416482|Reactome:R-HSA-416550|Reactome:R-HSA-416572|Reactome:R-HSA-416700|Reactome:R-HSA-418594|Reactome:R-HSA-418885|Reactome:R-HSA-418886|Reactome:R-HSA-418889|Reactome:R-HSA-418890|Reactome:R-HSA-418990|Reactome:R-HSA-419037|Reactome:R-HSA-420029|Reactome:R-HSA-420597|Reactome:R-HSA-428540|Reactome:R-HSA-428542|Reactome:R-HSA-428543|Reactome:R-HSA-428890|Reactome:R-HSA-430116|Reactome:R-HSA-432142|Reactome:R-HSA-432722|Reactome:R-HSA-433692|Reactome:R-HSA-437239|Reactome:R-HSA-4420097|Reactome:R-HSA-4420332|Reactome:R-HSA-445095|Reactome:R-HSA-445144|Reactome:R-HSA-445355|Reactome:R-HSA-445989|Reactome:R-HSA-446107|Reactome:R-HSA-446353|Reactome:R-HSA-447038|Reactome:R-HSA-447041|Reactome:R-HSA-447043|Reactome:R-HSA-448706|Reactome:R-HSA-449836|Reactome:R-HSA-451927|Reactome:R-HSA-4755510|Reactome:R-HSA-5083628|Reactome:R-HSA-5083629|Reactome:R-HSA-5083633|Reactome:R-HSA-5083635|Reactome:R-HSA-512988|Reactome:R-HSA-5140745|Reactome:R-HSA-5173214|Reactome:R-HSA-5218921|Reactome:R-HSA-5223345|Reactome:R-HSA-525793|Reactome:R-HSA-5576892|Reactome:R-HSA-5603029|Reactome:R-HSA-5607761|Reactome:R-HSA-5607763|Reactome:R-HSA-5607764|Reactome:R-HSA-5619070|Reactome:R-HSA-5620912|Reactome:R-HSA-5620916|Reactome:R-HSA-5621575|Reactome:R-HSA-5627123|Reactome:R-HSA-5628897|Reactome:R-HSA-5632681|Reactome:R-HSA-5635838|Reactome:R-HSA-5654219|Reactome:R-HSA-5654221|Reactome:R-HSA-5654227|Reactome:R-HSA-5654228|Reactome:R-HSA-5654687|Reactome:R-HSA-5654688|Reactome:R-HSA-5654689|Reactome:R-HSA-5654693|Reactome:R-HSA-5654695|Reactome:R-HSA-5654699|Reactome:R-HSA-5654700|Reactome:R-HSA-5654704|Reactome:R-HSA-5654706|Reactome:R-HSA-5654710|Reactome:R-HSA-5654712|Reactome:R-HSA-5654719|Reactome:R-HSA-5654720|Reactome:R-HSA-5654726|Reactome:R-HSA-5654727|Reactome:R-HSA-5654732|Reactome:R-HSA-5654733|Reactome:R-HSA-5655253|Reactome:R-HSA-5655291|Reactome:R-HSA-5655302|Reactome:R-HSA-5655332|Reactome:R-HSA-5658623|Reactome:R-HSA-5660668|Reactome:R-HSA-5673001|Reactome:R-HSA-5674135|Reactome:R-HSA-5676590|Reactome:R-HSA-5683826|Reactome:R-HSA-5684264|Reactome:R-HSA-5687128|Reactome:R-HSA-5688849|Reactome:R-HSA-5688890|Reactome:R-HSA-5689603|Reactome:R-HSA-5690714|Reactome:R-HSA-5694530|Reactome:R-HSA-6783783|Reactome:R-HSA-6785631|Reactome:R-HSA-6785807|Reactome:R-HSA-6788467|Reactome:R-HSA-6798695|Reactome:R-HSA-6802946|Reactome:R-HSA-6802948|Reactome:R-HSA-6802952|Reactome:R-HSA-6802955|Reactome:R-HSA-6804756|Reactome:R-HSA-6806942|Reactome:R-HSA-6807004|Reactome:R-HSA-6809371|Reactome:R-HSA-6811558|Reactome:R-HSA-74713|Reactome:R-HSA-74749|Reactome:R-HSA-74751|Reactome:R-HSA-74752|Reactome:R-HSA-75892|Reactome:R-HSA-76009|Reactome:R-HSA-77387|Reactome:R-HSA-844456|Reactome:R-HSA-877300|Reactome:R-HSA-877312|Reactome:R-HSA-879415|Reactome:R-HSA-8847993|Reactome:R-HSA-8849932|Reactome:R-HSA-8851680|Reactome:R-HSA-8851708|Reactome:R-HSA-8851805|Reactome:R-HSA-8851907|Reactome:R-HSA-8852405|Reactome:R-HSA-8853333|Reactome:R-HSA-8853334|Reactome:R-HSA-8853336|Reactome:R-HSA-8853383|Reactome:R-HSA-8853884|Reactome:R-HSA-8854518|Reactome:R-HSA-8854691|Reactome:R-HSA-8856825|Reactome:R-HSA-8856828|Reactome:R-HSA-8857538|Reactome:R-HSA-8863795|Reactome:R-HSA-8865999|Reactome:R-HSA-8866654|Reactome:R-HSA-8866910|Reactome:R-HSA-8874081|Reactome:R-HSA-8875360|Reactome:R-HSA-8875513|Reactome:R-HSA-8875555|Reactome:R-HSA-8875656|Reactome:R-HSA-8875791|Reactome:R-HSA-8877330|Reactome:R-HSA-8932504|Reactome:R-HSA-8932505|Reactome:R-HSA-8932506|Reactome:R-HSA-8939247|Reactome:R-HSA-8941856|Reactome:R-HSA-8948216|Reactome:R-HSA-8951664|Reactome:R-HSA-8957275|Reactome:R-HSA-8963896|Reactome:R-HSA-8964038|Reactome:R-HSA-8964046|Reactome:R-HSA-8980692|Reactome:R-HSA-8983432|Reactome:R-HSA-8983711|Reactome:R-HSA-8984722|Reactome:R-HSA-8985586|Reactome:R-HSA-8985801|Reactome:R-HSA-8985947|Reactome:R-HSA-9006335|Reactome:R-HSA-9007892|Reactome:R-HSA-9008059|Reactome:R-HSA-9009391|Reactome:R-HSA-9010553|Reactome:R-HSA-9010642|Reactome:R-HSA-9012546|Reactome:R-HSA-9013026|Reactome:R-HSA-9013106|Reactome:R-HSA-9013148|Reactome:R-HSA-9013149|Reactome:R-HSA-9013404|Reactome:R-HSA-9013405|Reactome:R-HSA-9013406|Reactome:R-HSA-9013408|Reactome:R-HSA-9013409|Reactome:R-HSA-9013420|Reactome:R-HSA-9013423|Reactome:R-HSA-9013424|Reactome:R-HSA-9013508|Reactome:R-HSA-9013695|Reactome:R-HSA-9014826|Reactome:R-HSA-9014843|Reactome:R-HSA-9020558|Reactome:R-HSA-9020591|Reactome:R-HSA-9020702|Reactome:R-HSA-9020933|Reactome:R-HSA-9020956|Reactome:R-HSA-9020958|Reactome:R-HSA-9022699|Reactome:R-HSA-9024909|Reactome:R-HSA-9025046|Reactome:R-HSA-9026357|Reactome:R-HSA-9026519|Reactome:R-HSA-9026527|Reactome:R-HSA-9027276|Reactome:R-HSA-9027277|Reactome:R-HSA-9027283|Reactome:R-HSA-9027284|Reactome:R-HSA-9028335|Reactome:R-HSA-9028731|Reactome:R-HSA-9031628|Reactome:R-HSA-9032500|Reactome:R-HSA-9032759|Reactome:R-HSA-9032845|Reactome:R-HSA-9034013|Reactome:R-HSA-9034015|Reactome:R-HSA-9034793|Reactome:R-HSA-9034864|Reactome:R-HSA-9035034|Reactome:R-HSA-909733|Reactome:R-HSA-912526|Reactome:R-HSA-912694|Reactome:R-HSA-917977|Reactome:R-HSA-933542|Reactome:R-HSA-9603381|Reactome:R-HSA-9603505|Reactome:R-HSA-9607240|Reactome:R-HSA-9609523|Reactome:R-HSA-9609690|Reactome:R-HSA-9610379|Reactome:R-HSA-9613354|Reactome:R-HSA-9615017|Reactome:R-HSA-9616222|Reactome:R-HSA-9619483|Reactome:R-HSA-9619665|Reactome:R-HSA-9620244|Reactome:R-HSA-9634597|Reactome:R-HSA-9637628|Reactome:R-HSA-9638334|Reactome:R-HSA-9638630|Reactome:R-HSA-9645135|Reactome:R-HSA-9649948|Reactome:R-HSA-9656223|Reactome:R-HSA-9660826|Reactome:R-HSA-9664323|Reactome:R-HSA-9664422|Reactome:R-HSA-9664565|Reactome:R-HSA-9664873|Reactome:R-HSA-9665686|Reactome:R-HSA-9669914|Reactome:R-HSA-9669917|Reactome:R-HSA-9669921|Reactome:R-HSA-9669924|Reactome:R-HSA-9669926|Reactome:R-HSA-9669929|Reactome:R-HSA-9669933|Reactome:R-HSA-9669934|Reactome:R-HSA-9669935|Reactome:R-HSA-9669936|Reactome:R-HSA-9670439|Reactome:R-HSA-9673767|Reactome:R-HSA-9673768|Reactome:R-HSA-9673770|Reactome:R-HSA-9674396|Reactome:R-HSA-9674401|Reactome:R-HSA-9674403|Reactome:R-HSA-9674404|Reactome:R-HSA-9674428|Reactome:R-HSA-9674555|Reactome:R-HSA-9679191|Reactome:R-HSA-9680187|Reactome:R-HSA-9680350|Reactome:R-HSA-9692916|Reactome:R-HSA-9694614|Reactome:R-HSA-9696264|Reactome:R-HSA-9696270|Reactome:R-HSA-9696273|Reactome:R-HSA-9700645|Reactome:R-HSA-9701898|Reactome:R-HSA-9702509|Reactome:R-HSA-9702518|Reactome:R-HSA-9702569|Reactome:R-HSA-9702577|Reactome:R-HSA-9702581|Reactome:R-HSA-9702590|Reactome:R-HSA-9702596|Reactome:R-HSA-9702600|Reactome:R-HSA-9702605|Reactome:R-HSA-9702614|Reactome:R-HSA-9702620|Reactome:R-HSA-9702624|Reactome:R-HSA-9702632|Reactome:R-HSA-9702636|Reactome:R-HSA-9702998|Reactome:R-HSA-9703009|Reactome:R-HSA-9703648|Reactome:R-HSA-9705462|Reactome:R-HSA-9705671|Reactome:R-HSA-9706369|Reactome:R-HSA-9706374|Reactome:R-HSA-9706377|Reactome:R-HSA-9717207|Reactome:R-HSA-9725370|Reactome:R-HSA-9725371|Reactome:R-HSA-9725554|Reactome:R-HSA-9732724|Reactome:R-HSA-9734091|Reactome:R-HSA-9749641|Reactome:R-HSA-9752946|Reactome:R-HSA-975634|Reactome:R-HSA-9758919|Reactome:R-HSA-977225|Reactome:R-HSA-9772755|Reactome:R-HSA-977443|Reactome:R-HSA-977606|Reactome:R-HSA-9793380|Reactome:R-HSA-9818749|Reactome:R-HSA-9820960|Reactome:R-HSA-9824272|Reactome:R-HSA-9824585|Reactome:R-HSA-9825892|Reactome:R-HSA-982772|Reactome:R-HSA-9830674|Reactome:R-HSA-983168|Reactome:R-HSA-983170|Reactome:R-HSA-9833109|Reactome:R-HSA-9833110|Reactome:R-HSA-983695|Reactome:R-HSA-9843940|Reactome:R-HSA-9843970|Reactome:R-HSA-9844594|Reactome:R-HSA-9851151|Reactome:R-HSA-9854909|Reactome:R-HSA-9856530|Reactome:R-HSA-9856532|Reactome:R-HSA-9856649|Reactome:R-HSA-9860927|Reactome:R-HSA-9909620|Reactome:R-HSA-9909649|Reactome:R-HSA-9913351|Reactome:R-HSA-9918481|Reactome:R-HSA-9918485|Reactome:R-HSA-9920588|Reactome:R-HSA-9925563|Reactome:R-HSA-9926550|Reactome:R-HSA-9927353|Reactome:R-HSA-9927354|Reactome:R-HSA-9927418|Reactome:R-HSA-9927426|Reactome:R-HSA-9929356|Reactome:R-HSA-9929491|Reactome:R-HSA-9931269|Reactome:R-HSA-9931295|Reactome:R-HSA-9939291|Reactome:R-HSA-9942503|Reactome:R-HSA-9953038|Reactome:R-HSA-9953080|Reactome:R-MMU-1059683|Reactome:R-MMU-109704|Reactome:R-MMU-110056|Reactome:R-MMU-112411|Reactome:R-MMU-114604|Reactome:R-MMU-114608|Reactome:R-MMU-1169091|Reactome:R-MMU-1169408|Reactome:R-MMU-1170546|Reactome:R-MMU-1227986|Reactome:R-MMU-1236394|Reactome:R-MMU-1236974|Reactome:R-MMU-1236977|Reactome:R-MMU-1236978|Reactome:R-MMU-1250196|Reactome:R-MMU-1250342|Reactome:R-MMU-1250347|Reactome:R-MMU-1257604|Reactome:R-MMU-1266695|Reactome:R-MMU-1306955|Reactome:R-MMU-1307965|Reactome:R-MMU-1358803|Reactome:R-MMU-140834|Reactome:R-MMU-140837|Reactome:R-MMU-140875|Reactome:R-MMU-1433557|Reactome:R-MMU-1433559|Reactome:R-MMU-1442490|Reactome:R-MMU-1462054|Reactome:R-MMU-1474228|Reactome:R-MMU-1566977|Reactome:R-MMU-163125|Reactome:R-MMU-1632852|Reactome:R-MMU-163680|Reactome:R-MMU-1650814|Reactome:R-MMU-1660499|Reactome:R-MMU-1660514|Reactome:R-MMU-166663|Reactome:R-MMU-166665|Reactome:R-MMU-170968|Reactome:R-MMU-170984|Reactome:R-MMU-173623|Reactome:R-MMU-173736|Reactome:R-MMU-174577|Reactome:R-MMU-177504|Reactome:R-MMU-177929|Reactome:R-MMU-1810476|Reactome:R-MMU-181429|Reactome:R-MMU-181430|Reactome:R-MMU-182971|Reactome:R-MMU-1855183|Reactome:R-MMU-1855204|Reactome:R-MMU-186763|Reactome:R-MMU-186797|Reactome:R-MMU-187042|Reactome:R-MMU-190322|Reactome:R-MMU-190370|Reactome:R-MMU-190371|Reactome:R-MMU-190372|Reactome:R-MMU-190373|Reactome:R-MMU-190374|Reactome:R-MMU-190375|Reactome:R-MMU-190377|Reactome:R-MMU-193634|Reactome:R-MMU-193648|Reactome:R-MMU-193692|Reactome:R-MMU-194306|Reactome:R-MMU-195399|Reactome:R-MMU-196108|Reactome:R-MMU-1963640|Reactome:R-MMU-1963642|Reactome:R-MMU-1971475|Reactome:R-MMU-198203|Reactome:R-MMU-198933|Reactome:R-MMU-200425|Reactome:R-MMU-2022854|Reactome:R-MMU-2022857|Reactome:R-MMU-2022870|Reactome:R-MMU-2022923|Reactome:R-MMU-2024096|Reactome:R-MMU-2024101|Reactome:R-MMU-202424|Reactome:R-MMU-202427|Reactome:R-MMU-202430|Reactome:R-MMU-202433|Reactome:R-MMU-2025928|Reactome:R-MMU-202733|Reactome:R-MMU-2029481|Reactome:R-MMU-2029482|Reactome:R-MMU-2029485|Reactome:R-MMU-204005|Reactome:R-MMU-209560|Reactome:R-MMU-210500|Reactome:R-MMU-210990|Reactome:R-MMU-210991|Reactome:R-MMU-210993|Reactome:R-MMU-2122947|Reactome:R-MMU-212676|Reactome:R-MMU-2129379|Reactome:R-MMU-2132295|Reactome:R-MMU-216083|Reactome:R-MMU-2160916|Reactome:R-MMU-2168880|Reactome:R-MMU-2172127|Reactome:R-MMU-2173791|Reactome:R-MMU-2214320|Reactome:R-MMU-2243919|Reactome:R-MMU-2404192|Reactome:R-MMU-2424491|Reactome:R-MMU-2428928|Reactome:R-MMU-2428933|Reactome:R-MMU-2454202|Reactome:R-MMU-264642|Reactome:R-MMU-264876|Reactome:R-MMU-2672351|Reactome:R-MMU-2682334|Reactome:R-MMU-2730905|Reactome:R-MMU-2871796|Reactome:R-MMU-2871809|Reactome:R-MMU-2871837|Reactome:R-MMU-3000170|Reactome:R-MMU-3000178|Reactome:R-MMU-3134963|Reactome:R-MMU-3214841|Reactome:R-MMU-3214847|Reactome:R-MMU-3322077|Reactome:R-MMU-350054|Reactome:R-MMU-354192|Reactome:R-MMU-354194|Reactome:R-MMU-372708|Reactome:R-MMU-373752|Reactome:R-MMU-373753|Reactome:R-MMU-373756|Reactome:R-MMU-373760|Reactome:R-MMU-375165|Reactome:R-MMU-375276|Reactome:R-MMU-376172|Reactome:R-MMU-376176|Reactome:R-MMU-380972|Reactome:R-MMU-381426|Reactome:R-MMU-388844|Reactome:R-MMU-389356|Reactome:R-MMU-389357|Reactome:R-MMU-389359|Reactome:R-MMU-389513|Reactome:R-MMU-389948|Reactome:R-MMU-390522|Reactome:R-MMU-391160|Reactome:R-MMU-3928662|Reactome:R-MMU-3928663|Reactome:R-MMU-3928664|Reactome:R-MMU-3928665|Reactome:R-MMU-399954|Reactome:R-MMU-399955|Reactome:R-MMU-399956|Reactome:R-MMU-4086398|Reactome:R-MMU-416476|Reactome:R-MMU-416482|Reactome:R-MMU-416550|Reactome:R-MMU-416572|Reactome:R-MMU-416700|Reactome:R-MMU-418594|Reactome:R-MMU-418885|Reactome:R-MMU-418889|Reactome:R-MMU-418990|Reactome:R-MMU-419037|Reactome:R-MMU-420029|Reactome:R-MMU-420597|Reactome:R-MMU-428890|Reactome:R-MMU-430116|Reactome:R-MMU-432142|Reactome:R-MMU-432722|Reactome:R-MMU-433692|Reactome:R-MMU-437239|Reactome:R-MMU-4420097|Reactome:R-MMU-445095|Reactome:R-MMU-445144|Reactome:R-MMU-445355|Reactome:R-MMU-445989|Reactome:R-MMU-446107|Reactome:R-MMU-446353|Reactome:R-MMU-447043|Reactome:R-MMU-448706|Reactome:R-MMU-449836|Reactome:R-MMU-4755510|Reactome:R-MMU-512988|Reactome:R-MMU-5140745|Reactome:R-MMU-5173214|Reactome:R-MMU-5218921|Reactome:R-MMU-5223345|Reactome:R-MMU-525793|Reactome:R-MMU-5607761|Reactome:R-MMU-5607763|Reactome:R-MMU-5607764|Reactome:R-MMU-5620916|Reactome:R-MMU-5621575|Reactome:R-MMU-5627123|Reactome:R-MMU-5628897|Reactome:R-MMU-5632681|Reactome:R-MMU-5635838|Reactome:R-MMU-5654219|Reactome:R-MMU-5654221|Reactome:R-MMU-5654227|Reactome:R-MMU-5654228|Reactome:R-MMU-5654687|Reactome:R-MMU-5654688|Reactome:R-MMU-5654689|Reactome:R-MMU-5654693|Reactome:R-MMU-5654695|Reactome:R-MMU-5654699|Reactome:R-MMU-5654700|Reactome:R-MMU-5654704|Reactome:R-MMU-5654706|Reactome:R-MMU-5654710|Reactome:R-MMU-5654712|Reactome:R-MMU-5654719|Reactome:R-MMU-5654720|Reactome:R-MMU-5654726|Reactome:R-MMU-5654727|Reactome:R-MMU-5654732|Reactome:R-MMU-5654733|Reactome:R-MMU-5658623|Reactome:R-MMU-5660668|Reactome:R-MMU-5673001|Reactome:R-MMU-5674135|Reactome:R-MMU-5676590|Reactome:R-MMU-5683826|Reactome:R-MMU-5684264|Reactome:R-MMU-5687128|Reactome:R-MMU-5689603|Reactome:R-MMU-5690714|Reactome:R-MMU-5694530|Reactome:R-MMU-6783783|Reactome:R-MMU-6785631|Reactome:R-MMU-6785807|Reactome:R-MMU-6788467|Reactome:R-MMU-6798695|Reactome:R-MMU-6804756|Reactome:R-MMU-6806942|Reactome:R-MMU-6807004|Reactome:R-MMU-6809371|Reactome:R-MMU-6811558|Reactome:R-MMU-74713|Reactome:R-MMU-74749|Reactome:R-MMU-74751|Reactome:R-MMU-74752|Reactome:R-MMU-75892|Reactome:R-MMU-77387|Reactome:R-MMU-877300|Reactome:R-MMU-877312|Reactome:R-MMU-879415|Reactome:R-MMU-8847993|Reactome:R-MMU-8849932|Reactome:R-MMU-8851680|Reactome:R-MMU-8851805|Reactome:R-MMU-8851907|Reactome:R-MMU-8852405|Reactome:R-MMU-8853383|Reactome:R-MMU-8854691|Reactome:R-MMU-8856825|Reactome:R-MMU-8856828|Reactome:R-MMU-8857538|Reactome:R-MMU-8863795|Reactome:R-MMU-8865999|Reactome:R-MMU-8874081|Reactome:R-MMU-8875513|Reactome:R-MMU-8875555|Reactome:R-MMU-8875656|Reactome:R-MMU-8875791|Reactome:R-MMU-8932504|Reactome:R-MMU-8932505|Reactome:R-MMU-8932506|Reactome:R-MMU-8941856|Reactome:R-MMU-8948216|Reactome:R-MMU-8957275|Reactome:R-MMU-8963896|Reactome:R-MMU-8980692|Reactome:R-MMU-8983432|Reactome:R-MMU-8984722|Reactome:R-MMU-8985586|Reactome:R-MMU-8985947|Reactome:R-MMU-9006335|Reactome:R-MMU-9007892|Reactome:R-MMU-9009391|Reactome:R-MMU-9010553|Reactome:R-MMU-9012546|Reactome:R-MMU-9013026|Reactome:R-MMU-9013106|Reactome:R-MMU-9013148|Reactome:R-MMU-9013149|Reactome:R-MMU-9013404|Reactome:R-MMU-9013406|Reactome:R-MMU-9013408|Reactome:R-MMU-9013409|Reactome:R-MMU-9013420|Reactome:R-MMU-9013423|Reactome:R-MMU-9013424|Reactome:R-MMU-9014826|Reactome:R-MMU-9014843|Reactome:R-MMU-9020558|Reactome:R-MMU-9020591|Reactome:R-MMU-9020702|Reactome:R-MMU-9020933|Reactome:R-MMU-9020956|Reactome:R-MMU-9020958|Reactome:R-MMU-9026527|Reactome:R-MMU-9027276|Reactome:R-MMU-9027284|Reactome:R-MMU-9028731|Reactome:R-MMU-9032759|Reactome:R-MMU-9034013|Reactome:R-MMU-9034793|Reactome:R-MMU-9035034|Reactome:R-MMU-909733|Reactome:R-MMU-912526|Reactome:R-MMU-912694|Reactome:R-MMU-917977|Reactome:R-MMU-933542|Reactome:R-MMU-9603381|Reactome:R-MMU-9607240|Reactome:R-MMU-9609523|Reactome:R-MMU-9634597|Reactome:R-MMU-9664873|Reactome:R-MMU-9696264|Reactome:R-MMU-9696270|Reactome:R-MMU-9696273|Reactome:R-MMU-9706369|Reactome:R-MMU-9706374|Reactome:R-MMU-9732724|Reactome:R-MMU-9734091|Reactome:R-MMU-9749641|Reactome:R-MMU-9772755|Reactome:R-MMU-977606|Reactome:R-MMU-982772|Reactome:R-MMU-983168|Reactome:R-MMU-983170|Reactome:R-MMU-983695|Reactome:R-MMU-9843940|Reactome:R-MMU-9851151|Reactome:R-MMU-9856649|Reactome:R-MMU-9860927|Reactome:R-MMU-9913351|Reactome:R-MMU-9927353|Reactome:R-MMU-9927354|Reactome:R-MMU-9929356|Reactome:R-MMU-9929491|Reactome:R-MMU-9931269|Reactome:R-MMU-9931295|Reactome:R-MMU-9939291|Reactome:R-MTU-868688|Reactome:R-RNO-1059683|Reactome:R-RNO-109704|Reactome:R-RNO-110056|Reactome:R-RNO-112411|Reactome:R-RNO-114608|Reactome:R-RNO-1169091|Reactome:R-RNO-1170546|Reactome:R-RNO-1227986|Reactome:R-RNO-1236394|Reactome:R-RNO-1236974|Reactome:R-RNO-1236977|Reactome:R-RNO-1250196|Reactome:R-RNO-1250342|Reactome:R-RNO-1250347|Reactome:R-RNO-1257604|Reactome:R-RNO-1306955|Reactome:R-RNO-1307965|Reactome:R-RNO-1358803|Reactome:R-RNO-140834|Reactome:R-RNO-140837|Reactome:R-RNO-140875|Reactome:R-RNO-1462054|Reactome:R-RNO-1474228|Reactome:R-RNO-1566977|Reactome:R-RNO-163125|Reactome:R-RNO-1632852|Reactome:R-RNO-163680|Reactome:R-RNO-1660499|Reactome:R-RNO-1660514|Reactome:R-RNO-166663|Reactome:R-RNO-166665|Reactome:R-RNO-170968|Reactome:R-RNO-170984|Reactome:R-RNO-173623|Reactome:R-RNO-173736|Reactome:R-RNO-174577|Reactome:R-RNO-177504|Reactome:R-RNO-1810476|Reactome:R-RNO-181429|Reactome:R-RNO-181430|Reactome:R-RNO-1855183|Reactome:R-RNO-1855204|Reactome:R-RNO-186763|Reactome:R-RNO-186797|Reactome:R-RNO-187042|Reactome:R-RNO-190322|Reactome:R-RNO-190370|Reactome:R-RNO-190373|Reactome:R-RNO-190374|Reactome:R-RNO-193634|Reactome:R-RNO-193648|Reactome:R-RNO-193692|Reactome:R-RNO-194306|Reactome:R-RNO-195399|Reactome:R-RNO-196108|Reactome:R-RNO-1963640|Reactome:R-RNO-1963642|Reactome:R-RNO-1971475|Reactome:R-RNO-198203|Reactome:R-RNO-198933|Reactome:R-RNO-200425|Reactome:R-RNO-2022854|Reactome:R-RNO-2022857|Reactome:R-RNO-2022870|Reactome:R-RNO-2022923|Reactome:R-RNO-2024101|Reactome:R-RNO-202424|Reactome:R-RNO-202427|Reactome:R-RNO-202430|Reactome:R-RNO-202433|Reactome:R-RNO-2025928|Reactome:R-RNO-202733|Reactome:R-RNO-2029481|Reactome:R-RNO-2029482|Reactome:R-RNO-2029485|Reactome:R-RNO-209560|Reactome:R-RNO-210500|Reactome:R-RNO-210990|Reactome:R-RNO-210991|Reactome:R-RNO-212676|Reactome:R-RNO-2129379|Reactome:R-RNO-2132295|Reactome:R-RNO-216083|Reactome:R-RNO-2160916|Reactome:R-RNO-2172127|Reactome:R-RNO-2173791|Reactome:R-RNO-2404192|Reactome:R-RNO-2424491|Reactome:R-RNO-2428928|Reactome:R-RNO-2428933|Reactome:R-RNO-2454202|Reactome:R-RNO-264642|Reactome:R-RNO-264876|Reactome:R-RNO-2682334|Reactome:R-RNO-2730905|Reactome:R-RNO-2871796|Reactome:R-RNO-2871809|Reactome:R-RNO-2871837|Reactome:R-RNO-3000170|Reactome:R-RNO-3000178|Reactome:R-RNO-3134963|Reactome:R-RNO-3214841|Reactome:R-RNO-3214847|Reactome:R-RNO-354192|Reactome:R-RNO-354194|Reactome:R-RNO-372708|Reactome:R-RNO-373752|Reactome:R-RNO-373753|Reactome:R-RNO-373760|Reactome:R-RNO-375165|Reactome:R-RNO-375276|Reactome:R-RNO-376172|Reactome:R-RNO-380972|Reactome:R-RNO-381426|Reactome:R-RNO-388844|Reactome:R-RNO-389356|Reactome:R-RNO-389357|Reactome:R-RNO-389359|Reactome:R-RNO-389948|Reactome:R-RNO-390522|Reactome:R-RNO-391160|Reactome:R-RNO-3928662|Reactome:R-RNO-3928663|Reactome:R-RNO-3928664|Reactome:R-RNO-3928665|Reactome:R-RNO-399954|Reactome:R-RNO-399955|Reactome:R-RNO-399956|Reactome:R-RNO-416476|Reactome:R-RNO-416482|Reactome:R-RNO-416550|Reactome:R-RNO-416700|Reactome:R-RNO-418594|Reactome:R-RNO-418885|Reactome:R-RNO-418889|Reactome:R-RNO-418990|Reactome:R-RNO-419037|Reactome:R-RNO-420029|Reactome:R-RNO-420597|Reactome:R-RNO-432142|Reactome:R-RNO-432722|Reactome:R-RNO-433692|Reactome:R-RNO-437239|Reactome:R-RNO-4420097|Reactome:R-RNO-445095|Reactome:R-RNO-445144|Reactome:R-RNO-445989|Reactome:R-RNO-446107|Reactome:R-RNO-446353|Reactome:R-RNO-447043|Reactome:R-RNO-448706|Reactome:R-RNO-449836|Reactome:R-RNO-5218921|Reactome:R-RNO-5223345|Reactome:R-RNO-525793|Reactome:R-RNO-5607763|Reactome:R-RNO-5607764|Reactome:R-RNO-5620916|Reactome:R-RNO-5621575|Reactome:R-RNO-5628897|Reactome:R-RNO-5632681|Reactome:R-RNO-5654219|Reactome:R-RNO-5654228|Reactome:R-RNO-5654687|Reactome:R-RNO-5654688|Reactome:R-RNO-5654689|Reactome:R-RNO-5654693|Reactome:R-RNO-5654712|Reactome:R-RNO-5654719|Reactome:R-RNO-5654720|Reactome:R-RNO-5654726|Reactome:R-RNO-5654733|Reactome:R-RNO-5658623|Reactome:R-RNO-5673001|Reactome:R-RNO-5674135|Reactome:R-RNO-5683826|Reactome:R-RNO-5684264|Reactome:R-RNO-5687128|Reactome:R-RNO-5689603|Reactome:R-RNO-6785631|Reactome:R-RNO-6785807|Reactome:R-RNO-6788467|Reactome:R-RNO-6798695|Reactome:R-RNO-6804756|Reactome:R-RNO-6806942|Reactome:R-RNO-6807004|Reactome:R-RNO-6809371|Reactome:R-RNO-6811558|Reactome:R-RNO-74713|Reactome:R-RNO-74749|Reactome:R-RNO-74751|Reactome:R-RNO-74752|Reactome:R-RNO-77387|Reactome:R-RNO-879415|Reactome:R-RNO-8847993|Reactome:R-RNO-8849932|Reactome:R-RNO-8851680|Reactome:R-RNO-8851805|Reactome:R-RNO-8851907|Reactome:R-RNO-8853383|Reactome:R-RNO-8854691|Reactome:R-RNO-8856825|Reactome:R-RNO-8856828|Reactome:R-RNO-8857538|Reactome:R-RNO-8863795|Reactome:R-RNO-8865999|Reactome:R-RNO-8874081|Reactome:R-RNO-8875513|Reactome:R-RNO-8875555|Reactome:R-RNO-8875656|Reactome:R-RNO-8875791|Reactome:R-RNO-8932505|Reactome:R-RNO-8951664|Reactome:R-RNO-8957275|Reactome:R-RNO-8963896|Reactome:R-RNO-8980692|Reactome:R-RNO-8983432|Reactome:R-RNO-8984722|Reactome:R-RNO-9006335|Reactome:R-RNO-9007892|Reactome:R-RNO-9009391|Reactome:R-RNO-9013026|Reactome:R-RNO-9013106|Reactome:R-RNO-9013148|Reactome:R-RNO-9013149|Reactome:R-RNO-9013404|Reactome:R-RNO-9013408|Reactome:R-RNO-9013409|Reactome:R-RNO-9013423|Reactome:R-RNO-9014826|Reactome:R-RNO-9014843|Reactome:R-RNO-9020558|Reactome:R-RNO-9020702|Reactome:R-RNO-9020956|Reactome:R-RNO-9026527|Reactome:R-RNO-9027276|Reactome:R-RNO-9027284|Reactome:R-RNO-9028731|Reactome:R-RNO-9032759|Reactome:R-RNO-9034013|Reactome:R-RNO-9034793|Reactome:R-RNO-9035034|Reactome:R-RNO-912526|Reactome:R-RNO-917977|Reactome:R-RNO-933542|Reactome:R-RNO-9603381|Reactome:R-RNO-9609523|Reactome:R-RNO-9634597|Reactome:R-RNO-9664873|Reactome:R-RNO-9734091|Reactome:R-RNO-9749641|Reactome:R-RNO-9772755|Reactome:R-RNO-977606|Reactome:R-RNO-982772|Reactome:R-RNO-983168|Reactome:R-RNO-983170|Reactome:R-RNO-9851151|Reactome:R-RNO-9860927|Reactome:R-RNO-9927353|Reactome:R-RNO-9927354|Reactome:R-RNO-9931269|Reactome:R-SCE-1632852|Reactome:R-SCE-163680|Reactome:R-SCE-200425|Reactome:R-SCE-3322077|Reactome:R-SCE-380972|Reactome:R-SCE-6798695|Reactome:R-SCE-8948751|Reactome:R-SCE-9013106|Reactome:R-SCE-9609523|Reactome:R-SPO-1632852|Reactome:R-SPO-163680|Reactome:R-SPO-200425|Reactome:R-SPO-380972|Reactome:R-SPO-5628897|Reactome:R-SPO-6798695|Reactome:R-SPO-9609523|Reactome:R-SPO-9664873|Reactome:R-SSC-114608|Reactome:R-SSC-1170546|Reactome:R-SSC-1236974|Reactome:R-SSC-1236977|Reactome:R-SSC-1257604|Reactome:R-SSC-1474228|Reactome:R-SSC-173623|Reactome:R-SSC-198933|Reactome:R-SSC-2022854|Reactome:R-SSC-2022857|Reactome:R-SSC-2024101|Reactome:R-SSC-202424|Reactome:R-SSC-202427|Reactome:R-SSC-202430|Reactome:R-SSC-202433|Reactome:R-SSC-202733|Reactome:R-SSC-2029481|Reactome:R-SSC-2029482|Reactome:R-SSC-2029485|Reactome:R-SSC-210990|Reactome:R-SSC-2132295|Reactome:R-SSC-216083|Reactome:R-SSC-2160916|Reactome:R-SSC-2168880|Reactome:R-SSC-2424491|Reactome:R-SSC-2454202|Reactome:R-SSC-2730905|Reactome:R-SSC-2871796|Reactome:R-SSC-2871809|Reactome:R-SSC-2871837|Reactome:R-SSC-3000178|Reactome:R-SSC-389948|Reactome:R-SSC-391160|Reactome:R-SSC-416550|Reactome:R-SSC-432142|Reactome:R-SSC-5673001|Reactome:R-SSC-5690714|Reactome:R-SSC-6798695|Reactome:R-SSC-6806942|Reactome:R-SSC-6807004|Reactome:R-SSC-6811558|Reactome:R-SSC-8851805|Reactome:R-SSC-8851907|Reactome:R-SSC-8856825|Reactome:R-SSC-8856828|Reactome:R-SSC-8865999|Reactome:R-SSC-8874081|Reactome:R-SSC-8875513|Reactome:R-SSC-8875555|Reactome:R-SSC-8875656|Reactome:R-SSC-8875791|Reactome:R-SSC-8980692|Reactome:R-SSC-9006335|Reactome:R-SSC-9013106|Reactome:R-SSC-9013404|Reactome:R-SSC-9013408|Reactome:R-SSC-9020591|Reactome:R-SSC-9020933|Reactome:R-SSC-9027276|Reactome:R-SSC-9027284|Reactome:R-SSC-9734091|Reactome:R-SSC-977606|Reactome:R-SSC-982772|Reactome:R-SSC-983170|Reactome:R-SSC-983695|Reactome:R-XTR-202433|Reactome:R-XTR-418990|Reactome:R-XTR-5654687
D_intermedium_KAN0046829	67ff2dda0cd7e88c4f78ba439d4aa31a	2207	SUPERFAMILY	SSF53448	Nucleotide-diphospho-sugar transferases	538	749	1.03E-42	T	26-08-2026	IPR029044	Nucleotide-diphospho-sugar transferases	-	Reactome:R-BTA-1650814|Reactome:R-BTA-173599|Reactome:R-BTA-2022854|Reactome:R-BTA-2022928|Reactome:R-BTA-2534343|Reactome:R-BTA-3322077|Reactome:R-BTA-4085001|Reactome:R-BTA-5653890|Reactome:R-BTA-6798695|Reactome:R-BTA-6811436|Reactome:R-BTA-913709|Reactome:R-BTA-975577|Reactome:R-CEL-1650814|Reactome:R-CEL-1971475|Reactome:R-CEL-2022928|Reactome:R-CEL-3322077|Reactome:R-CEL-446205|Reactome:R-CEL-446210|Reactome:R-CEL-6798695|Reactome:R-CEL-6811436|Reactome:R-CEL-70221|Reactome:R-CEL-72731|Reactome:R-CEL-913709|Reactome:R-CEL-964739|Reactome:R-CEL-975577|Reactome:R-CEL-9840309|Reactome:R-CFA-1971475|Reactome:R-DDI-162699|Reactome:R-DDI-173599|Reactome:R-DDI-3322077|Reactome:R-DDI-446205|Reactome:R-DDI-446210|Reactome:R-DDI-480985|Reactome:R-DDI-72731|Reactome:R-DME-162699|Reactome:R-DME-1650814|Reactome:R-DME-190372|Reactome:R-DME-1971475|Reactome:R-DME-2022854|Reactome:R-DME-2022928|Reactome:R-DME-446205|Reactome:R-DME-480985|Reactome:R-DME-6811436|Reactome:R-DME-9037629|Reactome:R-DME-913709|Reactome:R-DME-975577|Reactome:R-DME-9840309|Reactome:R-DRE-1650814|Reactome:R-DRE-2022854|Reactome:R-DRE-2022928|Reactome:R-DRE-4085001|Reactome:R-DRE-446205|Reactome:R-DRE-913709|Reactome:R-DRE-975577|Reactome:R-DRE-9840309|Reactome:R-DRE-9939291|Reactome:R-HSA-162699|Reactome:R-HSA-1650814|Reactome:R-HSA-173599|Reactome:R-HSA-190372|Reactome:R-HSA-1912420|Reactome:R-HSA-1971475|Reactome:R-HSA-2022854|Reactome:R-HSA-2022870|Reactome:R-HSA-2022928|Reactome:R-HSA-2142845|Reactome:R-HSA-2534343|Reactome:R-HSA-3322077|Reactome:R-HSA-3560783|Reactome:R-HSA-3560801|Reactome:R-HSA-3595177|Reactome:R-HSA-3656237|Reactome:R-HSA-3656244|Reactome:R-HSA-3656253|Reactome:R-HSA-3785653|Reactome:R-HSA-381038|Reactome:R-HSA-3814836|Reactome:R-HSA-3828062|Reactome:R-HSA-3858516|Reactome:R-HSA-3878781|Reactome:R-HSA-4085001|Reactome:R-HSA-446203|Reactome:R-HSA-446205|Reactome:R-HSA-446210|Reactome:R-HSA-4717374|Reactome:R-HSA-4719360|Reactome:R-HSA-4719377|Reactome:R-HSA-4793952|Reactome:R-HSA-4793953|Reactome:R-HSA-480985|Reactome:R-HSA-5083625|Reactome:R-HSA-5083627|Reactome:R-HSA-5083628|Reactome:R-HSA-5083635|Reactome:R-HSA-5083636|Reactome:R-HSA-5173214|Reactome:R-HSA-5357609|Reactome:R-HSA-5653890|Reactome:R-HSA-6798695|Reactome:R-HSA-6811436|Reactome:R-HSA-70221|Reactome:R-HSA-72731|Reactome:R-HSA-8932504|Reactome:R-HSA-8932506|Reactome:R-HSA-901032|Reactome:R-HSA-9033807|Reactome:R-HSA-9037629|Reactome:R-HSA-913709|Reactome:R-HSA-964739|Reactome:R-HSA-9683673|Reactome:R-HSA-9683686|Reactome:R-HSA-9694548|Reactome:R-HSA-9694719|Reactome:R-HSA-975577|Reactome:R-HSA-975578|Reactome:R-HSA-9840309|Reactome:R-HSA-9918432|Reactome:R-HSA-9926550|Reactome:R-HSA-9931953|Reactome:R-HSA-9939291|Reactome:R-MMU-162699|Reactome:R-MMU-1650814|Reactome:R-MMU-173599|Reactome:R-MMU-190372|Reactome:R-MMU-1971475|Reactome:R-MMU-2022854|Reactome:R-MMU-2022870|Reactome:R-MMU-2022928|Reactome:R-MMU-2142845|Reactome:R-MMU-2534343|Reactome:R-MMU-3322077|Reactome:R-MMU-4085001|Reactome:R-MMU-446203|Reactome:R-MMU-446205|Reactome:R-MMU-446210|Reactome:R-MMU-480985|Reactome:R-MMU-5173214|Reactome:R-MMU-5653890|Reactome:R-MMU-6798695|Reactome:R-MMU-6811436|Reactome:R-MMU-70221|Reactome:R-MMU-72731|Reactome:R-MMU-8932504|Reactome:R-MMU-8932506|Reactome:R-MMU-9033807|Reactome:R-MMU-9037629|Reactome:R-MMU-913709|Reactome:R-MMU-964739|Reactome:R-MMU-975577|Reactome:R-MMU-975578|Reactome:R-MMU-9840309|Reactome:R-MMU-9939291|Reactome:R-RNO-1650814|Reactome:R-RNO-2022854|Reactome:R-RNO-2142845|Reactome:R-RNO-3322077|Reactome:R-RNO-4085001|Reactome:R-RNO-446205|Reactome:R-RNO-6798695|Reactome:R-RNO-6811436|Reactome:R-RNO-70221|Reactome:R-RNO-72731|Reactome:R-RNO-8932504|Reactome:R-RNO-8932506|Reactome:R-RNO-9033807|Reactome:R-RNO-913709|Reactome:R-RNO-964739|Reactome:R-RNO-975577|Reactome:R-RNO-975578|Reactome:R-RNO-9840309|Reactome:R-RNO-9939291|Reactome:R-SCE-173599|Reactome:R-SCE-3322077|Reactome:R-SCE-446210|Reactome:R-SCE-480985|Reactome:R-SCE-6798695|Reactome:R-SCE-70221|Reactome:R-SCE-72731|Reactome:R-SPO-162699|Reactome:R-SPO-173599|Reactome:R-SPO-3322077|Reactome:R-SPO-446205|Reactome:R-SPO-446210|Reactome:R-SPO-480985|Reactome:R-SPO-6798695|Reactome:R-SPO-70221|Reactome:R-SPO-72731|Reactome:R-SSC-162699|Reactome:R-SSC-2022854|Reactome:R-SSC-913709|Reactome:R-SSC-975577|Reactome:R-SSC-9840309|Reactome:R-XTR-446205|Reactome:R-XTR-913709|Reactome:R-XTR-9840309|Reactome:R-XTR-9939291
D_intermedium_KAN0046829	67ff2dda0cd7e88c4f78ba439d4aa31a	2207	Gene3D	G3DSA:2.60.40.10	Immunoglobulins	1223	1310	5.9E-6	T	26-08-2026	IPR013783	Immunoglobulin-like fold	-	Reactome:R-BTA-114608|Reactome:R-BTA-1236974|Reactome:R-BTA-1236977|Reactome:R-BTA-1257604|Reactome:R-BTA-1266695|Reactome:R-BTA-140834|Reactome:R-BTA-163125|Reactome:R-BTA-1632852|Reactome:R-BTA-1660661|Reactome:R-BTA-173736|Reactome:R-BTA-174577|Reactome:R-BTA-1971475|Reactome:R-BTA-198933|Reactome:R-BTA-2022870|Reactome:R-BTA-2022923|Reactome:R-BTA-2024101|Reactome:R-BTA-202424|Reactome:R-BTA-202427|Reactome:R-BTA-202430|Reactome:R-BTA-202433|Reactome:R-BTA-202733|Reactome:R-BTA-210993|Reactome:R-BTA-216083|Reactome:R-BTA-2173791|Reactome:R-BTA-2424491|Reactome:R-BTA-3000178|Reactome:R-BTA-350054|Reactome:R-BTA-375276|Reactome:R-BTA-380972|Reactome:R-BTA-381426|Reactome:R-BTA-388844|Reactome:R-BTA-389948|Reactome:R-BTA-418594|Reactome:R-BTA-420029|Reactome:R-BTA-445355|Reactome:R-BTA-5576892|Reactome:R-BTA-5627123|Reactome:R-BTA-5628897|Reactome:R-BTA-5673001|Reactome:R-BTA-5690714|Reactome:R-BTA-6785807|Reactome:R-BTA-6798695|Reactome:R-BTA-6804756|Reactome:R-BTA-6811558|Reactome:R-BTA-77387|Reactome:R-BTA-8849932|Reactome:R-BTA-8856825|Reactome:R-BTA-8856828|Reactome:R-BTA-8932505|Reactome:R-BTA-8941856|Reactome:R-BTA-8957275|Reactome:R-BTA-8980692|Reactome:R-BTA-8983432|Reactome:R-BTA-8985947|Reactome:R-BTA-9013106|Reactome:R-BTA-9013404|Reactome:R-BTA-9013408|Reactome:R-BTA-9020558|Reactome:R-BTA-9020958|Reactome:R-BTA-909733|Reactome:R-BTA-912526|Reactome:R-BTA-912694|Reactome:R-BTA-9609523|Reactome:R-BTA-977606|Reactome:R-BTA-983168|Reactome:R-BTA-983170|Reactome:R-BTA-983695|Reactome:R-BTA-9927354|Reactome:R-BTA-9931269|Reactome:R-CEL-1257604|Reactome:R-CEL-1433557|Reactome:R-CEL-1433559|Reactome:R-CEL-1474228|Reactome:R-CEL-186763|Reactome:R-CEL-186797|Reactome:R-CEL-190322|Reactome:R-CEL-190370|Reactome:R-CEL-190371|Reactome:R-CEL-190372|Reactome:R-CEL-190373|Reactome:R-CEL-190375|Reactome:R-CEL-190377|Reactome:R-CEL-1971475|Reactome:R-CEL-2022928|Reactome:R-CEL-2024096|Reactome:R-CEL-209968|Reactome:R-CEL-210991|Reactome:R-CEL-216083|Reactome:R-CEL-2243919|Reactome:R-CEL-264876|Reactome:R-CEL-2682334|Reactome:R-CEL-3000171|Reactome:R-CEL-3000178|Reactome:R-CEL-373752|Reactome:R-CEL-373753|Reactome:R-CEL-375165|Reactome:R-CEL-376176|Reactome:R-CEL-388844|Reactome:R-CEL-3928662|Reactome:R-CEL-3928663|Reactome:R-CEL-3928664|Reactome:R-CEL-3928665|Reactome:R-CEL-399955|Reactome:R-CEL-399956|Reactome:R-CEL-416482|Reactome:R-CEL-416572|Reactome:R-CEL-416700|Reactome:R-CEL-418885|Reactome:R-CEL-419037|Reactome:R-CEL-428542|Reactome:R-CEL-433692|Reactome:R-CEL-4420097|Reactome:R-CEL-445144|Reactome:R-CEL-447043|Reactome:R-CEL-5140745|Reactome:R-CEL-5218920|Reactome:R-CEL-525793|Reactome:R-CEL-5620916|Reactome:R-CEL-5654219|Reactome:R-CEL-5654221|Reactome:R-CEL-5654227|Reactome:R-CEL-5654228|Reactome:R-CEL-5654689|Reactome:R-CEL-5654693|Reactome:R-CEL-5654695|Reactome:R-CEL-5654699|Reactome:R-CEL-5654700|Reactome:R-CEL-5654704|Reactome:R-CEL-5654706|Reactome:R-CEL-5654710|Reactome:R-CEL-5654712|Reactome:R-CEL-5654720|Reactome:R-CEL-5654726|Reactome:R-CEL-5654727|Reactome:R-CEL-5654732|Reactome:R-CEL-5654733|Reactome:R-CEL-5673001|Reactome:R-CEL-6798695|Reactome:R-CEL-6809371|Reactome:R-CEL-6811558|Reactome:R-CEL-77387|Reactome:R-CEL-8849932|Reactome:R-CEL-8853383|Reactome:R-CEL-8863795|Reactome:R-CEL-8941413|Reactome:R-CEL-9013149|Reactome:R-CEL-9013420|Reactome:R-CEL-9013423|Reactome:R-CEL-9013424|Reactome:R-CEL-913709|Reactome:R-CEL-9607240|Reactome:R-CEL-9749641|Reactome:R-CEL-9764561|Reactome:R-CEL-9772755|Reactome:R-CEL-9913351|Reactome:R-CFA-1257604|Reactome:R-CFA-1433557|Reactome:R-CFA-1433559|Reactome:R-CFA-198933|Reactome:R-CFA-2024096|Reactome:R-CFA-2024101|Reactome:R-CFA-202424|Reactome:R-CFA-202427|Reactome:R-CFA-202430|Reactome:R-CFA-202433|Reactome:R-CFA-216083|Reactome:R-CFA-389948|Reactome:R-CFA-5673001|Reactome:R-CFA-5690714|Reactome:R-CFA-6785807|Reactome:R-CFA-6788467|Reactome:R-CFA-6811558|Reactome:R-CFA-8932504|Reactome:R-CFA-8932505|Reactome:R-CFA-8932506|Reactome:R-CFA-9010553|Reactome:R-CFA-983170|Reactome:R-CFA-983695|Reactome:R-CFA-9856649|Reactome:R-CFA-9913351|Reactome:R-CFA-9927354|Reactome:R-CFA-9939291|Reactome:R-DDI-3295583|Reactome:R-DDI-5213460|Reactome:R-DDI-5673000|Reactome:R-DDI-5674135|Reactome:R-DDI-5675221|Reactome:R-DDI-5675482|Reactome:R-DME-109704|Reactome:R-DME-110478|Reactome:R-DME-114608|Reactome:R-DME-1169091|Reactome:R-DME-1227986|Reactome:R-DME-1236394|Reactome:R-DME-1250196|Reactome:R-DME-1250342|Reactome:R-DME-1250347|Reactome:R-DME-1257604|Reactome:R-DME-1307965|Reactome:R-DME-1358803|Reactome:R-DME-1474228|Reactome:R-DME-1810476|Reactome:R-DME-190322|Reactome:R-DME-190370|Reactome:R-DME-190371|Reactome:R-DME-190372|Reactome:R-DME-190373|Reactome:R-DME-190374|Reactome:R-DME-190375|Reactome:R-DME-190377|Reactome:R-DME-1963640|Reactome:R-DME-1963642|Reactome:R-DME-1971475|Reactome:R-DME-2022928|Reactome:R-DME-2024096|Reactome:R-DME-2024101|Reactome:R-DME-202424|Reactome:R-DME-202733|Reactome:R-DME-209209|Reactome:R-DME-209228|Reactome:R-DME-209338|Reactome:R-DME-209394|Reactome:R-DME-209400|Reactome:R-DME-209406|Reactome:R-DME-209560|Reactome:R-DME-209968|Reactome:R-DME-210688|Reactome:R-DME-210991|Reactome:R-DME-214399|Reactome:R-DME-214411|Reactome:R-DME-214416|Reactome:R-DME-214842|Reactome:R-DME-214844|Reactome:R-DME-214869|Reactome:R-DME-216083|Reactome:R-DME-264876|Reactome:R-DME-2871837|Reactome:R-DME-3000171|Reactome:R-DME-3000178|Reactome:R-DME-3134963|Reactome:R-DME-3214847|Reactome:R-DME-350054|Reactome:R-DME-373080|Reactome:R-DME-373752|Reactome:R-DME-373753|Reactome:R-DME-375165|Reactome:R-DME-376172|Reactome:R-DME-388844|Reactome:R-DME-416482|Reactome:R-DME-416572|Reactome:R-DME-416700|Reactome:R-DME-418990|Reactome:R-DME-419037|Reactome:R-DME-420597|Reactome:R-DME-428542|Reactome:R-DME-433692|Reactome:R-DME-445144|Reactome:R-DME-445989|Reactome:R-DME-446353|Reactome:R-DME-447043|Reactome:R-DME-4755510|Reactome:R-DME-5607761|Reactome:R-DME-5607764|Reactome:R-DME-5620916|Reactome:R-DME-5621575|Reactome:R-DME-5627123|Reactome:R-DME-5654219|Reactome:R-DME-5654221|Reactome:R-DME-5654227|Reactome:R-DME-5654228|Reactome:R-DME-5654687|Reactome:R-DME-5654688|Reactome:R-DME-5654689|Reactome:R-DME-5654693|Reactome:R-DME-5654695|Reactome:R-DME-5654699|Reactome:R-DME-5654700|Reactome:R-DME-5654704|Reactome:R-DME-5654706|Reactome:R-DME-5654710|Reactome:R-DME-5654712|Reactome:R-DME-5654719|Reactome:R-DME-5654720|Reactome:R-DME-5654726|Reactome:R-DME-5654727|Reactome:R-DME-5654732|Reactome:R-DME-5654733|Reactome:R-DME-5658623|Reactome:R-DME-5673001|Reactome:R-DME-5676590|Reactome:R-DME-5689603|Reactome:R-DME-6785631|Reactome:R-DME-6798695|Reactome:R-DME-6807878|Reactome:R-DME-6811558|Reactome:R-DME-77387|Reactome:R-DME-8849932|Reactome:R-DME-8863795|Reactome:R-DME-8941413|Reactome:R-DME-9009391|Reactome:R-DME-9020702|Reactome:R-DME-913709|Reactome:R-DME-933542|Reactome:R-DME-9749641|Reactome:R-DME-977068|Reactome:R-DME-9772755|Reactome:R-DME-983168|Reactome:R-DME-9860927|Reactome:R-DME-9913351|Reactome:R-DRE-109704|Reactome:R-DRE-1257604|Reactome:R-DRE-1300645|Reactome:R-DRE-1307965|Reactome:R-DRE-1433557|Reactome:R-DRE-1433559|Reactome:R-DRE-186763|Reactome:R-DRE-186797|Reactome:R-DRE-190322|Reactome:R-DRE-190370|Reactome:R-DRE-190371|Reactome:R-DRE-190372|Reactome:R-DRE-190373|Reactome:R-DRE-190374|Reactome:R-DRE-190375|Reactome:R-DRE-190377|Reactome:R-DRE-193648|Reactome:R-DRE-194306|Reactome:R-DRE-195399|Reactome:R-DRE-198933|Reactome:R-DRE-202733|Reactome:R-DRE-210993|Reactome:R-DRE-2132295|Reactome:R-DRE-216083|Reactome:R-DRE-2682334|Reactome:R-DRE-3214841|Reactome:R-DRE-381426|Reactome:R-DRE-388844|Reactome:R-DRE-3928662|Reactome:R-DRE-3928663|Reactome:R-DRE-3928664|Reactome:R-DRE-3928665|Reactome:R-DRE-399954|Reactome:R-DRE-399956|Reactome:R-DRE-416476|Reactome:R-DRE-416482|Reactome:R-DRE-416550|Reactome:R-DRE-416572|Reactome:R-DRE-418990|Reactome:R-DRE-420597|Reactome:R-DRE-4420097|Reactome:R-DRE-449836|Reactome:R-DRE-5218921|Reactome:R-DRE-5654219|Reactome:R-DRE-5654221|Reactome:R-DRE-5654227|Reactome:R-DRE-5654228|Reactome:R-DRE-5654687|Reactome:R-DRE-5654688|Reactome:R-DRE-5654689|Reactome:R-DRE-5654693|Reactome:R-DRE-5654695|Reactome:R-DRE-5654699|Reactome:R-DRE-5654700|Reactome:R-DRE-5654704|Reactome:R-DRE-5654706|Reactome:R-DRE-5654710|Reactome:R-DRE-5654712|Reactome:R-DRE-5654719|Reactome:R-DRE-5654720|Reactome:R-DRE-5654726|Reactome:R-DRE-5654727|Reactome:R-DRE-5654732|Reactome:R-DRE-5654733|Reactome:R-DRE-5673001|Reactome:R-DRE-6811558|Reactome:R-DRE-8849932|Reactome:R-DRE-8932505|Reactome:R-DRE-8957275|Reactome:R-DRE-8980692|Reactome:R-DRE-9007892|Reactome:R-DRE-9013148|Reactome:R-DRE-9013149|Reactome:R-DRE-9013404|Reactome:R-DRE-9013408|Reactome:R-DRE-9013409|Reactome:R-DRE-9013423|Reactome:R-DRE-983168|Reactome:R-DRE-9843940|Reactome:R-DRE-9843970|Reactome:R-DRE-9856649|Reactome:R-GGA-114608|Reactome:R-GGA-1227892|Reactome:R-GGA-1227986|Reactome:R-GGA-1236394|Reactome:R-GGA-1236974|Reactome:R-GGA-1236977|Reactome:R-GGA-1250196|Reactome:R-GGA-1250342|Reactome:R-GGA-1250347|Reactome:R-GGA-1257604|Reactome:R-GGA-1306955|Reactome:R-GGA-1358803|Reactome:R-GGA-1433557|Reactome:R-GGA-1433559|Reactome:R-GGA-1474228|Reactome:R-GGA-1566977|Reactome:R-GGA-163125|Reactome:R-GGA-190373|Reactome:R-GGA-193634|Reactome:R-GGA-1963640|Reactome:R-GGA-1963642|Reactome:R-GGA-198933|Reactome:R-GGA-202733|Reactome:R-GGA-210991|Reactome:R-GGA-2129379|Reactome:R-GGA-2132263|Reactome:R-GGA-2132286|Reactome:R-GGA-216083|Reactome:R-GGA-3000170|Reactome:R-GGA-3000178|Reactome:R-GGA-3214841|Reactome:R-GGA-354192|Reactome:R-GGA-354194|Reactome:R-GGA-372708|Reactome:R-GGA-373920|Reactome:R-GGA-381426|Reactome:R-GGA-388844|Reactome:R-GGA-433692|Reactome:R-GGA-434001|Reactome:R-GGA-434131|Reactome:R-GGA-449836|Reactome:R-GGA-5654726|Reactome:R-GGA-5673001|Reactome:R-GGA-5674135|Reactome:R-GGA-6785631|Reactome:R-GGA-6798695|Reactome:R-GGA-6811558|Reactome:R-GGA-8854691|Reactome:R-GGA-8863795|Reactome:R-GGA-8932505|Reactome:R-GGA-8957275|Reactome:R-GGA-9634597|Reactome:R-GGA-9749641|Reactome:R-GGA-983170|Reactome:R-GGA-9843940|Reactome:R-GGA-9843970|Reactome:R-GGA-9856649|Reactome:R-GGA-9860927|Reactome:R-HSA-1059683|Reactome:R-HSA-109704|Reactome:R-HSA-110056|Reactome:R-HSA-112411|Reactome:R-HSA-114604|Reactome:R-HSA-114608|Reactome:R-HSA-1169091|Reactome:R-HSA-1169408|Reactome:R-HSA-1170546|Reactome:R-HSA-1227986|Reactome:R-HSA-1236394|Reactome:R-HSA-1236974|Reactome:R-HSA-1236977|Reactome:R-HSA-1236978|Reactome:R-HSA-1250196|Reactome:R-HSA-1250342|Reactome:R-HSA-1250347|Reactome:R-HSA-1251985|Reactome:R-HSA-1257604|Reactome:R-HSA-1266695|Reactome:R-HSA-1300645|Reactome:R-HSA-1306955|Reactome:R-HSA-1307965|Reactome:R-HSA-1358803|Reactome:R-HSA-140834|Reactome:R-HSA-140837|Reactome:R-HSA-140875|Reactome:R-HSA-1433557|Reactome:R-HSA-1433559|Reactome:R-HSA-1442490|Reactome:R-HSA-1445148|Reactome:R-HSA-1462054|Reactome:R-HSA-1474228|Reactome:R-HSA-1483115|Reactome:R-HSA-1483152|Reactome:R-HSA-1566977|Reactome:R-HSA-163125|Reactome:R-HSA-1632852|Reactome:R-HSA-163680|Reactome:R-HSA-164939|Reactome:R-HSA-164940|Reactome:R-HSA-1650814|Reactome:R-HSA-1660499|Reactome:R-HSA-1660514|Reactome:R-HSA-166058|Reactome:R-HSA-1660661|Reactome:R-HSA-166663|Reactome:R-HSA-166665|Reactome:R-HSA-167021|Reactome:R-HSA-167044|Reactome:R-HSA-167590|Reactome:R-HSA-170968|Reactome:R-HSA-170984|Reactome:R-HSA-173107|Reactome:R-HSA-173623|Reactome:R-HSA-173736|Reactome:R-HSA-174577|Reactome:R-HSA-177504|Reactome:R-HSA-177929|Reactome:R-HSA-180534|Reactome:R-HSA-1810476|Reactome:R-HSA-181429|Reactome:R-HSA-181430|Reactome:R-HSA-182218|Reactome:R-HSA-182971|Reactome:R-HSA-1839120|Reactome:R-HSA-1839122|Reactome:R-HSA-1839128|Reactome:R-HSA-1839130|Reactome:R-HSA-1855183|Reactome:R-HSA-1855204|Reactome:R-HSA-186763|Reactome:R-HSA-186797|Reactome:R-HSA-187024|Reactome:R-HSA-187042|Reactome:R-HSA-187706|Reactome:R-HSA-190322|Reactome:R-HSA-190370|Reactome:R-HSA-190371|Reactome:R-HSA-190372|Reactome:R-HSA-190373|Reactome:R-HSA-190374|Reactome:R-HSA-190375|Reactome:R-HSA-190377|Reactome:R-HSA-1912408|Reactome:R-HSA-193634|Reactome:R-HSA-193648|Reactome:R-HSA-193692|Reactome:R-HSA-194306|Reactome:R-HSA-195399|Reactome:R-HSA-196108|Reactome:R-HSA-1963640|Reactome:R-HSA-1963642|Reactome:R-HSA-1971475|Reactome:R-HSA-198203|Reactome:R-HSA-198745|Reactome:R-HSA-198933|Reactome:R-HSA-200425|Reactome:R-HSA-2022090|Reactome:R-HSA-2022854|Reactome:R-HSA-2022857|Reactome:R-HSA-2022870|Reactome:R-HSA-2022923|Reactome:R-HSA-2022928|Reactome:R-HSA-2023837|Reactome:R-HSA-2024096|Reactome:R-HSA-2024101|Reactome:R-HSA-202424|Reactome:R-HSA-202427|Reactome:R-HSA-202430|Reactome:R-HSA-202433|Reactome:R-HSA-2025928|Reactome:R-HSA-202733|Reactome:R-HSA-2029481|Reactome:R-HSA-2029482|Reactome:R-HSA-2029485|Reactome:R-HSA-2033515|Reactome:R-HSA-2033519|Reactome:R-HSA-204005|Reactome:R-HSA-209560|Reactome:R-HSA-210500|Reactome:R-HSA-210744|Reactome:R-HSA-210990|Reactome:R-HSA-210991|Reactome:R-HSA-210993|Reactome:R-HSA-2122947|Reactome:R-HSA-2122948|Reactome:R-HSA-212676|Reactome:R-HSA-2129379|Reactome:R-HSA-2132295|Reactome:R-HSA-2151201|Reactome:R-HSA-2151209|Reactome:R-HSA-216083|Reactome:R-HSA-2160916|Reactome:R-HSA-2168880|Reactome:R-HSA-2172127|Reactome:R-HSA-2173791|Reactome:R-HSA-2197563|Reactome:R-HSA-2206292|Reactome:R-HSA-2206302|Reactome:R-HSA-2214320|Reactome:R-HSA-2219530|Reactome:R-HSA-2243919|Reactome:R-HSA-2404192|Reactome:R-HSA-2424491|Reactome:R-HSA-2428928|Reactome:R-HSA-2428933|Reactome:R-HSA-2454202|Reactome:R-HSA-2559582|Reactome:R-HSA-2565942|Reactome:R-HSA-2586552|Reactome:R-HSA-2644606|Reactome:R-HSA-264642|Reactome:R-HSA-264876|Reactome:R-HSA-2672351|Reactome:R-HSA-2682334|Reactome:R-HSA-2730905|Reactome:R-HSA-2871796|Reactome:R-HSA-2871809|Reactome:R-HSA-2871837|Reactome:R-HSA-2892247|Reactome:R-HSA-2894862|Reactome:R-HSA-2979096|Reactome:R-HSA-3000157|Reactome:R-HSA-3000170|Reactome:R-HSA-3000171|Reactome:R-HSA-3000178|Reactome:R-HSA-3134963|Reactome:R-HSA-3214841|Reactome:R-HSA-3214847|Reactome:R-HSA-3322077|Reactome:R-HSA-350054|Reactome:R-HSA-354192|Reactome:R-HSA-354194|Reactome:R-HSA-3560783|Reactome:R-HSA-3560801|Reactome:R-HSA-3595172|Reactome:R-HSA-3595174|Reactome:R-HSA-3595177|Reactome:R-HSA-3656225|Reactome:R-HSA-3656237|Reactome:R-HSA-3656243|Reactome:R-HSA-3656244|Reactome:R-HSA-3656253|Reactome:R-HSA-372708|Reactome:R-HSA-373752|Reactome:R-HSA-373753|Reactome:R-HSA-373756|Reactome:R-HSA-373760|Reactome:R-HSA-375165|Reactome:R-HSA-375276|Reactome:R-HSA-376172|Reactome:R-HSA-376176|Reactome:R-HSA-3785653|Reactome:R-HSA-380259|Reactome:R-HSA-380270|Reactome:R-HSA-380284|Reactome:R-HSA-380320|Reactome:R-HSA-380972|Reactome:R-HSA-381340|Reactome:R-HSA-381426|Reactome:R-HSA-3878781|Reactome:R-HSA-388844|Reactome:R-HSA-389356|Reactome:R-HSA-389357|Reactome:R-HSA-389359|Reactome:R-HSA-389513|Reactome:R-HSA-389948|Reactome:R-HSA-390522|Reactome:R-HSA-391160|Reactome:R-HSA-3928662|Reactome:R-HSA-3928663|Reactome:R-HSA-3928664|Reactome:R-HSA-3928665|Reactome:R-HSA-399954|Reactome:R-HSA-399955|Reactome:R-HSA-399956|Reactome:R-HSA-4086398|Reactome:R-HSA-4086400|Reactome:R-HSA-416476|Reactome:R-HSA-416482|Reactome:R-HSA-416550|Reactome:R-HSA-416572|Reactome:R-HSA-416700|Reactome:R-HSA-418594|Reactome:R-HSA-418885|Reactome:R-HSA-418886|Reactome:R-HSA-418889|Reactome:R-HSA-418890|Reactome:R-HSA-418990|Reactome:R-HSA-419037|Reactome:R-HSA-420029|Reactome:R-HSA-420597|Reactome:R-HSA-428540|Reactome:R-HSA-428542|Reactome:R-HSA-428543|Reactome:R-HSA-428890|Reactome:R-HSA-430116|Reactome:R-HSA-432142|Reactome:R-HSA-432722|Reactome:R-HSA-433692|Reactome:R-HSA-437239|Reactome:R-HSA-4420097|Reactome:R-HSA-4420332|Reactome:R-HSA-445095|Reactome:R-HSA-445144|Reactome:R-HSA-445355|Reactome:R-HSA-445989|Reactome:R-HSA-446107|Reactome:R-HSA-446353|Reactome:R-HSA-447038|Reactome:R-HSA-447041|Reactome:R-HSA-447043|Reactome:R-HSA-448706|Reactome:R-HSA-449836|Reactome:R-HSA-451927|Reactome:R-HSA-4755510|Reactome:R-HSA-5083628|Reactome:R-HSA-5083629|Reactome:R-HSA-5083633|Reactome:R-HSA-5083635|Reactome:R-HSA-512988|Reactome:R-HSA-5140745|Reactome:R-HSA-5173214|Reactome:R-HSA-5218921|Reactome:R-HSA-5223345|Reactome:R-HSA-525793|Reactome:R-HSA-5576892|Reactome:R-HSA-5603029|Reactome:R-HSA-5607761|Reactome:R-HSA-5607763|Reactome:R-HSA-5607764|Reactome:R-HSA-5619070|Reactome:R-HSA-5620912|Reactome:R-HSA-5620916|Reactome:R-HSA-5621575|Reactome:R-HSA-5627123|Reactome:R-HSA-5628897|Reactome:R-HSA-5632681|Reactome:R-HSA-5635838|Reactome:R-HSA-5654219|Reactome:R-HSA-5654221|Reactome:R-HSA-5654227|Reactome:R-HSA-5654228|Reactome:R-HSA-5654687|Reactome:R-HSA-5654688|Reactome:R-HSA-5654689|Reactome:R-HSA-5654693|Reactome:R-HSA-5654695|Reactome:R-HSA-5654699|Reactome:R-HSA-5654700|Reactome:R-HSA-5654704|Reactome:R-HSA-5654706|Reactome:R-HSA-5654710|Reactome:R-HSA-5654712|Reactome:R-HSA-5654719|Reactome:R-HSA-5654720|Reactome:R-HSA-5654726|Reactome:R-HSA-5654727|Reactome:R-HSA-5654732|Reactome:R-HSA-5654733|Reactome:R-HSA-5655253|Reactome:R-HSA-5655291|Reactome:R-HSA-5655302|Reactome:R-HSA-5655332|Reactome:R-HSA-5658623|Reactome:R-HSA-5660668|Reactome:R-HSA-5673001|Reactome:R-HSA-5674135|Reactome:R-HSA-5676590|Reactome:R-HSA-5683826|Reactome:R-HSA-5684264|Reactome:R-HSA-5687128|Reactome:R-HSA-5688849|Reactome:R-HSA-5688890|Reactome:R-HSA-5689603|Reactome:R-HSA-5690714|Reactome:R-HSA-5694530|Reactome:R-HSA-6783783|Reactome:R-HSA-6785631|Reactome:R-HSA-6785807|Reactome:R-HSA-6788467|Reactome:R-HSA-6798695|Reactome:R-HSA-6802946|Reactome:R-HSA-6802948|Reactome:R-HSA-6802952|Reactome:R-HSA-6802955|Reactome:R-HSA-6804756|Reactome:R-HSA-6806942|Reactome:R-HSA-6807004|Reactome:R-HSA-6809371|Reactome:R-HSA-6811558|Reactome:R-HSA-74713|Reactome:R-HSA-74749|Reactome:R-HSA-74751|Reactome:R-HSA-74752|Reactome:R-HSA-75892|Reactome:R-HSA-76009|Reactome:R-HSA-77387|Reactome:R-HSA-844456|Reactome:R-HSA-877300|Reactome:R-HSA-877312|Reactome:R-HSA-879415|Reactome:R-HSA-8847993|Reactome:R-HSA-8849932|Reactome:R-HSA-8851680|Reactome:R-HSA-8851708|Reactome:R-HSA-8851805|Reactome:R-HSA-8851907|Reactome:R-HSA-8852405|Reactome:R-HSA-8853333|Reactome:R-HSA-8853334|Reactome:R-HSA-8853336|Reactome:R-HSA-8853383|Reactome:R-HSA-8853884|Reactome:R-HSA-8854518|Reactome:R-HSA-8854691|Reactome:R-HSA-8856825|Reactome:R-HSA-8856828|Reactome:R-HSA-8857538|Reactome:R-HSA-8863795|Reactome:R-HSA-8865999|Reactome:R-HSA-8866654|Reactome:R-HSA-8866910|Reactome:R-HSA-8874081|Reactome:R-HSA-8875360|Reactome:R-HSA-8875513|Reactome:R-HSA-8875555|Reactome:R-HSA-8875656|Reactome:R-HSA-8875791|Reactome:R-HSA-8877330|Reactome:R-HSA-8932504|Reactome:R-HSA-8932505|Reactome:R-HSA-8932506|Reactome:R-HSA-8939247|Reactome:R-HSA-8941856|Reactome:R-HSA-8948216|Reactome:R-HSA-8951664|Reactome:R-HSA-8957275|Reactome:R-HSA-8963896|Reactome:R-HSA-8964038|Reactome:R-HSA-8964046|Reactome:R-HSA-8980692|Reactome:R-HSA-8983432|Reactome:R-HSA-8983711|Reactome:R-HSA-8984722|Reactome:R-HSA-8985586|Reactome:R-HSA-8985801|Reactome:R-HSA-8985947|Reactome:R-HSA-9006335|Reactome:R-HSA-9007892|Reactome:R-HSA-9008059|Reactome:R-HSA-9009391|Reactome:R-HSA-9010553|Reactome:R-HSA-9010642|Reactome:R-HSA-9012546|Reactome:R-HSA-9013026|Reactome:R-HSA-9013106|Reactome:R-HSA-9013148|Reactome:R-HSA-9013149|Reactome:R-HSA-9013404|Reactome:R-HSA-9013405|Reactome:R-HSA-9013406|Reactome:R-HSA-9013408|Reactome:R-HSA-9013409|Reactome:R-HSA-9013420|Reactome:R-HSA-9013423|Reactome:R-HSA-9013424|Reactome:R-HSA-9013508|Reactome:R-HSA-9013695|Reactome:R-HSA-9014826|Reactome:R-HSA-9014843|Reactome:R-HSA-9020558|Reactome:R-HSA-9020591|Reactome:R-HSA-9020702|Reactome:R-HSA-9020933|Reactome:R-HSA-9020956|Reactome:R-HSA-9020958|Reactome:R-HSA-9022699|Reactome:R-HSA-9024909|Reactome:R-HSA-9025046|Reactome:R-HSA-9026357|Reactome:R-HSA-9026519|Reactome:R-HSA-9026527|Reactome:R-HSA-9027276|Reactome:R-HSA-9027277|Reactome:R-HSA-9027283|Reactome:R-HSA-9027284|Reactome:R-HSA-9028335|Reactome:R-HSA-9028731|Reactome:R-HSA-9031628|Reactome:R-HSA-9032500|Reactome:R-HSA-9032759|Reactome:R-HSA-9032845|Reactome:R-HSA-9034013|Reactome:R-HSA-9034015|Reactome:R-HSA-9034793|Reactome:R-HSA-9034864|Reactome:R-HSA-9035034|Reactome:R-HSA-909733|Reactome:R-HSA-912526|Reactome:R-HSA-912694|Reactome:R-HSA-917977|Reactome:R-HSA-933542|Reactome:R-HSA-9603381|Reactome:R-HSA-9603505|Reactome:R-HSA-9607240|Reactome:R-HSA-9609523|Reactome:R-HSA-9609690|Reactome:R-HSA-9610379|Reactome:R-HSA-9613354|Reactome:R-HSA-9615017|Reactome:R-HSA-9616222|Reactome:R-HSA-9619483|Reactome:R-HSA-9619665|Reactome:R-HSA-9620244|Reactome:R-HSA-9634597|Reactome:R-HSA-9637628|Reactome:R-HSA-9638334|Reactome:R-HSA-9638630|Reactome:R-HSA-9645135|Reactome:R-HSA-9649948|Reactome:R-HSA-9656223|Reactome:R-HSA-9660826|Reactome:R-HSA-9664323|Reactome:R-HSA-9664422|Reactome:R-HSA-9664565|Reactome:R-HSA-9664873|Reactome:R-HSA-9665686|Reactome:R-HSA-9669914|Reactome:R-HSA-9669917|Reactome:R-HSA-9669921|Reactome:R-HSA-9669924|Reactome:R-HSA-9669926|Reactome:R-HSA-9669929|Reactome:R-HSA-9669933|Reactome:R-HSA-9669934|Reactome:R-HSA-9669935|Reactome:R-HSA-9669936|Reactome:R-HSA-9670439|Reactome:R-HSA-9673767|Reactome:R-HSA-9673768|Reactome:R-HSA-9673770|Reactome:R-HSA-9674396|Reactome:R-HSA-9674401|Reactome:R-HSA-9674403|Reactome:R-HSA-9674404|Reactome:R-HSA-9674428|Reactome:R-HSA-9674555|Reactome:R-HSA-9679191|Reactome:R-HSA-9680187|Reactome:R-HSA-9680350|Reactome:R-HSA-9692916|Reactome:R-HSA-9694614|Reactome:R-HSA-9696264|Reactome:R-HSA-9696270|Reactome:R-HSA-9696273|Reactome:R-HSA-9700645|Reactome:R-HSA-9701898|Reactome:R-HSA-9702509|Reactome:R-HSA-9702518|Reactome:R-HSA-9702569|Reactome:R-HSA-9702577|Reactome:R-HSA-9702581|Reactome:R-HSA-9702590|Reactome:R-HSA-9702596|Reactome:R-HSA-9702600|Reactome:R-HSA-9702605|Reactome:R-HSA-9702614|Reactome:R-HSA-9702620|Reactome:R-HSA-9702624|Reactome:R-HSA-9702632|Reactome:R-HSA-9702636|Reactome:R-HSA-9702998|Reactome:R-HSA-9703009|Reactome:R-HSA-9703648|Reactome:R-HSA-9705462|Reactome:R-HSA-9705671|Reactome:R-HSA-9706369|Reactome:R-HSA-9706374|Reactome:R-HSA-9706377|Reactome:R-HSA-9717207|Reactome:R-HSA-9725370|Reactome:R-HSA-9725371|Reactome:R-HSA-9725554|Reactome:R-HSA-9732724|Reactome:R-HSA-9734091|Reactome:R-HSA-9749641|Reactome:R-HSA-9752946|Reactome:R-HSA-975634|Reactome:R-HSA-9758919|Reactome:R-HSA-977225|Reactome:R-HSA-9772755|Reactome:R-HSA-977443|Reactome:R-HSA-977606|Reactome:R-HSA-9793380|Reactome:R-HSA-9818749|Reactome:R-HSA-9820960|Reactome:R-HSA-9824272|Reactome:R-HSA-9824585|Reactome:R-HSA-9825892|Reactome:R-HSA-982772|Reactome:R-HSA-9830674|Reactome:R-HSA-983168|Reactome:R-HSA-983170|Reactome:R-HSA-9833109|Reactome:R-HSA-9833110|Reactome:R-HSA-983695|Reactome:R-HSA-9843940|Reactome:R-HSA-9843970|Reactome:R-HSA-9844594|Reactome:R-HSA-9851151|Reactome:R-HSA-9854909|Reactome:R-HSA-9856530|Reactome:R-HSA-9856532|Reactome:R-HSA-9856649|Reactome:R-HSA-9860927|Reactome:R-HSA-9909620|Reactome:R-HSA-9909649|Reactome:R-HSA-9913351|Reactome:R-HSA-9918481|Reactome:R-HSA-9918485|Reactome:R-HSA-9920588|Reactome:R-HSA-9925563|Reactome:R-HSA-9926550|Reactome:R-HSA-9927353|Reactome:R-HSA-9927354|Reactome:R-HSA-9927418|Reactome:R-HSA-9927426|Reactome:R-HSA-9929356|Reactome:R-HSA-9929491|Reactome:R-HSA-9931269|Reactome:R-HSA-9931295|Reactome:R-HSA-9939291|Reactome:R-HSA-9942503|Reactome:R-HSA-9953038|Reactome:R-HSA-9953080|Reactome:R-MMU-1059683|Reactome:R-MMU-109704|Reactome:R-MMU-110056|Reactome:R-MMU-112411|Reactome:R-MMU-114604|Reactome:R-MMU-114608|Reactome:R-MMU-1169091|Reactome:R-MMU-1169408|Reactome:R-MMU-1170546|Reactome:R-MMU-1227986|Reactome:R-MMU-1236394|Reactome:R-MMU-1236974|Reactome:R-MMU-1236977|Reactome:R-MMU-1236978|Reactome:R-MMU-1250196|Reactome:R-MMU-1250342|Reactome:R-MMU-1250347|Reactome:R-MMU-1257604|Reactome:R-MMU-1266695|Reactome:R-MMU-1306955|Reactome:R-MMU-1307965|Reactome:R-MMU-1358803|Reactome:R-MMU-140834|Reactome:R-MMU-140837|Reactome:R-MMU-140875|Reactome:R-MMU-1433557|Reactome:R-MMU-1433559|Reactome:R-MMU-1442490|Reactome:R-MMU-1462054|Reactome:R-MMU-1474228|Reactome:R-MMU-1566977|Reactome:R-MMU-163125|Reactome:R-MMU-1632852|Reactome:R-MMU-163680|Reactome:R-MMU-1650814|Reactome:R-MMU-1660499|Reactome:R-MMU-1660514|Reactome:R-MMU-166663|Reactome:R-MMU-166665|Reactome:R-MMU-170968|Reactome:R-MMU-170984|Reactome:R-MMU-173623|Reactome:R-MMU-173736|Reactome:R-MMU-174577|Reactome:R-MMU-177504|Reactome:R-MMU-177929|Reactome:R-MMU-1810476|Reactome:R-MMU-181429|Reactome:R-MMU-181430|Reactome:R-MMU-182971|Reactome:R-MMU-1855183|Reactome:R-MMU-1855204|Reactome:R-MMU-186763|Reactome:R-MMU-186797|Reactome:R-MMU-187042|Reactome:R-MMU-190322|Reactome:R-MMU-190370|Reactome:R-MMU-190371|Reactome:R-MMU-190372|Reactome:R-MMU-190373|Reactome:R-MMU-190374|Reactome:R-MMU-190375|Reactome:R-MMU-190377|Reactome:R-MMU-193634|Reactome:R-MMU-193648|Reactome:R-MMU-193692|Reactome:R-MMU-194306|Reactome:R-MMU-195399|Reactome:R-MMU-196108|Reactome:R-MMU-1963640|Reactome:R-MMU-1963642|Reactome:R-MMU-1971475|Reactome:R-MMU-198203|Reactome:R-MMU-198933|Reactome:R-MMU-200425|Reactome:R-MMU-2022854|Reactome:R-MMU-2022857|Reactome:R-MMU-2022870|Reactome:R-MMU-2022923|Reactome:R-MMU-2024096|Reactome:R-MMU-2024101|Reactome:R-MMU-202424|Reactome:R-MMU-202427|Reactome:R-MMU-202430|Reactome:R-MMU-202433|Reactome:R-MMU-2025928|Reactome:R-MMU-202733|Reactome:R-MMU-2029481|Reactome:R-MMU-2029482|Reactome:R-MMU-2029485|Reactome:R-MMU-204005|Reactome:R-MMU-209560|Reactome:R-MMU-210500|Reactome:R-MMU-210990|Reactome:R-MMU-210991|Reactome:R-MMU-210993|Reactome:R-MMU-2122947|Reactome:R-MMU-212676|Reactome:R-MMU-2129379|Reactome:R-MMU-2132295|Reactome:R-MMU-216083|Reactome:R-MMU-2160916|Reactome:R-MMU-2168880|Reactome:R-MMU-2172127|Reactome:R-MMU-2173791|Reactome:R-MMU-2214320|Reactome:R-MMU-2243919|Reactome:R-MMU-2404192|Reactome:R-MMU-2424491|Reactome:R-MMU-2428928|Reactome:R-MMU-2428933|Reactome:R-MMU-2454202|Reactome:R-MMU-264642|Reactome:R-MMU-264876|Reactome:R-MMU-2672351|Reactome:R-MMU-2682334|Reactome:R-MMU-2730905|Reactome:R-MMU-2871796|Reactome:R-MMU-2871809|Reactome:R-MMU-2871837|Reactome:R-MMU-3000170|Reactome:R-MMU-3000178|Reactome:R-MMU-3134963|Reactome:R-MMU-3214841|Reactome:R-MMU-3214847|Reactome:R-MMU-3322077|Reactome:R-MMU-350054|Reactome:R-MMU-354192|Reactome:R-MMU-354194|Reactome:R-MMU-372708|Reactome:R-MMU-373752|Reactome:R-MMU-373753|Reactome:R-MMU-373756|Reactome:R-MMU-373760|Reactome:R-MMU-375165|Reactome:R-MMU-375276|Reactome:R-MMU-376172|Reactome:R-MMU-376176|Reactome:R-MMU-380972|Reactome:R-MMU-381426|Reactome:R-MMU-388844|Reactome:R-MMU-389356|Reactome:R-MMU-389357|Reactome:R-MMU-389359|Reactome:R-MMU-389513|Reactome:R-MMU-389948|Reactome:R-MMU-390522|Reactome:R-MMU-391160|Reactome:R-MMU-3928662|Reactome:R-MMU-3928663|Reactome:R-MMU-3928664|Reactome:R-MMU-3928665|Reactome:R-MMU-399954|Reactome:R-MMU-399955|Reactome:R-MMU-399956|Reactome:R-MMU-4086398|Reactome:R-MMU-416476|Reactome:R-MMU-416482|Reactome:R-MMU-416550|Reactome:R-MMU-416572|Reactome:R-MMU-416700|Reactome:R-MMU-418594|Reactome:R-MMU-418885|Reactome:R-MMU-418889|Reactome:R-MMU-418990|Reactome:R-MMU-419037|Reactome:R-MMU-420029|Reactome:R-MMU-420597|Reactome:R-MMU-428890|Reactome:R-MMU-430116|Reactome:R-MMU-432142|Reactome:R-MMU-432722|Reactome:R-MMU-433692|Reactome:R-MMU-437239|Reactome:R-MMU-4420097|Reactome:R-MMU-445095|Reactome:R-MMU-445144|Reactome:R-MMU-445355|Reactome:R-MMU-445989|Reactome:R-MMU-446107|Reactome:R-MMU-446353|Reactome:R-MMU-447043|Reactome:R-MMU-448706|Reactome:R-MMU-449836|Reactome:R-MMU-4755510|Reactome:R-MMU-512988|Reactome:R-MMU-5140745|Reactome:R-MMU-5173214|Reactome:R-MMU-5218921|Reactome:R-MMU-5223345|Reactome:R-MMU-525793|Reactome:R-MMU-5607761|Reactome:R-MMU-5607763|Reactome:R-MMU-5607764|Reactome:R-MMU-5620916|Reactome:R-MMU-5621575|Reactome:R-MMU-5627123|Reactome:R-MMU-5628897|Reactome:R-MMU-5632681|Reactome:R-MMU-5635838|Reactome:R-MMU-5654219|Reactome:R-MMU-5654221|Reactome:R-MMU-5654227|Reactome:R-MMU-5654228|Reactome:R-MMU-5654687|Reactome:R-MMU-5654688|Reactome:R-MMU-5654689|Reactome:R-MMU-5654693|Reactome:R-MMU-5654695|Reactome:R-MMU-5654699|Reactome:R-MMU-5654700|Reactome:R-MMU-5654704|Reactome:R-MMU-5654706|Reactome:R-MMU-5654710|Reactome:R-MMU-5654712|Reactome:R-MMU-5654719|Reactome:R-MMU-5654720|Reactome:R-MMU-5654726|Reactome:R-MMU-5654727|Reactome:R-MMU-5654732|Reactome:R-MMU-5654733|Reactome:R-MMU-5658623|Reactome:R-MMU-5660668|Reactome:R-MMU-5673001|Reactome:R-MMU-5674135|Reactome:R-MMU-5676590|Reactome:R-MMU-5683826|Reactome:R-MMU-5684264|Reactome:R-MMU-5687128|Reactome:R-MMU-5689603|Reactome:R-MMU-5690714|Reactome:R-MMU-5694530|Reactome:R-MMU-6783783|Reactome:R-MMU-6785631|Reactome:R-MMU-6785807|Reactome:R-MMU-6788467|Reactome:R-MMU-6798695|Reactome:R-MMU-6804756|Reactome:R-MMU-6806942|Reactome:R-MMU-6807004|Reactome:R-MMU-6809371|Reactome:R-MMU-6811558|Reactome:R-MMU-74713|Reactome:R-MMU-74749|Reactome:R-MMU-74751|Reactome:R-MMU-74752|Reactome:R-MMU-75892|Reactome:R-MMU-77387|Reactome:R-MMU-877300|Reactome:R-MMU-877312|Reactome:R-MMU-879415|Reactome:R-MMU-8847993|Reactome:R-MMU-8849932|Reactome:R-MMU-8851680|Reactome:R-MMU-8851805|Reactome:R-MMU-8851907|Reactome:R-MMU-8852405|Reactome:R-MMU-8853383|Reactome:R-MMU-8854691|Reactome:R-MMU-8856825|Reactome:R-MMU-8856828|Reactome:R-MMU-8857538|Reactome:R-MMU-8863795|Reactome:R-MMU-8865999|Reactome:R-MMU-8874081|Reactome:R-MMU-8875513|Reactome:R-MMU-8875555|Reactome:R-MMU-8875656|Reactome:R-MMU-8875791|Reactome:R-MMU-8932504|Reactome:R-MMU-8932505|Reactome:R-MMU-8932506|Reactome:R-MMU-8941856|Reactome:R-MMU-8948216|Reactome:R-MMU-8957275|Reactome:R-MMU-8963896|Reactome:R-MMU-8980692|Reactome:R-MMU-8983432|Reactome:R-MMU-8984722|Reactome:R-MMU-8985586|Reactome:R-MMU-8985947|Reactome:R-MMU-9006335|Reactome:R-MMU-9007892|Reactome:R-MMU-9009391|Reactome:R-MMU-9010553|Reactome:R-MMU-9012546|Reactome:R-MMU-9013026|Reactome:R-MMU-9013106|Reactome:R-MMU-9013148|Reactome:R-MMU-9013149|Reactome:R-MMU-9013404|Reactome:R-MMU-9013406|Reactome:R-MMU-9013408|Reactome:R-MMU-9013409|Reactome:R-MMU-9013420|Reactome:R-MMU-9013423|Reactome:R-MMU-9013424|Reactome:R-MMU-9014826|Reactome:R-MMU-9014843|Reactome:R-MMU-9020558|Reactome:R-MMU-9020591|Reactome:R-MMU-9020702|Reactome:R-MMU-9020933|Reactome:R-MMU-9020956|Reactome:R-MMU-9020958|Reactome:R-MMU-9026527|Reactome:R-MMU-9027276|Reactome:R-MMU-9027284|Reactome:R-MMU-9028731|Reactome:R-MMU-9032759|Reactome:R-MMU-9034013|Reactome:R-MMU-9034793|Reactome:R-MMU-9035034|Reactome:R-MMU-909733|Reactome:R-MMU-912526|Reactome:R-MMU-912694|Reactome:R-MMU-917977|Reactome:R-MMU-933542|Reactome:R-MMU-9603381|Reactome:R-MMU-9607240|Reactome:R-MMU-9609523|Reactome:R-MMU-9634597|Reactome:R-MMU-9664873|Reactome:R-MMU-9696264|Reactome:R-MMU-9696270|Reactome:R-MMU-9696273|Reactome:R-MMU-9706369|Reactome:R-MMU-9706374|Reactome:R-MMU-9732724|Reactome:R-MMU-9734091|Reactome:R-MMU-9749641|Reactome:R-MMU-9772755|Reactome:R-MMU-977606|Reactome:R-MMU-982772|Reactome:R-MMU-983168|Reactome:R-MMU-983170|Reactome:R-MMU-983695|Reactome:R-MMU-9843940|Reactome:R-MMU-9851151|Reactome:R-MMU-9856649|Reactome:R-MMU-9860927|Reactome:R-MMU-9913351|Reactome:R-MMU-9927353|Reactome:R-MMU-9927354|Reactome:R-MMU-9929356|Reactome:R-MMU-9929491|Reactome:R-MMU-9931269|Reactome:R-MMU-9931295|Reactome:R-MMU-9939291|Reactome:R-MTU-868688|Reactome:R-RNO-1059683|Reactome:R-RNO-109704|Reactome:R-RNO-110056|Reactome:R-RNO-112411|Reactome:R-RNO-114608|Reactome:R-RNO-1169091|Reactome:R-RNO-1170546|Reactome:R-RNO-1227986|Reactome:R-RNO-1236394|Reactome:R-RNO-1236974|Reactome:R-RNO-1236977|Reactome:R-RNO-1250196|Reactome:R-RNO-1250342|Reactome:R-RNO-1250347|Reactome:R-RNO-1257604|Reactome:R-RNO-1306955|Reactome:R-RNO-1307965|Reactome:R-RNO-1358803|Reactome:R-RNO-140834|Reactome:R-RNO-140837|Reactome:R-RNO-140875|Reactome:R-RNO-1462054|Reactome:R-RNO-1474228|Reactome:R-RNO-1566977|Reactome:R-RNO-163125|Reactome:R-RNO-1632852|Reactome:R-RNO-163680|Reactome:R-RNO-1660499|Reactome:R-RNO-1660514|Reactome:R-RNO-166663|Reactome:R-RNO-166665|Reactome:R-RNO-170968|Reactome:R-RNO-170984|Reactome:R-RNO-173623|Reactome:R-RNO-173736|Reactome:R-RNO-174577|Reactome:R-RNO-177504|Reactome:R-RNO-1810476|Reactome:R-RNO-181429|Reactome:R-RNO-181430|Reactome:R-RNO-1855183|Reactome:R-RNO-1855204|Reactome:R-RNO-186763|Reactome:R-RNO-186797|Reactome:R-RNO-187042|Reactome:R-RNO-190322|Reactome:R-RNO-190370|Reactome:R-RNO-190373|Reactome:R-RNO-190374|Reactome:R-RNO-193634|Reactome:R-RNO-193648|Reactome:R-RNO-193692|Reactome:R-RNO-194306|Reactome:R-RNO-195399|Reactome:R-RNO-196108|Reactome:R-RNO-1963640|Reactome:R-RNO-1963642|Reactome:R-RNO-1971475|Reactome:R-RNO-198203|Reactome:R-RNO-198933|Reactome:R-RNO-200425|Reactome:R-RNO-2022854|Reactome:R-RNO-2022857|Reactome:R-RNO-2022870|Reactome:R-RNO-2022923|Reactome:R-RNO-2024101|Reactome:R-RNO-202424|Reactome:R-RNO-202427|Reactome:R-RNO-202430|Reactome:R-RNO-202433|Reactome:R-RNO-2025928|Reactome:R-RNO-202733|Reactome:R-RNO-2029481|Reactome:R-RNO-2029482|Reactome:R-RNO-2029485|Reactome:R-RNO-209560|Reactome:R-RNO-210500|Reactome:R-RNO-210990|Reactome:R-RNO-210991|Reactome:R-RNO-212676|Reactome:R-RNO-2129379|Reactome:R-RNO-2132295|Reactome:R-RNO-216083|Reactome:R-RNO-2160916|Reactome:R-RNO-2172127|Reactome:R-RNO-2173791|Reactome:R-RNO-2404192|Reactome:R-RNO-2424491|Reactome:R-RNO-2428928|Reactome:R-RNO-2428933|Reactome:R-RNO-2454202|Reactome:R-RNO-264642|Reactome:R-RNO-264876|Reactome:R-RNO-2682334|Reactome:R-RNO-2730905|Reactome:R-RNO-2871796|Reactome:R-RNO-2871809|Reactome:R-RNO-2871837|Reactome:R-RNO-3000170|Reactome:R-RNO-3000178|Reactome:R-RNO-3134963|Reactome:R-RNO-3214841|Reactome:R-RNO-3214847|Reactome:R-RNO-354192|Reactome:R-RNO-354194|Reactome:R-RNO-372708|Reactome:R-RNO-373752|Reactome:R-RNO-373753|Reactome:R-RNO-373760|Reactome:R-RNO-375165|Reactome:R-RNO-375276|Reactome:R-RNO-376172|Reactome:R-RNO-380972|Reactome:R-RNO-381426|Reactome:R-RNO-388844|Reactome:R-RNO-389356|Reactome:R-RNO-389357|Reactome:R-RNO-389359|Reactome:R-RNO-389948|Reactome:R-RNO-390522|Reactome:R-RNO-391160|Reactome:R-RNO-3928662|Reactome:R-RNO-3928663|Reactome:R-RNO-3928664|Reactome:R-RNO-3928665|Reactome:R-RNO-399954|Reactome:R-RNO-399955|Reactome:R-RNO-399956|Reactome:R-RNO-416476|Reactome:R-RNO-416482|Reactome:R-RNO-416550|Reactome:R-RNO-416700|Reactome:R-RNO-418594|Reactome:R-RNO-418885|Reactome:R-RNO-418889|Reactome:R-RNO-418990|Reactome:R-RNO-419037|Reactome:R-RNO-420029|Reactome:R-RNO-420597|Reactome:R-RNO-432142|Reactome:R-RNO-432722|Reactome:R-RNO-433692|Reactome:R-RNO-437239|Reactome:R-RNO-4420097|Reactome:R-RNO-445095|Reactome:R-RNO-445144|Reactome:R-RNO-445989|Reactome:R-RNO-446107|Reactome:R-RNO-446353|Reactome:R-RNO-447043|Reactome:R-RNO-448706|Reactome:R-RNO-449836|Reactome:R-RNO-5218921|Reactome:R-RNO-5223345|Reactome:R-RNO-525793|Reactome:R-RNO-5607763|Reactome:R-RNO-5607764|Reactome:R-RNO-5620916|Reactome:R-RNO-5621575|Reactome:R-RNO-5628897|Reactome:R-RNO-5632681|Reactome:R-RNO-5654219|Reactome:R-RNO-5654228|Reactome:R-RNO-5654687|Reactome:R-RNO-5654688|Reactome:R-RNO-5654689|Reactome:R-RNO-5654693|Reactome:R-RNO-5654712|Reactome:R-RNO-5654719|Reactome:R-RNO-5654720|Reactome:R-RNO-5654726|Reactome:R-RNO-5654733|Reactome:R-RNO-5658623|Reactome:R-RNO-5673001|Reactome:R-RNO-5674135|Reactome:R-RNO-5683826|Reactome:R-RNO-5684264|Reactome:R-RNO-5687128|Reactome:R-RNO-5689603|Reactome:R-RNO-6785631|Reactome:R-RNO-6785807|Reactome:R-RNO-6788467|Reactome:R-RNO-6798695|Reactome:R-RNO-6804756|Reactome:R-RNO-6806942|Reactome:R-RNO-6807004|Reactome:R-RNO-6809371|Reactome:R-RNO-6811558|Reactome:R-RNO-74713|Reactome:R-RNO-74749|Reactome:R-RNO-74751|Reactome:R-RNO-74752|Reactome:R-RNO-77387|Reactome:R-RNO-879415|Reactome:R-RNO-8847993|Reactome:R-RNO-8849932|Reactome:R-RNO-8851680|Reactome:R-RNO-8851805|Reactome:R-RNO-8851907|Reactome:R-RNO-8853383|Reactome:R-RNO-8854691|Reactome:R-RNO-8856825|Reactome:R-RNO-8856828|Reactome:R-RNO-8857538|Reactome:R-RNO-8863795|Reactome:R-RNO-8865999|Reactome:R-RNO-8874081|Reactome:R-RNO-8875513|Reactome:R-RNO-8875555|Reactome:R-RNO-8875656|Reactome:R-RNO-8875791|Reactome:R-RNO-8932505|Reactome:R-RNO-8951664|Reactome:R-RNO-8957275|Reactome:R-RNO-8963896|Reactome:R-RNO-8980692|Reactome:R-RNO-8983432|Reactome:R-RNO-8984722|Reactome:R-RNO-9006335|Reactome:R-RNO-9007892|Reactome:R-RNO-9009391|Reactome:R-RNO-9013026|Reactome:R-RNO-9013106|Reactome:R-RNO-9013148|Reactome:R-RNO-9013149|Reactome:R-RNO-9013404|Reactome:R-RNO-9013408|Reactome:R-RNO-9013409|Reactome:R-RNO-9013423|Reactome:R-RNO-9014826|Reactome:R-RNO-9014843|Reactome:R-RNO-9020558|Reactome:R-RNO-9020702|Reactome:R-RNO-9020956|Reactome:R-RNO-9026527|Reactome:R-RNO-9027276|Reactome:R-RNO-9027284|Reactome:R-RNO-9028731|Reactome:R-RNO-9032759|Reactome:R-RNO-9034013|Reactome:R-RNO-9034793|Reactome:R-RNO-9035034|Reactome:R-RNO-912526|Reactome:R-RNO-917977|Reactome:R-RNO-933542|Reactome:R-RNO-9603381|Reactome:R-RNO-9609523|Reactome:R-RNO-9634597|Reactome:R-RNO-9664873|Reactome:R-RNO-9734091|Reactome:R-RNO-9749641|Reactome:R-RNO-9772755|Reactome:R-RNO-977606|Reactome:R-RNO-982772|Reactome:R-RNO-983168|Reactome:R-RNO-983170|Reactome:R-RNO-9851151|Reactome:R-RNO-9860927|Reactome:R-RNO-9927353|Reactome:R-RNO-9927354|Reactome:R-RNO-9931269|Reactome:R-SCE-1632852|Reactome:R-SCE-163680|Reactome:R-SCE-200425|Reactome:R-SCE-3322077|Reactome:R-SCE-380972|Reactome:R-SCE-6798695|Reactome:R-SCE-8948751|Reactome:R-SCE-9013106|Reactome:R-SCE-9609523|Reactome:R-SPO-1632852|Reactome:R-SPO-163680|Reactome:R-SPO-200425|Reactome:R-SPO-380972|Reactome:R-SPO-5628897|Reactome:R-SPO-6798695|Reactome:R-SPO-9609523|Reactome:R-SPO-9664873|Reactome:R-SSC-114608|Reactome:R-SSC-1170546|Reactome:R-SSC-1236974|Reactome:R-SSC-1236977|Reactome:R-SSC-1257604|Reactome:R-SSC-1474228|Reactome:R-SSC-173623|Reactome:R-SSC-198933|Reactome:R-SSC-2022854|Reactome:R-SSC-2022857|Reactome:R-SSC-2024101|Reactome:R-SSC-202424|Reactome:R-SSC-202427|Reactome:R-SSC-202430|Reactome:R-SSC-202433|Reactome:R-SSC-202733|Reactome:R-SSC-2029481|Reactome:R-SSC-2029482|Reactome:R-SSC-2029485|Reactome:R-SSC-210990|Reactome:R-SSC-2132295|Reactome:R-SSC-216083|Reactome:R-SSC-2160916|Reactome:R-SSC-2168880|Reactome:R-SSC-2424491|Reactome:R-SSC-2454202|Reactome:R-SSC-2730905|Reactome:R-SSC-2871796|Reactome:R-SSC-2871809|Reactome:R-SSC-2871837|Reactome:R-SSC-3000178|Reactome:R-SSC-389948|Reactome:R-SSC-391160|Reactome:R-SSC-416550|Reactome:R-SSC-432142|Reactome:R-SSC-5673001|Reactome:R-SSC-5690714|Reactome:R-SSC-6798695|Reactome:R-SSC-6806942|Reactome:R-SSC-6807004|Reactome:R-SSC-6811558|Reactome:R-SSC-8851805|Reactome:R-SSC-8851907|Reactome:R-SSC-8856825|Reactome:R-SSC-8856828|Reactome:R-SSC-8865999|Reactome:R-SSC-8874081|Reactome:R-SSC-8875513|Reactome:R-SSC-8875555|Reactome:R-SSC-8875656|Reactome:R-SSC-8875791|Reactome:R-SSC-8980692|Reactome:R-SSC-9006335|Reactome:R-SSC-9013106|Reactome:R-SSC-9013404|Reactome:R-SSC-9013408|Reactome:R-SSC-9020591|Reactome:R-SSC-9020933|Reactome:R-SSC-9027276|Reactome:R-SSC-9027284|Reactome:R-SSC-9734091|Reactome:R-SSC-977606|Reactome:R-SSC-982772|Reactome:R-SSC-983170|Reactome:R-SSC-983695|Reactome:R-XTR-202433|Reactome:R-XTR-418990|Reactome:R-XTR-5654687
D_intermedium_KAN0046829	67ff2dda0cd7e88c4f78ba439d4aa31a	2207	Phobius	SIGNAL_PEPTIDE_N_REGION	N-terminal region of a signal peptide.	1	3	-	T	26-08-2026	-	-	-	-
D_intermedium_KAN0046829	67ff2dda0cd7e88c4f78ba439d4aa31a	2207	CDD	cd00761	Glyco_tranf_GTA_type	547	734	1.94152E-27	T	26-08-2026	-	-	-	-
D_intermedium_KAN0046829	67ff2dda0cd7e88c4f78ba439d4aa31a	2207	Gene3D	G3DSA:2.60.40.10	Immunoglobulins	990	1086	3.4E-8	T	26-08-2026	IPR013783	Immunoglobulin-like fold	-	Reactome:R-BTA-114608|Reactome:R-BTA-1236974|Reactome:R-BTA-1236977|Reactome:R-BTA-1257604|Reactome:R-BTA-1266695|Reactome:R-BTA-140834|Reactome:R-BTA-163125|Reactome:R-BTA-1632852|Reactome:R-BTA-1660661|Reactome:R-BTA-173736|Reactome:R-BTA-174577|Reactome:R-BTA-1971475|Reactome:R-BTA-198933|Reactome:R-BTA-2022870|Reactome:R-BTA-2022923|Reactome:R-BTA-2024101|Reactome:R-BTA-202424|Reactome:R-BTA-202427|Reactome:R-BTA-202430|Reactome:R-BTA-202433|Reactome:R-BTA-202733|Reactome:R-BTA-210993|Reactome:R-BTA-216083|Reactome:R-BTA-2173791|Reactome:R-BTA-2424491|Reactome:R-BTA-3000178|Reactome:R-BTA-350054|Reactome:R-BTA-375276|Reactome:R-BTA-380972|Reactome:R-BTA-381426|Reactome:R-BTA-388844|Reactome:R-BTA-389948|Reactome:R-BTA-418594|Reactome:R-BTA-420029|Reactome:R-BTA-445355|Reactome:R-BTA-5576892|Reactome:R-BTA-5627123|Reactome:R-BTA-5628897|Reactome:R-BTA-5673001|Reactome:R-BTA-5690714|Reactome:R-BTA-6785807|Reactome:R-BTA-6798695|Reactome:R-BTA-6804756|Reactome:R-BTA-6811558|Reactome:R-BTA-77387|Reactome:R-BTA-8849932|Reactome:R-BTA-8856825|Reactome:R-BTA-8856828|Reactome:R-BTA-8932505|Reactome:R-BTA-8941856|Reactome:R-BTA-8957275|Reactome:R-BTA-8980692|Reactome:R-BTA-8983432|Reactome:R-BTA-8985947|Reactome:R-BTA-9013106|Reactome:R-BTA-9013404|Reactome:R-BTA-9013408|Reactome:R-BTA-9020558|Reactome:R-BTA-9020958|Reactome:R-BTA-909733|Reactome:R-BTA-912526|Reactome:R-BTA-912694|Reactome:R-BTA-9609523|Reactome:R-BTA-977606|Reactome:R-BTA-983168|Reactome:R-BTA-983170|Reactome:R-BTA-983695|Reactome:R-BTA-9927354|Reactome:R-BTA-9931269|Reactome:R-CEL-1257604|Reactome:R-CEL-1433557|Reactome:R-CEL-1433559|Reactome:R-CEL-1474228|Reactome:R-CEL-186763|Reactome:R-CEL-186797|Reactome:R-CEL-190322|Reactome:R-CEL-190370|Reactome:R-CEL-190371|Reactome:R-CEL-190372|Reactome:R-CEL-190373|Reactome:R-CEL-190375|Reactome:R-CEL-190377|Reactome:R-CEL-1971475|Reactome:R-CEL-2022928|Reactome:R-CEL-2024096|Reactome:R-CEL-209968|Reactome:R-CEL-210991|Reactome:R-CEL-216083|Reactome:R-CEL-2243919|Reactome:R-CEL-264876|Reactome:R-CEL-2682334|Reactome:R-CEL-3000171|Reactome:R-CEL-3000178|Reactome:R-CEL-373752|Reactome:R-CEL-373753|Reactome:R-CEL-375165|Reactome:R-CEL-376176|Reactome:R-CEL-388844|Reactome:R-CEL-3928662|Reactome:R-CEL-3928663|Reactome:R-CEL-3928664|Reactome:R-CEL-3928665|Reactome:R-CEL-399955|Reactome:R-CEL-399956|Reactome:R-CEL-416482|Reactome:R-CEL-416572|Reactome:R-CEL-416700|Reactome:R-CEL-418885|Reactome:R-CEL-419037|Reactome:R-CEL-428542|Reactome:R-CEL-433692|Reactome:R-CEL-4420097|Reactome:R-CEL-445144|Reactome:R-CEL-447043|Reactome:R-CEL-5140745|Reactome:R-CEL-5218920|Reactome:R-CEL-525793|Reactome:R-CEL-5620916|Reactome:R-CEL-5654219|Reactome:R-CEL-5654221|Reactome:R-CEL-5654227|Reactome:R-CEL-5654228|Reactome:R-CEL-5654689|Reactome:R-CEL-5654693|Reactome:R-CEL-5654695|Reactome:R-CEL-5654699|Reactome:R-CEL-5654700|Reactome:R-CEL-5654704|Reactome:R-CEL-5654706|Reactome:R-CEL-5654710|Reactome:R-CEL-5654712|Reactome:R-CEL-5654720|Reactome:R-CEL-5654726|Reactome:R-CEL-5654727|Reactome:R-CEL-5654732|Reactome:R-CEL-5654733|Reactome:R-CEL-5673001|Reactome:R-CEL-6798695|Reactome:R-CEL-6809371|Reactome:R-CEL-6811558|Reactome:R-CEL-77387|Reactome:R-CEL-8849932|Reactome:R-CEL-8853383|Reactome:R-CEL-8863795|Reactome:R-CEL-8941413|Reactome:R-CEL-9013149|Reactome:R-CEL-9013420|Reactome:R-CEL-9013423|Reactome:R-CEL-9013424|Reactome:R-CEL-913709|Reactome:R-CEL-9607240|Reactome:R-CEL-9749641|Reactome:R-CEL-9764561|Reactome:R-CEL-9772755|Reactome:R-CEL-9913351|Reactome:R-CFA-1257604|Reactome:R-CFA-1433557|Reactome:R-CFA-1433559|Reactome:R-CFA-198933|Reactome:R-CFA-2024096|Reactome:R-CFA-2024101|Reactome:R-CFA-202424|Reactome:R-CFA-202427|Reactome:R-CFA-202430|Reactome:R-CFA-202433|Reactome:R-CFA-216083|Reactome:R-CFA-389948|Reactome:R-CFA-5673001|Reactome:R-CFA-5690714|Reactome:R-CFA-6785807|Reactome:R-CFA-6788467|Reactome:R-CFA-6811558|Reactome:R-CFA-8932504|Reactome:R-CFA-8932505|Reactome:R-CFA-8932506|Reactome:R-CFA-9010553|Reactome:R-CFA-983170|Reactome:R-CFA-983695|Reactome:R-CFA-9856649|Reactome:R-CFA-9913351|Reactome:R-CFA-9927354|Reactome:R-CFA-9939291|Reactome:R-DDI-3295583|Reactome:R-DDI-5213460|Reactome:R-DDI-5673000|Reactome:R-DDI-5674135|Reactome:R-DDI-5675221|Reactome:R-DDI-5675482|Reactome:R-DME-109704|Reactome:R-DME-110478|Reactome:R-DME-114608|Reactome:R-DME-1169091|Reactome:R-DME-1227986|Reactome:R-DME-1236394|Reactome:R-DME-1250196|Reactome:R-DME-1250342|Reactome:R-DME-1250347|Reactome:R-DME-1257604|Reactome:R-DME-1307965|Reactome:R-DME-1358803|Reactome:R-DME-1474228|Reactome:R-DME-1810476|Reactome:R-DME-190322|Reactome:R-DME-190370|Reactome:R-DME-190371|Reactome:R-DME-190372|Reactome:R-DME-190373|Reactome:R-DME-190374|Reactome:R-DME-190375|Reactome:R-DME-190377|Reactome:R-DME-1963640|Reactome:R-DME-1963642|Reactome:R-DME-1971475|Reactome:R-DME-2022928|Reactome:R-DME-2024096|Reactome:R-DME-2024101|Reactome:R-DME-202424|Reactome:R-DME-202733|Reactome:R-DME-209209|Reactome:R-DME-209228|Reactome:R-DME-209338|Reactome:R-DME-209394|Reactome:R-DME-209400|Reactome:R-DME-209406|Reactome:R-DME-209560|Reactome:R-DME-209968|Reactome:R-DME-210688|Reactome:R-DME-210991|Reactome:R-DME-214399|Reactome:R-DME-214411|Reactome:R-DME-214416|Reactome:R-DME-214842|Reactome:R-DME-214844|Reactome:R-DME-214869|Reactome:R-DME-216083|Reactome:R-DME-264876|Reactome:R-DME-2871837|Reactome:R-DME-3000171|Reactome:R-DME-3000178|Reactome:R-DME-3134963|Reactome:R-DME-3214847|Reactome:R-DME-350054|Reactome:R-DME-373080|Reactome:R-DME-373752|Reactome:R-DME-373753|Reactome:R-DME-375165|Reactome:R-DME-376172|Reactome:R-DME-388844|Reactome:R-DME-416482|Reactome:R-DME-416572|Reactome:R-DME-416700|Reactome:R-DME-418990|Reactome:R-DME-419037|Reactome:R-DME-420597|Reactome:R-DME-428542|Reactome:R-DME-433692|Reactome:R-DME-445144|Reactome:R-DME-445989|Reactome:R-DME-446353|Reactome:R-DME-447043|Reactome:R-DME-4755510|Reactome:R-DME-5607761|Reactome:R-DME-5607764|Reactome:R-DME-5620916|Reactome:R-DME-5621575|Reactome:R-DME-5627123|Reactome:R-DME-5654219|Reactome:R-DME-5654221|Reactome:R-DME-5654227|Reactome:R-DME-5654228|Reactome:R-DME-5654687|Reactome:R-DME-5654688|Reactome:R-DME-5654689|Reactome:R-DME-5654693|Reactome:R-DME-5654695|Reactome:R-DME-5654699|Reactome:R-DME-5654700|Reactome:R-DME-5654704|Reactome:R-DME-5654706|Reactome:R-DME-5654710|Reactome:R-DME-5654712|Reactome:R-DME-5654719|Reactome:R-DME-5654720|Reactome:R-DME-5654726|Reactome:R-DME-5654727|Reactome:R-DME-5654732|Reactome:R-DME-5654733|Reactome:R-DME-5658623|Reactome:R-DME-5673001|Reactome:R-DME-5676590|Reactome:R-DME-5689603|Reactome:R-DME-6785631|Reactome:R-DME-6798695|Reactome:R-DME-6807878|Reactome:R-DME-6811558|Reactome:R-DME-77387|Reactome:R-DME-8849932|Reactome:R-DME-8863795|Reactome:R-DME-8941413|Reactome:R-DME-9009391|Reactome:R-DME-9020702|Reactome:R-DME-913709|Reactome:R-DME-933542|Reactome:R-DME-9749641|Reactome:R-DME-977068|Reactome:R-DME-9772755|Reactome:R-DME-983168|Reactome:R-DME-9860927|Reactome:R-DME-9913351|Reactome:R-DRE-109704|Reactome:R-DRE-1257604|Reactome:R-DRE-1300645|Reactome:R-DRE-1307965|Reactome:R-DRE-1433557|Reactome:R-DRE-1433559|Reactome:R-DRE-186763|Reactome:R-DRE-186797|Reactome:R-DRE-190322|Reactome:R-DRE-190370|Reactome:R-DRE-190371|Reactome:R-DRE-190372|Reactome:R-DRE-190373|Reactome:R-DRE-190374|Reactome:R-DRE-190375|Reactome:R-DRE-190377|Reactome:R-DRE-193648|Reactome:R-DRE-194306|Reactome:R-DRE-195399|Reactome:R-DRE-198933|Reactome:R-DRE-202733|Reactome:R-DRE-210993|Reactome:R-DRE-2132295|Reactome:R-DRE-216083|Reactome:R-DRE-2682334|Reactome:R-DRE-3214841|Reactome:R-DRE-381426|Reactome:R-DRE-388844|Reactome:R-DRE-3928662|Reactome:R-DRE-3928663|Reactome:R-DRE-3928664|Reactome:R-DRE-3928665|Reactome:R-DRE-399954|Reactome:R-DRE-399956|Reactome:R-DRE-416476|Reactome:R-DRE-416482|Reactome:R-DRE-416550|Reactome:R-DRE-416572|Reactome:R-DRE-418990|Reactome:R-DRE-420597|Reactome:R-DRE-4420097|Reactome:R-DRE-449836|Reactome:R-DRE-5218921|Reactome:R-DRE-5654219|Reactome:R-DRE-5654221|Reactome:R-DRE-5654227|Reactome:R-DRE-5654228|Reactome:R-DRE-5654687|Reactome:R-DRE-5654688|Reactome:R-DRE-5654689|Reactome:R-DRE-5654693|Reactome:R-DRE-5654695|Reactome:R-DRE-5654699|Reactome:R-DRE-5654700|Reactome:R-DRE-5654704|Reactome:R-DRE-5654706|Reactome:R-DRE-5654710|Reactome:R-DRE-5654712|Reactome:R-DRE-5654719|Reactome:R-DRE-5654720|Reactome:R-DRE-5654726|Reactome:R-DRE-5654727|Reactome:R-DRE-5654732|Reactome:R-DRE-5654733|Reactome:R-DRE-5673001|Reactome:R-DRE-6811558|Reactome:R-DRE-8849932|Reactome:R-DRE-8932505|Reactome:R-DRE-8957275|Reactome:R-DRE-8980692|Reactome:R-DRE-9007892|Reactome:R-DRE-9013148|Reactome:R-DRE-9013149|Reactome:R-DRE-9013404|Reactome:R-DRE-9013408|Reactome:R-DRE-9013409|Reactome:R-DRE-9013423|Reactome:R-DRE-983168|Reactome:R-DRE-9843940|Reactome:R-DRE-9843970|Reactome:R-DRE-9856649|Reactome:R-GGA-114608|Reactome:R-GGA-1227892|Reactome:R-GGA-1227986|Reactome:R-GGA-1236394|Reactome:R-GGA-1236974|Reactome:R-GGA-1236977|Reactome:R-GGA-1250196|Reactome:R-GGA-1250342|Reactome:R-GGA-1250347|Reactome:R-GGA-1257604|Reactome:R-GGA-1306955|Reactome:R-GGA-1358803|Reactome:R-GGA-1433557|Reactome:R-GGA-1433559|Reactome:R-GGA-1474228|Reactome:R-GGA-1566977|Reactome:R-GGA-163125|Reactome:R-GGA-190373|Reactome:R-GGA-193634|Reactome:R-GGA-1963640|Reactome:R-GGA-1963642|Reactome:R-GGA-198933|Reactome:R-GGA-202733|Reactome:R-GGA-210991|Reactome:R-GGA-2129379|Reactome:R-GGA-2132263|Reactome:R-GGA-2132286|Reactome:R-GGA-216083|Reactome:R-GGA-3000170|Reactome:R-GGA-3000178|Reactome:R-GGA-3214841|Reactome:R-GGA-354192|Reactome:R-GGA-354194|Reactome:R-GGA-372708|Reactome:R-GGA-373920|Reactome:R-GGA-381426|Reactome:R-GGA-388844|Reactome:R-GGA-433692|Reactome:R-GGA-434001|Reactome:R-GGA-434131|Reactome:R-GGA-449836|Reactome:R-GGA-5654726|Reactome:R-GGA-5673001|Reactome:R-GGA-5674135|Reactome:R-GGA-6785631|Reactome:R-GGA-6798695|Reactome:R-GGA-6811558|Reactome:R-GGA-8854691|Reactome:R-GGA-8863795|Reactome:R-GGA-8932505|Reactome:R-GGA-8957275|Reactome:R-GGA-9634597|Reactome:R-GGA-9749641|Reactome:R-GGA-983170|Reactome:R-GGA-9843940|Reactome:R-GGA-9843970|Reactome:R-GGA-9856649|Reactome:R-GGA-9860927|Reactome:R-HSA-1059683|Reactome:R-HSA-109704|Reactome:R-HSA-110056|Reactome:R-HSA-112411|Reactome:R-HSA-114604|Reactome:R-HSA-114608|Reactome:R-HSA-1169091|Reactome:R-HSA-1169408|Reactome:R-HSA-1170546|Reactome:R-HSA-1227986|Reactome:R-HSA-1236394|Reactome:R-HSA-1236974|Reactome:R-HSA-1236977|Reactome:R-HSA-1236978|Reactome:R-HSA-1250196|Reactome:R-HSA-1250342|Reactome:R-HSA-1250347|Reactome:R-HSA-1251985|Reactome:R-HSA-1257604|Reactome:R-HSA-1266695|Reactome:R-HSA-1300645|Reactome:R-HSA-1306955|Reactome:R-HSA-1307965|Reactome:R-HSA-1358803|Reactome:R-HSA-140834|Reactome:R-HSA-140837|Reactome:R-HSA-140875|Reactome:R-HSA-1433557|Reactome:R-HSA-1433559|Reactome:R-HSA-1442490|Reactome:R-HSA-1445148|Reactome:R-HSA-1462054|Reactome:R-HSA-1474228|Reactome:R-HSA-1483115|Reactome:R-HSA-1483152|Reactome:R-HSA-1566977|Reactome:R-HSA-163125|Reactome:R-HSA-1632852|Reactome:R-HSA-163680|Reactome:R-HSA-164939|Reactome:R-HSA-164940|Reactome:R-HSA-1650814|Reactome:R-HSA-1660499|Reactome:R-HSA-1660514|Reactome:R-HSA-166058|Reactome:R-HSA-1660661|Reactome:R-HSA-166663|Reactome:R-HSA-166665|Reactome:R-HSA-167021|Reactome:R-HSA-167044|Reactome:R-HSA-167590|Reactome:R-HSA-170968|Reactome:R-HSA-170984|Reactome:R-HSA-173107|Reactome:R-HSA-173623|Reactome:R-HSA-173736|Reactome:R-HSA-174577|Reactome:R-HSA-177504|Reactome:R-HSA-177929|Reactome:R-HSA-180534|Reactome:R-HSA-1810476|Reactome:R-HSA-181429|Reactome:R-HSA-181430|Reactome:R-HSA-182218|Reactome:R-HSA-182971|Reactome:R-HSA-1839120|Reactome:R-HSA-1839122|Reactome:R-HSA-1839128|Reactome:R-HSA-1839130|Reactome:R-HSA-1855183|Reactome:R-HSA-1855204|Reactome:R-HSA-186763|Reactome:R-HSA-186797|Reactome:R-HSA-187024|Reactome:R-HSA-187042|Reactome:R-HSA-187706|Reactome:R-HSA-190322|Reactome:R-HSA-190370|Reactome:R-HSA-190371|Reactome:R-HSA-190372|Reactome:R-HSA-190373|Reactome:R-HSA-190374|Reactome:R-HSA-190375|Reactome:R-HSA-190377|Reactome:R-HSA-1912408|Reactome:R-HSA-193634|Reactome:R-HSA-193648|Reactome:R-HSA-193692|Reactome:R-HSA-194306|Reactome:R-HSA-195399|Reactome:R-HSA-196108|Reactome:R-HSA-1963640|Reactome:R-HSA-1963642|Reactome:R-HSA-1971475|Reactome:R-HSA-198203|Reactome:R-HSA-198745|Reactome:R-HSA-198933|Reactome:R-HSA-200425|Reactome:R-HSA-2022090|Reactome:R-HSA-2022854|Reactome:R-HSA-2022857|Reactome:R-HSA-2022870|Reactome:R-HSA-2022923|Reactome:R-HSA-2022928|Reactome:R-HSA-2023837|Reactome:R-HSA-2024096|Reactome:R-HSA-2024101|Reactome:R-HSA-202424|Reactome:R-HSA-202427|Reactome:R-HSA-202430|Reactome:R-HSA-202433|Reactome:R-HSA-2025928|Reactome:R-HSA-202733|Reactome:R-HSA-2029481|Reactome:R-HSA-2029482|Reactome:R-HSA-2029485|Reactome:R-HSA-2033515|Reactome:R-HSA-2033519|Reactome:R-HSA-204005|Reactome:R-HSA-209560|Reactome:R-HSA-210500|Reactome:R-HSA-210744|Reactome:R-HSA-210990|Reactome:R-HSA-210991|Reactome:R-HSA-210993|Reactome:R-HSA-2122947|Reactome:R-HSA-2122948|Reactome:R-HSA-212676|Reactome:R-HSA-2129379|Reactome:R-HSA-2132295|Reactome:R-HSA-2151201|Reactome:R-HSA-2151209|Reactome:R-HSA-216083|Reactome:R-HSA-2160916|Reactome:R-HSA-2168880|Reactome:R-HSA-2172127|Reactome:R-HSA-2173791|Reactome:R-HSA-2197563|Reactome:R-HSA-2206292|Reactome:R-HSA-2206302|Reactome:R-HSA-2214320|Reactome:R-HSA-2219530|Reactome:R-HSA-2243919|Reactome:R-HSA-2404192|Reactome:R-HSA-2424491|Reactome:R-HSA-2428928|Reactome:R-HSA-2428933|Reactome:R-HSA-2454202|Reactome:R-HSA-2559582|Reactome:R-HSA-2565942|Reactome:R-HSA-2586552|Reactome:R-HSA-2644606|Reactome:R-HSA-264642|Reactome:R-HSA-264876|Reactome:R-HSA-2672351|Reactome:R-HSA-2682334|Reactome:R-HSA-2730905|Reactome:R-HSA-2871796|Reactome:R-HSA-2871809|Reactome:R-HSA-2871837|Reactome:R-HSA-2892247|Reactome:R-HSA-2894862|Reactome:R-HSA-2979096|Reactome:R-HSA-3000157|Reactome:R-HSA-3000170|Reactome:R-HSA-3000171|Reactome:R-HSA-3000178|Reactome:R-HSA-3134963|Reactome:R-HSA-3214841|Reactome:R-HSA-3214847|Reactome:R-HSA-3322077|Reactome:R-HSA-350054|Reactome:R-HSA-354192|Reactome:R-HSA-354194|Reactome:R-HSA-3560783|Reactome:R-HSA-3560801|Reactome:R-HSA-3595172|Reactome:R-HSA-3595174|Reactome:R-HSA-3595177|Reactome:R-HSA-3656225|Reactome:R-HSA-3656237|Reactome:R-HSA-3656243|Reactome:R-HSA-3656244|Reactome:R-HSA-3656253|Reactome:R-HSA-372708|Reactome:R-HSA-373752|Reactome:R-HSA-373753|Reactome:R-HSA-373756|Reactome:R-HSA-373760|Reactome:R-HSA-375165|Reactome:R-HSA-375276|Reactome:R-HSA-376172|Reactome:R-HSA-376176|Reactome:R-HSA-3785653|Reactome:R-HSA-380259|Reactome:R-HSA-380270|Reactome:R-HSA-380284|Reactome:R-HSA-380320|Reactome:R-HSA-380972|Reactome:R-HSA-381340|Reactome:R-HSA-381426|Reactome:R-HSA-3878781|Reactome:R-HSA-388844|Reactome:R-HSA-389356|Reactome:R-HSA-389357|Reactome:R-HSA-389359|Reactome:R-HSA-389513|Reactome:R-HSA-389948|Reactome:R-HSA-390522|Reactome:R-HSA-391160|Reactome:R-HSA-3928662|Reactome:R-HSA-3928663|Reactome:R-HSA-3928664|Reactome:R-HSA-3928665|Reactome:R-HSA-399954|Reactome:R-HSA-399955|Reactome:R-HSA-399956|Reactome:R-HSA-4086398|Reactome:R-HSA-4086400|Reactome:R-HSA-416476|Reactome:R-HSA-416482|Reactome:R-HSA-416550|Reactome:R-HSA-416572|Reactome:R-HSA-416700|Reactome:R-HSA-418594|Reactome:R-HSA-418885|Reactome:R-HSA-418886|Reactome:R-HSA-418889|Reactome:R-HSA-418890|Reactome:R-HSA-418990|Reactome:R-HSA-419037|Reactome:R-HSA-420029|Reactome:R-HSA-420597|Reactome:R-HSA-428540|Reactome:R-HSA-428542|Reactome:R-HSA-428543|Reactome:R-HSA-428890|Reactome:R-HSA-430116|Reactome:R-HSA-432142|Reactome:R-HSA-432722|Reactome:R-HSA-433692|Reactome:R-HSA-437239|Reactome:R-HSA-4420097|Reactome:R-HSA-4420332|Reactome:R-HSA-445095|Reactome:R-HSA-445144|Reactome:R-HSA-445355|Reactome:R-HSA-445989|Reactome:R-HSA-446107|Reactome:R-HSA-446353|Reactome:R-HSA-447038|Reactome:R-HSA-447041|Reactome:R-HSA-447043|Reactome:R-HSA-448706|Reactome:R-HSA-449836|Reactome:R-HSA-451927|Reactome:R-HSA-4755510|Reactome:R-HSA-5083628|Reactome:R-HSA-5083629|Reactome:R-HSA-5083633|Reactome:R-HSA-5083635|Reactome:R-HSA-512988|Reactome:R-HSA-5140745|Reactome:R-HSA-5173214|Reactome:R-HSA-5218921|Reactome:R-HSA-5223345|Reactome:R-HSA-525793|Reactome:R-HSA-5576892|Reactome:R-HSA-5603029|Reactome:R-HSA-5607761|Reactome:R-HSA-5607763|Reactome:R-HSA-5607764|Reactome:R-HSA-5619070|Reactome:R-HSA-5620912|Reactome:R-HSA-5620916|Reactome:R-HSA-5621575|Reactome:R-HSA-5627123|Reactome:R-HSA-5628897|Reactome:R-HSA-5632681|Reactome:R-HSA-5635838|Reactome:R-HSA-5654219|Reactome:R-HSA-5654221|Reactome:R-HSA-5654227|Reactome:R-HSA-5654228|Reactome:R-HSA-5654687|Reactome:R-HSA-5654688|Reactome:R-HSA-5654689|Reactome:R-HSA-5654693|Reactome:R-HSA-5654695|Reactome:R-HSA-5654699|Reactome:R-HSA-5654700|Reactome:R-HSA-5654704|Reactome:R-HSA-5654706|Reactome:R-HSA-5654710|Reactome:R-HSA-5654712|Reactome:R-HSA-5654719|Reactome:R-HSA-5654720|Reactome:R-HSA-5654726|Reactome:R-HSA-5654727|Reactome:R-HSA-5654732|Reactome:R-HSA-5654733|Reactome:R-HSA-5655253|Reactome:R-HSA-5655291|Reactome:R-HSA-5655302|Reactome:R-HSA-5655332|Reactome:R-HSA-5658623|Reactome:R-HSA-5660668|Reactome:R-HSA-5673001|Reactome:R-HSA-5674135|Reactome:R-HSA-5676590|Reactome:R-HSA-5683826|Reactome:R-HSA-5684264|Reactome:R-HSA-5687128|Reactome:R-HSA-5688849|Reactome:R-HSA-5688890|Reactome:R-HSA-5689603|Reactome:R-HSA-5690714|Reactome:R-HSA-5694530|Reactome:R-HSA-6783783|Reactome:R-HSA-6785631|Reactome:R-HSA-6785807|Reactome:R-HSA-6788467|Reactome:R-HSA-6798695|Reactome:R-HSA-6802946|Reactome:R-HSA-6802948|Reactome:R-HSA-6802952|Reactome:R-HSA-6802955|Reactome:R-HSA-6804756|Reactome:R-HSA-6806942|Reactome:R-HSA-6807004|Reactome:R-HSA-6809371|Reactome:R-HSA-6811558|Reactome:R-HSA-74713|Reactome:R-HSA-74749|Reactome:R-HSA-74751|Reactome:R-HSA-74752|Reactome:R-HSA-75892|Reactome:R-HSA-76009|Reactome:R-HSA-77387|Reactome:R-HSA-844456|Reactome:R-HSA-877300|Reactome:R-HSA-877312|Reactome:R-HSA-879415|Reactome:R-HSA-8847993|Reactome:R-HSA-8849932|Reactome:R-HSA-8851680|Reactome:R-HSA-8851708|Reactome:R-HSA-8851805|Reactome:R-HSA-8851907|Reactome:R-HSA-8852405|Reactome:R-HSA-8853333|Reactome:R-HSA-8853334|Reactome:R-HSA-8853336|Reactome:R-HSA-8853383|Reactome:R-HSA-8853884|Reactome:R-HSA-8854518|Reactome:R-HSA-8854691|Reactome:R-HSA-8856825|Reactome:R-HSA-8856828|Reactome:R-HSA-8857538|Reactome:R-HSA-8863795|Reactome:R-HSA-8865999|Reactome:R-HSA-8866654|Reactome:R-HSA-8866910|Reactome:R-HSA-8874081|Reactome:R-HSA-8875360|Reactome:R-HSA-8875513|Reactome:R-HSA-8875555|Reactome:R-HSA-8875656|Reactome:R-HSA-8875791|Reactome:R-HSA-8877330|Reactome:R-HSA-8932504|Reactome:R-HSA-8932505|Reactome:R-HSA-8932506|Reactome:R-HSA-8939247|Reactome:R-HSA-8941856|Reactome:R-HSA-8948216|Reactome:R-HSA-8951664|Reactome:R-HSA-8957275|Reactome:R-HSA-8963896|Reactome:R-HSA-8964038|Reactome:R-HSA-8964046|Reactome:R-HSA-8980692|Reactome:R-HSA-8983432|Reactome:R-HSA-8983711|Reactome:R-HSA-8984722|Reactome:R-HSA-8985586|Reactome:R-HSA-8985801|Reactome:R-HSA-8985947|Reactome:R-HSA-9006335|Reactome:R-HSA-9007892|Reactome:R-HSA-9008059|Reactome:R-HSA-9009391|Reactome:R-HSA-9010553|Reactome:R-HSA-9010642|Reactome:R-HSA-9012546|Reactome:R-HSA-9013026|Reactome:R-HSA-9013106|Reactome:R-HSA-9013148|Reactome:R-HSA-9013149|Reactome:R-HSA-9013404|Reactome:R-HSA-9013405|Reactome:R-HSA-9013406|Reactome:R-HSA-9013408|Reactome:R-HSA-9013409|Reactome:R-HSA-9013420|Reactome:R-HSA-9013423|Reactome:R-HSA-9013424|Reactome:R-HSA-9013508|Reactome:R-HSA-9013695|Reactome:R-HSA-9014826|Reactome:R-HSA-9014843|Reactome:R-HSA-9020558|Reactome:R-HSA-9020591|Reactome:R-HSA-9020702|Reactome:R-HSA-9020933|Reactome:R-HSA-9020956|Reactome:R-HSA-9020958|Reactome:R-HSA-9022699|Reactome:R-HSA-9024909|Reactome:R-HSA-9025046|Reactome:R-HSA-9026357|Reactome:R-HSA-9026519|Reactome:R-HSA-9026527|Reactome:R-HSA-9027276|Reactome:R-HSA-9027277|Reactome:R-HSA-9027283|Reactome:R-HSA-9027284|Reactome:R-HSA-9028335|Reactome:R-HSA-9028731|Reactome:R-HSA-9031628|Reactome:R-HSA-9032500|Reactome:R-HSA-9032759|Reactome:R-HSA-9032845|Reactome:R-HSA-9034013|Reactome:R-HSA-9034015|Reactome:R-HSA-9034793|Reactome:R-HSA-9034864|Reactome:R-HSA-9035034|Reactome:R-HSA-909733|Reactome:R-HSA-912526|Reactome:R-HSA-912694|Reactome:R-HSA-917977|Reactome:R-HSA-933542|Reactome:R-HSA-9603381|Reactome:R-HSA-9603505|Reactome:R-HSA-9607240|Reactome:R-HSA-9609523|Reactome:R-HSA-9609690|Reactome:R-HSA-9610379|Reactome:R-HSA-9613354|Reactome:R-HSA-9615017|Reactome:R-HSA-9616222|Reactome:R-HSA-9619483|Reactome:R-HSA-9619665|Reactome:R-HSA-9620244|Reactome:R-HSA-9634597|Reactome:R-HSA-9637628|Reactome:R-HSA-9638334|Reactome:R-HSA-9638630|Reactome:R-HSA-9645135|Reactome:R-HSA-9649948|Reactome:R-HSA-9656223|Reactome:R-HSA-9660826|Reactome:R-HSA-9664323|Reactome:R-HSA-9664422|Reactome:R-HSA-9664565|Reactome:R-HSA-9664873|Reactome:R-HSA-9665686|Reactome:R-HSA-9669914|Reactome:R-HSA-9669917|Reactome:R-HSA-9669921|Reactome:R-HSA-9669924|Reactome:R-HSA-9669926|Reactome:R-HSA-9669929|Reactome:R-HSA-9669933|Reactome:R-HSA-9669934|Reactome:R-HSA-9669935|Reactome:R-HSA-9669936|Reactome:R-HSA-9670439|Reactome:R-HSA-9673767|Reactome:R-HSA-9673768|Reactome:R-HSA-9673770|Reactome:R-HSA-9674396|Reactome:R-HSA-9674401|Reactome:R-HSA-9674403|Reactome:R-HSA-9674404|Reactome:R-HSA-9674428|Reactome:R-HSA-9674555|Reactome:R-HSA-9679191|Reactome:R-HSA-9680187|Reactome:R-HSA-9680350|Reactome:R-HSA-9692916|Reactome:R-HSA-9694614|Reactome:R-HSA-9696264|Reactome:R-HSA-9696270|Reactome:R-HSA-9696273|Reactome:R-HSA-9700645|Reactome:R-HSA-9701898|Reactome:R-HSA-9702509|Reactome:R-HSA-9702518|Reactome:R-HSA-9702569|Reactome:R-HSA-9702577|Reactome:R-HSA-9702581|Reactome:R-HSA-9702590|Reactome:R-HSA-9702596|Reactome:R-HSA-9702600|Reactome:R-HSA-9702605|Reactome:R-HSA-9702614|Reactome:R-HSA-9702620|Reactome:R-HSA-9702624|Reactome:R-HSA-9702632|Reactome:R-HSA-9702636|Reactome:R-HSA-9702998|Reactome:R-HSA-9703009|Reactome:R-HSA-9703648|Reactome:R-HSA-9705462|Reactome:R-HSA-9705671|Reactome:R-HSA-9706369|Reactome:R-HSA-9706374|Reactome:R-HSA-9706377|Reactome:R-HSA-9717207|Reactome:R-HSA-9725370|Reactome:R-HSA-9725371|Reactome:R-HSA-9725554|Reactome:R-HSA-9732724|Reactome:R-HSA-9734091|Reactome:R-HSA-9749641|Reactome:R-HSA-9752946|Reactome:R-HSA-975634|Reactome:R-HSA-9758919|Reactome:R-HSA-977225|Reactome:R-HSA-9772755|Reactome:R-HSA-977443|Reactome:R-HSA-977606|Reactome:R-HSA-9793380|Reactome:R-HSA-9818749|Reactome:R-HSA-9820960|Reactome:R-HSA-9824272|Reactome:R-HSA-9824585|Reactome:R-HSA-9825892|Reactome:R-HSA-982772|Reactome:R-HSA-9830674|Reactome:R-HSA-983168|Reactome:R-HSA-983170|Reactome:R-HSA-9833109|Reactome:R-HSA-9833110|Reactome:R-HSA-983695|Reactome:R-HSA-9843940|Reactome:R-HSA-9843970|Reactome:R-HSA-9844594|Reactome:R-HSA-9851151|Reactome:R-HSA-9854909|Reactome:R-HSA-9856530|Reactome:R-HSA-9856532|Reactome:R-HSA-9856649|Reactome:R-HSA-9860927|Reactome:R-HSA-9909620|Reactome:R-HSA-9909649|Reactome:R-HSA-9913351|Reactome:R-HSA-9918481|Reactome:R-HSA-9918485|Reactome:R-HSA-9920588|Reactome:R-HSA-9925563|Reactome:R-HSA-9926550|Reactome:R-HSA-9927353|Reactome:R-HSA-9927354|Reactome:R-HSA-9927418|Reactome:R-HSA-9927426|Reactome:R-HSA-9929356|Reactome:R-HSA-9929491|Reactome:R-HSA-9931269|Reactome:R-HSA-9931295|Reactome:R-HSA-9939291|Reactome:R-HSA-9942503|Reactome:R-HSA-9953038|Reactome:R-HSA-9953080|Reactome:R-MMU-1059683|Reactome:R-MMU-109704|Reactome:R-MMU-110056|Reactome:R-MMU-112411|Reactome:R-MMU-114604|Reactome:R-MMU-114608|Reactome:R-MMU-1169091|Reactome:R-MMU-1169408|Reactome:R-MMU-1170546|Reactome:R-MMU-1227986|Reactome:R-MMU-1236394|Reactome:R-MMU-1236974|Reactome:R-MMU-1236977|Reactome:R-MMU-1236978|Reactome:R-MMU-1250196|Reactome:R-MMU-1250342|Reactome:R-MMU-1250347|Reactome:R-MMU-1257604|Reactome:R-MMU-1266695|Reactome:R-MMU-1306955|Reactome:R-MMU-1307965|Reactome:R-MMU-1358803|Reactome:R-MMU-140834|Reactome:R-MMU-140837|Reactome:R-MMU-140875|Reactome:R-MMU-1433557|Reactome:R-MMU-1433559|Reactome:R-MMU-1442490|Reactome:R-MMU-1462054|Reactome:R-MMU-1474228|Reactome:R-MMU-1566977|Reactome:R-MMU-163125|Reactome:R-MMU-1632852|Reactome:R-MMU-163680|Reactome:R-MMU-1650814|Reactome:R-MMU-1660499|Reactome:R-MMU-1660514|Reactome:R-MMU-166663|Reactome:R-MMU-166665|Reactome:R-MMU-170968|Reactome:R-MMU-170984|Reactome:R-MMU-173623|Reactome:R-MMU-173736|Reactome:R-MMU-174577|Reactome:R-MMU-177504|Reactome:R-MMU-177929|Reactome:R-MMU-1810476|Reactome:R-MMU-181429|Reactome:R-MMU-181430|Reactome:R-MMU-182971|Reactome:R-MMU-1855183|Reactome:R-MMU-1855204|Reactome:R-MMU-186763|Reactome:R-MMU-186797|Reactome:R-MMU-187042|Reactome:R-MMU-190322|Reactome:R-MMU-190370|Reactome:R-MMU-190371|Reactome:R-MMU-190372|Reactome:R-MMU-190373|Reactome:R-MMU-190374|Reactome:R-MMU-190375|Reactome:R-MMU-190377|Reactome:R-MMU-193634|Reactome:R-MMU-193648|Reactome:R-MMU-193692|Reactome:R-MMU-194306|Reactome:R-MMU-195399|Reactome:R-MMU-196108|Reactome:R-MMU-1963640|Reactome:R-MMU-1963642|Reactome:R-MMU-1971475|Reactome:R-MMU-198203|Reactome:R-MMU-198933|Reactome:R-MMU-200425|Reactome:R-MMU-2022854|Reactome:R-MMU-2022857|Reactome:R-MMU-2022870|Reactome:R-MMU-2022923|Reactome:R-MMU-2024096|Reactome:R-MMU-2024101|Reactome:R-MMU-202424|Reactome:R-MMU-202427|Reactome:R-MMU-202430|Reactome:R-MMU-202433|Reactome:R-MMU-2025928|Reactome:R-MMU-202733|Reactome:R-MMU-2029481|Reactome:R-MMU-2029482|Reactome:R-MMU-2029485|Reactome:R-MMU-204005|Reactome:R-MMU-209560|Reactome:R-MMU-210500|Reactome:R-MMU-210990|Reactome:R-MMU-210991|Reactome:R-MMU-210993|Reactome:R-MMU-2122947|Reactome:R-MMU-212676|Reactome:R-MMU-2129379|Reactome:R-MMU-2132295|Reactome:R-MMU-216083|Reactome:R-MMU-2160916|Reactome:R-MMU-2168880|Reactome:R-MMU-2172127|Reactome:R-MMU-2173791|Reactome:R-MMU-2214320|Reactome:R-MMU-2243919|Reactome:R-MMU-2404192|Reactome:R-MMU-2424491|Reactome:R-MMU-2428928|Reactome:R-MMU-2428933|Reactome:R-MMU-2454202|Reactome:R-MMU-264642|Reactome:R-MMU-264876|Reactome:R-MMU-2672351|Reactome:R-MMU-2682334|Reactome:R-MMU-2730905|Reactome:R-MMU-2871796|Reactome:R-MMU-2871809|Reactome:R-MMU-2871837|Reactome:R-MMU-3000170|Reactome:R-MMU-3000178|Reactome:R-MMU-3134963|Reactome:R-MMU-3214841|Reactome:R-MMU-3214847|Reactome:R-MMU-3322077|Reactome:R-MMU-350054|Reactome:R-MMU-354192|Reactome:R-MMU-354194|Reactome:R-MMU-372708|Reactome:R-MMU-373752|Reactome:R-MMU-373753|Reactome:R-MMU-373756|Reactome:R-MMU-373760|Reactome:R-MMU-375165|Reactome:R-MMU-375276|Reactome:R-MMU-376172|Reactome:R-MMU-376176|Reactome:R-MMU-380972|Reactome:R-MMU-381426|Reactome:R-MMU-388844|Reactome:R-MMU-389356|Reactome:R-MMU-389357|Reactome:R-MMU-389359|Reactome:R-MMU-389513|Reactome:R-MMU-389948|Reactome:R-MMU-390522|Reactome:R-MMU-391160|Reactome:R-MMU-3928662|Reactome:R-MMU-3928663|Reactome:R-MMU-3928664|Reactome:R-MMU-3928665|Reactome:R-MMU-399954|Reactome:R-MMU-399955|Reactome:R-MMU-399956|Reactome:R-MMU-4086398|Reactome:R-MMU-416476|Reactome:R-MMU-416482|Reactome:R-MMU-416550|Reactome:R-MMU-416572|Reactome:R-MMU-416700|Reactome:R-MMU-418594|Reactome:R-MMU-418885|Reactome:R-MMU-418889|Reactome:R-MMU-418990|Reactome:R-MMU-419037|Reactome:R-MMU-420029|Reactome:R-MMU-420597|Reactome:R-MMU-428890|Reactome:R-MMU-430116|Reactome:R-MMU-432142|Reactome:R-MMU-432722|Reactome:R-MMU-433692|Reactome:R-MMU-437239|Reactome:R-MMU-4420097|Reactome:R-MMU-445095|Reactome:R-MMU-445144|Reactome:R-MMU-445355|Reactome:R-MMU-445989|Reactome:R-MMU-446107|Reactome:R-MMU-446353|Reactome:R-MMU-447043|Reactome:R-MMU-448706|Reactome:R-MMU-449836|Reactome:R-MMU-4755510|Reactome:R-MMU-512988|Reactome:R-MMU-5140745|Reactome:R-MMU-5173214|Reactome:R-MMU-5218921|Reactome:R-MMU-5223345|Reactome:R-MMU-525793|Reactome:R-MMU-5607761|Reactome:R-MMU-5607763|Reactome:R-MMU-5607764|Reactome:R-MMU-5620916|Reactome:R-MMU-5621575|Reactome:R-MMU-5627123|Reactome:R-MMU-5628897|Reactome:R-MMU-5632681|Reactome:R-MMU-5635838|Reactome:R-MMU-5654219|Reactome:R-MMU-5654221|Reactome:R-MMU-5654227|Reactome:R-MMU-5654228|Reactome:R-MMU-5654687|Reactome:R-MMU-5654688|Reactome:R-MMU-5654689|Reactome:R-MMU-5654693|Reactome:R-MMU-5654695|Reactome:R-MMU-5654699|Reactome:R-MMU-5654700|Reactome:R-MMU-5654704|Reactome:R-MMU-5654706|Reactome:R-MMU-5654710|Reactome:R-MMU-5654712|Reactome:R-MMU-5654719|Reactome:R-MMU-5654720|Reactome:R-MMU-5654726|Reactome:R-MMU-5654727|Reactome:R-MMU-5654732|Reactome:R-MMU-5654733|Reactome:R-MMU-5658623|Reactome:R-MMU-5660668|Reactome:R-MMU-5673001|Reactome:R-MMU-5674135|Reactome:R-MMU-5676590|Reactome:R-MMU-5683826|Reactome:R-MMU-5684264|Reactome:R-MMU-5687128|Reactome:R-MMU-5689603|Reactome:R-MMU-5690714|Reactome:R-MMU-5694530|Reactome:R-MMU-6783783|Reactome:R-MMU-6785631|Reactome:R-MMU-6785807|Reactome:R-MMU-6788467|Reactome:R-MMU-6798695|Reactome:R-MMU-6804756|Reactome:R-MMU-6806942|Reactome:R-MMU-6807004|Reactome:R-MMU-6809371|Reactome:R-MMU-6811558|Reactome:R-MMU-74713|Reactome:R-MMU-74749|Reactome:R-MMU-74751|Reactome:R-MMU-74752|Reactome:R-MMU-75892|Reactome:R-MMU-77387|Reactome:R-MMU-877300|Reactome:R-MMU-877312|Reactome:R-MMU-879415|Reactome:R-MMU-8847993|Reactome:R-MMU-8849932|Reactome:R-MMU-8851680|Reactome:R-MMU-8851805|Reactome:R-MMU-8851907|Reactome:R-MMU-8852405|Reactome:R-MMU-8853383|Reactome:R-MMU-8854691|Reactome:R-MMU-8856825|Reactome:R-MMU-8856828|Reactome:R-MMU-8857538|Reactome:R-MMU-8863795|Reactome:R-MMU-8865999|Reactome:R-MMU-8874081|Reactome:R-MMU-8875513|Reactome:R-MMU-8875555|Reactome:R-MMU-8875656|Reactome:R-MMU-8875791|Reactome:R-MMU-8932504|Reactome:R-MMU-8932505|Reactome:R-MMU-8932506|Reactome:R-MMU-8941856|Reactome:R-MMU-8948216|Reactome:R-MMU-8957275|Reactome:R-MMU-8963896|Reactome:R-MMU-8980692|Reactome:R-MMU-8983432|Reactome:R-MMU-8984722|Reactome:R-MMU-8985586|Reactome:R-MMU-8985947|Reactome:R-MMU-9006335|Reactome:R-MMU-9007892|Reactome:R-MMU-9009391|Reactome:R-MMU-9010553|Reactome:R-MMU-9012546|Reactome:R-MMU-9013026|Reactome:R-MMU-9013106|Reactome:R-MMU-9013148|Reactome:R-MMU-9013149|Reactome:R-MMU-9013404|Reactome:R-MMU-9013406|Reactome:R-MMU-9013408|Reactome:R-MMU-9013409|Reactome:R-MMU-9013420|Reactome:R-MMU-9013423|Reactome:R-MMU-9013424|Reactome:R-MMU-9014826|Reactome:R-MMU-9014843|Reactome:R-MMU-9020558|Reactome:R-MMU-9020591|Reactome:R-MMU-9020702|Reactome:R-MMU-9020933|Reactome:R-MMU-9020956|Reactome:R-MMU-9020958|Reactome:R-MMU-9026527|Reactome:R-MMU-9027276|Reactome:R-MMU-9027284|Reactome:R-MMU-9028731|Reactome:R-MMU-9032759|Reactome:R-MMU-9034013|Reactome:R-MMU-9034793|Reactome:R-MMU-9035034|Reactome:R-MMU-909733|Reactome:R-MMU-912526|Reactome:R-MMU-912694|Reactome:R-MMU-917977|Reactome:R-MMU-933542|Reactome:R-MMU-9603381|Reactome:R-MMU-9607240|Reactome:R-MMU-9609523|Reactome:R-MMU-9634597|Reactome:R-MMU-9664873|Reactome:R-MMU-9696264|Reactome:R-MMU-9696270|Reactome:R-MMU-9696273|Reactome:R-MMU-9706369|Reactome:R-MMU-9706374|Reactome:R-MMU-9732724|Reactome:R-MMU-9734091|Reactome:R-MMU-9749641|Reactome:R-MMU-9772755|Reactome:R-MMU-977606|Reactome:R-MMU-982772|Reactome:R-MMU-983168|Reactome:R-MMU-983170|Reactome:R-MMU-983695|Reactome:R-MMU-9843940|Reactome:R-MMU-9851151|Reactome:R-MMU-9856649|Reactome:R-MMU-9860927|Reactome:R-MMU-9913351|Reactome:R-MMU-9927353|Reactome:R-MMU-9927354|Reactome:R-MMU-9929356|Reactome:R-MMU-9929491|Reactome:R-MMU-9931269|Reactome:R-MMU-9931295|Reactome:R-MMU-9939291|Reactome:R-MTU-868688|Reactome:R-RNO-1059683|Reactome:R-RNO-109704|Reactome:R-RNO-110056|Reactome:R-RNO-112411|Reactome:R-RNO-114608|Reactome:R-RNO-1169091|Reactome:R-RNO-1170546|Reactome:R-RNO-1227986|Reactome:R-RNO-1236394|Reactome:R-RNO-1236974|Reactome:R-RNO-1236977|Reactome:R-RNO-1250196|Reactome:R-RNO-1250342|Reactome:R-RNO-1250347|Reactome:R-RNO-1257604|Reactome:R-RNO-1306955|Reactome:R-RNO-1307965|Reactome:R-RNO-1358803|Reactome:R-RNO-140834|Reactome:R-RNO-140837|Reactome:R-RNO-140875|Reactome:R-RNO-1462054|Reactome:R-RNO-1474228|Reactome:R-RNO-1566977|Reactome:R-RNO-163125|Reactome:R-RNO-1632852|Reactome:R-RNO-163680|Reactome:R-RNO-1660499|Reactome:R-RNO-1660514|Reactome:R-RNO-166663|Reactome:R-RNO-166665|Reactome:R-RNO-170968|Reactome:R-RNO-170984|Reactome:R-RNO-173623|Reactome:R-RNO-173736|Reactome:R-RNO-174577|Reactome:R-RNO-177504|Reactome:R-RNO-1810476|Reactome:R-RNO-181429|Reactome:R-RNO-181430|Reactome:R-RNO-1855183|Reactome:R-RNO-1855204|Reactome:R-RNO-186763|Reactome:R-RNO-186797|Reactome:R-RNO-187042|Reactome:R-RNO-190322|Reactome:R-RNO-190370|Reactome:R-RNO-190373|Reactome:R-RNO-190374|Reactome:R-RNO-193634|Reactome:R-RNO-193648|Reactome:R-RNO-193692|Reactome:R-RNO-194306|Reactome:R-RNO-195399|Reactome:R-RNO-196108|Reactome:R-RNO-1963640|Reactome:R-RNO-1963642|Reactome:R-RNO-1971475|Reactome:R-RNO-198203|Reactome:R-RNO-198933|Reactome:R-RNO-200425|Reactome:R-RNO-2022854|Reactome:R-RNO-2022857|Reactome:R-RNO-2022870|Reactome:R-RNO-2022923|Reactome:R-RNO-2024101|Reactome:R-RNO-202424|Reactome:R-RNO-202427|Reactome:R-RNO-202430|Reactome:R-RNO-202433|Reactome:R-RNO-2025928|Reactome:R-RNO-202733|Reactome:R-RNO-2029481|Reactome:R-RNO-2029482|Reactome:R-RNO-2029485|Reactome:R-RNO-209560|Reactome:R-RNO-210500|Reactome:R-RNO-210990|Reactome:R-RNO-210991|Reactome:R-RNO-212676|Reactome:R-RNO-2129379|Reactome:R-RNO-2132295|Reactome:R-RNO-216083|Reactome:R-RNO-2160916|Reactome:R-RNO-2172127|Reactome:R-RNO-2173791|Reactome:R-RNO-2404192|Reactome:R-RNO-2424491|Reactome:R-RNO-2428928|Reactome:R-RNO-2428933|Reactome:R-RNO-2454202|Reactome:R-RNO-264642|Reactome:R-RNO-264876|Reactome:R-RNO-2682334|Reactome:R-RNO-2730905|Reactome:R-RNO-2871796|Reactome:R-RNO-2871809|Reactome:R-RNO-2871837|Reactome:R-RNO-3000170|Reactome:R-RNO-3000178|Reactome:R-RNO-3134963|Reactome:R-RNO-3214841|Reactome:R-RNO-3214847|Reactome:R-RNO-354192|Reactome:R-RNO-354194|Reactome:R-RNO-372708|Reactome:R-RNO-373752|Reactome:R-RNO-373753|Reactome:R-RNO-373760|Reactome:R-RNO-375165|Reactome:R-RNO-375276|Reactome:R-RNO-376172|Reactome:R-RNO-380972|Reactome:R-RNO-381426|Reactome:R-RNO-388844|Reactome:R-RNO-389356|Reactome:R-RNO-389357|Reactome:R-RNO-389359|Reactome:R-RNO-389948|Reactome:R-RNO-390522|Reactome:R-RNO-391160|Reactome:R-RNO-3928662|Reactome:R-RNO-3928663|Reactome:R-RNO-3928664|Reactome:R-RNO-3928665|Reactome:R-RNO-399954|Reactome:R-RNO-399955|Reactome:R-RNO-399956|Reactome:R-RNO-416476|Reactome:R-RNO-416482|Reactome:R-RNO-416550|Reactome:R-RNO-416700|Reactome:R-RNO-418594|Reactome:R-RNO-418885|Reactome:R-RNO-418889|Reactome:R-RNO-418990|Reactome:R-RNO-419037|Reactome:R-RNO-420029|Reactome:R-RNO-420597|Reactome:R-RNO-432142|Reactome:R-RNO-432722|Reactome:R-RNO-433692|Reactome:R-RNO-437239|Reactome:R-RNO-4420097|Reactome:R-RNO-445095|Reactome:R-RNO-445144|Reactome:R-RNO-445989|Reactome:R-RNO-446107|Reactome:R-RNO-446353|Reactome:R-RNO-447043|Reactome:R-RNO-448706|Reactome:R-RNO-449836|Reactome:R-RNO-5218921|Reactome:R-RNO-5223345|Reactome:R-RNO-525793|Reactome:R-RNO-5607763|Reactome:R-RNO-5607764|Reactome:R-RNO-5620916|Reactome:R-RNO-5621575|Reactome:R-RNO-5628897|Reactome:R-RNO-5632681|Reactome:R-RNO-5654219|Reactome:R-RNO-5654228|Reactome:R-RNO-5654687|Reactome:R-RNO-5654688|Reactome:R-RNO-5654689|Reactome:R-RNO-5654693|Reactome:R-RNO-5654712|Reactome:R-RNO-5654719|Reactome:R-RNO-5654720|Reactome:R-RNO-5654726|Reactome:R-RNO-5654733|Reactome:R-RNO-5658623|Reactome:R-RNO-5673001|Reactome:R-RNO-5674135|Reactome:R-RNO-5683826|Reactome:R-RNO-5684264|Reactome:R-RNO-5687128|Reactome:R-RNO-5689603|Reactome:R-RNO-6785631|Reactome:R-RNO-6785807|Reactome:R-RNO-6788467|Reactome:R-RNO-6798695|Reactome:R-RNO-6804756|Reactome:R-RNO-6806942|Reactome:R-RNO-6807004|Reactome:R-RNO-6809371|Reactome:R-RNO-6811558|Reactome:R-RNO-74713|Reactome:R-RNO-74749|Reactome:R-RNO-74751|Reactome:R-RNO-74752|Reactome:R-RNO-77387|Reactome:R-RNO-879415|Reactome:R-RNO-8847993|Reactome:R-RNO-8849932|Reactome:R-RNO-8851680|Reactome:R-RNO-8851805|Reactome:R-RNO-8851907|Reactome:R-RNO-8853383|Reactome:R-RNO-8854691|Reactome:R-RNO-8856825|Reactome:R-RNO-8856828|Reactome:R-RNO-8857538|Reactome:R-RNO-8863795|Reactome:R-RNO-8865999|Reactome:R-RNO-8874081|Reactome:R-RNO-8875513|Reactome:R-RNO-8875555|Reactome:R-RNO-8875656|Reactome:R-RNO-8875791|Reactome:R-RNO-8932505|Reactome:R-RNO-8951664|Reactome:R-RNO-8957275|Reactome:R-RNO-8963896|Reactome:R-RNO-8980692|Reactome:R-RNO-8983432|Reactome:R-RNO-8984722|Reactome:R-RNO-9006335|Reactome:R-RNO-9007892|Reactome:R-RNO-9009391|Reactome:R-RNO-9013026|Reactome:R-RNO-9013106|Reactome:R-RNO-9013148|Reactome:R-RNO-9013149|Reactome:R-RNO-9013404|Reactome:R-RNO-9013408|Reactome:R-RNO-9013409|Reactome:R-RNO-9013423|Reactome:R-RNO-9014826|Reactome:R-RNO-9014843|Reactome:R-RNO-9020558|Reactome:R-RNO-9020702|Reactome:R-RNO-9020956|Reactome:R-RNO-9026527|Reactome:R-RNO-9027276|Reactome:R-RNO-9027284|Reactome:R-RNO-9028731|Reactome:R-RNO-9032759|Reactome:R-RNO-9034013|Reactome:R-RNO-9034793|Reactome:R-RNO-9035034|Reactome:R-RNO-912526|Reactome:R-RNO-917977|Reactome:R-RNO-933542|Reactome:R-RNO-9603381|Reactome:R-RNO-9609523|Reactome:R-RNO-9634597|Reactome:R-RNO-9664873|Reactome:R-RNO-9734091|Reactome:R-RNO-9749641|Reactome:R-RNO-9772755|Reactome:R-RNO-977606|Reactome:R-RNO-982772|Reactome:R-RNO-983168|Reactome:R-RNO-983170|Reactome:R-RNO-9851151|Reactome:R-RNO-9860927|Reactome:R-RNO-9927353|Reactome:R-RNO-9927354|Reactome:R-RNO-9931269|Reactome:R-SCE-1632852|Reactome:R-SCE-163680|Reactome:R-SCE-200425|Reactome:R-SCE-3322077|Reactome:R-SCE-380972|Reactome:R-SCE-6798695|Reactome:R-SCE-8948751|Reactome:R-SCE-9013106|Reactome:R-SCE-9609523|Reactome:R-SPO-1632852|Reactome:R-SPO-163680|Reactome:R-SPO-200425|Reactome:R-SPO-380972|Reactome:R-SPO-5628897|Reactome:R-SPO-6798695|Reactome:R-SPO-9609523|Reactome:R-SPO-9664873|Reactome:R-SSC-114608|Reactome:R-SSC-1170546|Reactome:R-SSC-1236974|Reactome:R-SSC-1236977|Reactome:R-SSC-1257604|Reactome:R-SSC-1474228|Reactome:R-SSC-173623|Reactome:R-SSC-198933|Reactome:R-SSC-2022854|Reactome:R-SSC-2022857|Reactome:R-SSC-2024101|Reactome:R-SSC-202424|Reactome:R-SSC-202427|Reactome:R-SSC-202430|Reactome:R-SSC-202433|Reactome:R-SSC-202733|Reactome:R-SSC-2029481|Reactome:R-SSC-2029482|Reactome:R-SSC-2029485|Reactome:R-SSC-210990|Reactome:R-SSC-2132295|Reactome:R-SSC-216083|Reactome:R-SSC-2160916|Reactome:R-SSC-2168880|Reactome:R-SSC-2424491|Reactome:R-SSC-2454202|Reactome:R-SSC-2730905|Reactome:R-SSC-2871796|Reactome:R-SSC-2871809|Reactome:R-SSC-2871837|Reactome:R-SSC-3000178|Reactome:R-SSC-389948|Reactome:R-SSC-391160|Reactome:R-SSC-416550|Reactome:R-SSC-432142|Reactome:R-SSC-5673001|Reactome:R-SSC-5690714|Reactome:R-SSC-6798695|Reactome:R-SSC-6806942|Reactome:R-SSC-6807004|Reactome:R-SSC-6811558|Reactome:R-SSC-8851805|Reactome:R-SSC-8851907|Reactome:R-SSC-8856825|Reactome:R-SSC-8856828|Reactome:R-SSC-8865999|Reactome:R-SSC-8874081|Reactome:R-SSC-8875513|Reactome:R-SSC-8875555|Reactome:R-SSC-8875656|Reactome:R-SSC-8875791|Reactome:R-SSC-8980692|Reactome:R-SSC-9006335|Reactome:R-SSC-9013106|Reactome:R-SSC-9013404|Reactome:R-SSC-9013408|Reactome:R-SSC-9020591|Reactome:R-SSC-9020933|Reactome:R-SSC-9027276|Reactome:R-SSC-9027284|Reactome:R-SSC-9734091|Reactome:R-SSC-977606|Reactome:R-SSC-982772|Reactome:R-SSC-983170|Reactome:R-SSC-983695|Reactome:R-XTR-202433|Reactome:R-XTR-418990|Reactome:R-XTR-5654687
D_intermedium_KAN0046829	67ff2dda0cd7e88c4f78ba439d4aa31a	2207	Pfam	PF01833	IPT/TIG domain	807	879	1.2E-7	T	26-08-2026	IPR002909	IPT domain	-	Reactome:R-CEL-264876|Reactome:R-CEL-416482|Reactome:R-CEL-416572|Reactome:R-CEL-416700|Reactome:R-CEL-5620916|Reactome:R-CEL-913709|Reactome:R-DDI-3295583|Reactome:R-DDI-5213460|Reactome:R-DDI-5673000|Reactome:R-DDI-5674135|Reactome:R-DDI-5675221|Reactome:R-DDI-5675482|Reactome:R-DME-1169091|Reactome:R-DME-1810476|Reactome:R-DME-202424|Reactome:R-DME-209394|Reactome:R-DME-209400|Reactome:R-DME-209406|Reactome:R-DME-209560|Reactome:R-DME-214399|Reactome:R-DME-214411|Reactome:R-DME-214416|Reactome:R-DME-214842|Reactome:R-DME-214844|Reactome:R-DME-214869|Reactome:R-DME-264876|Reactome:R-DME-2871837|Reactome:R-DME-3134963|Reactome:R-DME-416482|Reactome:R-DME-416572|Reactome:R-DME-416700|Reactome:R-DME-445989|Reactome:R-DME-4755510|Reactome:R-DME-5607761|Reactome:R-DME-5607764|Reactome:R-DME-5620916|Reactome:R-DME-5621575|Reactome:R-DME-5676590|Reactome:R-DME-6798695|Reactome:R-DME-9020702|Reactome:R-DME-933542|Reactome:R-DME-9860927|Reactome:R-DRE-399954|Reactome:R-DRE-399956|Reactome:R-GGA-1227892|Reactome:R-GGA-434001|Reactome:R-GGA-434131|Reactome:R-HSA-1169091|Reactome:R-HSA-1257604|Reactome:R-HSA-1445148|Reactome:R-HSA-1810476|Reactome:R-HSA-193692|Reactome:R-HSA-202424|Reactome:R-HSA-2025928|Reactome:R-HSA-209560|Reactome:R-HSA-2219530|Reactome:R-HSA-2559582|Reactome:R-HSA-264876|Reactome:R-HSA-2871809|Reactome:R-HSA-2871837|Reactome:R-HSA-3134963|Reactome:R-HSA-3214841|Reactome:R-HSA-381340|Reactome:R-HSA-399954|Reactome:R-HSA-399955|Reactome:R-HSA-399956|Reactome:R-HSA-4086398|Reactome:R-HSA-416482|Reactome:R-HSA-416550|Reactome:R-HSA-416572|Reactome:R-HSA-416700|Reactome:R-HSA-445989|Reactome:R-HSA-448706|Reactome:R-HSA-4755510|Reactome:R-HSA-5603029|Reactome:R-HSA-5607761|Reactome:R-HSA-5607763|Reactome:R-HSA-5607764|Reactome:R-HSA-5620916|Reactome:R-HSA-5621575|Reactome:R-HSA-5660668|Reactome:R-HSA-5673001|Reactome:R-HSA-5676590|Reactome:R-HSA-5684264|Reactome:R-HSA-6798695|Reactome:R-HSA-6806942|Reactome:R-HSA-6807004|Reactome:R-HSA-6811558|Reactome:R-HSA-844456|Reactome:R-HSA-8851805|Reactome:R-HSA-8851907|Reactome:R-HSA-8852405|Reactome:R-HSA-8853884|Reactome:R-HSA-8865999|Reactome:R-HSA-8874081|Reactome:R-HSA-8875360|Reactome:R-HSA-8875513|Reactome:R-HSA-8875555|Reactome:R-HSA-8875656|Reactome:R-HSA-8875791|Reactome:R-HSA-8877330|Reactome:R-HSA-9013405|Reactome:R-HSA-9013508|Reactome:R-HSA-9020702|Reactome:R-HSA-9022699|Reactome:R-HSA-933542|Reactome:R-HSA-9609690|Reactome:R-HSA-9615017|Reactome:R-HSA-9660826|Reactome:R-HSA-9692916|Reactome:R-HSA-9696270|Reactome:R-HSA-9696273|Reactome:R-HSA-9734091|Reactome:R-HSA-9752946|Reactome:R-HSA-9818749|Reactome:R-HSA-9825892|Reactome:R-HSA-9844594|Reactome:R-HSA-9860927|Reactome:R-HSA-9909649|Reactome:R-HSA-9942503|Reactome:R-MMU-1169091|Reactome:R-MMU-1257604|Reactome:R-MMU-1810476|Reactome:R-MMU-193692|Reactome:R-MMU-202424|Reactome:R-MMU-2025928|Reactome:R-MMU-209560|Reactome:R-MMU-264876|Reactome:R-MMU-2871809|Reactome:R-MMU-2871837|Reactome:R-MMU-3134963|Reactome:R-MMU-3214841|Reactome:R-MMU-399954|Reactome:R-MMU-399955|Reactome:R-MMU-399956|Reactome:R-MMU-4086398|Reactome:R-MMU-416482|Reactome:R-MMU-416550|Reactome:R-MMU-416572|Reactome:R-MMU-416700|Reactome:R-MMU-445989|Reactome:R-MMU-448706|Reactome:R-MMU-4755510|Reactome:R-MMU-5607761|Reactome:R-MMU-5607763|Reactome:R-MMU-5607764|Reactome:R-MMU-5620916|Reactome:R-MMU-5621575|Reactome:R-MMU-5673001|Reactome:R-MMU-5676590|Reactome:R-MMU-5684264|Reactome:R-MMU-6798695|Reactome:R-MMU-6806942|Reactome:R-MMU-6807004|Reactome:R-MMU-6811558|Reactome:R-MMU-8851805|Reactome:R-MMU-8851907|Reactome:R-MMU-8852405|Reactome:R-MMU-8865999|Reactome:R-MMU-8874081|Reactome:R-MMU-8875513|Reactome:R-MMU-8875555|Reactome:R-MMU-8875656|Reactome:R-MMU-8875791|Reactome:R-MMU-9020702|Reactome:R-MMU-933542|Reactome:R-MMU-9696270|Reactome:R-MMU-9696273|Reactome:R-MMU-9734091|Reactome:R-MMU-9860927|Reactome:R-RNO-1169091|Reactome:R-RNO-1257604|Reactome:R-RNO-1810476|Reactome:R-RNO-193692|Reactome:R-RNO-202424|Reactome:R-RNO-2025928|Reactome:R-RNO-209560|Reactome:R-RNO-264876|Reactome:R-RNO-2871809|Reactome:R-RNO-2871837|Reactome:R-RNO-3134963|Reactome:R-RNO-3214841|Reactome:R-RNO-399954|Reactome:R-RNO-399955|Reactome:R-RNO-399956|Reactome:R-RNO-416550|Reactome:R-RNO-416700|Reactome:R-RNO-445989|Reactome:R-RNO-448706|Reactome:R-RNO-5607763|Reactome:R-RNO-5607764|Reactome:R-RNO-5620916|Reactome:R-RNO-5621575|Reactome:R-RNO-5673001|Reactome:R-RNO-5684264|Reactome:R-RNO-6798695|Reactome:R-RNO-6806942|Reactome:R-RNO-6807004|Reactome:R-RNO-6811558|Reactome:R-RNO-8851805|Reactome:R-RNO-8851907|Reactome:R-RNO-8865999|Reactome:R-RNO-8874081|Reactome:R-RNO-8875513|Reactome:R-RNO-8875555|Reactome:R-RNO-8875656|Reactome:R-RNO-8875791|Reactome:R-RNO-9020702|Reactome:R-RNO-933542|Reactome:R-RNO-9734091|Reactome:R-RNO-9860927|Reactome:R-SCE-8948751|Reactome:R-SSC-1257604|Reactome:R-SSC-416550|Reactome:R-SSC-5673001|Reactome:R-SSC-6806942|Reactome:R-SSC-6807004|Reactome:R-SSC-6811558|Reactome:R-SSC-8851805|Reactome:R-SSC-8851907|Reactome:R-SSC-8865999|Reactome:R-SSC-8874081|Reactome:R-SSC-8875513|Reactome:R-SSC-8875555|Reactome:R-SSC-8875656|Reactome:R-SSC-8875791|Reactome:R-SSC-9734091
D_intermedium_KAN0046829	67ff2dda0cd7e88c4f78ba439d4aa31a	2207	Phobius	SIGNAL_PEPTIDE_H_REGION	Hydrophobic region of a signal peptide.	4	14	-	T	26-08-2026	-	-	-	-
D_intermedium_KAN0046829	67ff2dda0cd7e88c4f78ba439d4aa31a	2207	Coils	Coil	Coil	1950	2004	-	T	26-08-2026	-	-	-	-
D_intermedium_KAN0046829	67ff2dda0cd7e88c4f78ba439d4aa31a	2207	Gene3D	G3DSA:3.90.550.10	Spore Coat Polysaccharide Biosynthesis Protein SpsA; Chain A	516	754	8.8E-42	T	26-08-2026	IPR029044	Nucleotide-diphospho-sugar transferases	-	Reactome:R-BTA-1650814|Reactome:R-BTA-173599|Reactome:R-BTA-2022854|Reactome:R-BTA-2022928|Reactome:R-BTA-2534343|Reactome:R-BTA-3322077|Reactome:R-BTA-4085001|Reactome:R-BTA-5653890|Reactome:R-BTA-6798695|Reactome:R-BTA-6811436|Reactome:R-BTA-913709|Reactome:R-BTA-975577|Reactome:R-CEL-1650814|Reactome:R-CEL-1971475|Reactome:R-CEL-2022928|Reactome:R-CEL-3322077|Reactome:R-CEL-446205|Reactome:R-CEL-446210|Reactome:R-CEL-6798695|Reactome:R-CEL-6811436|Reactome:R-CEL-70221|Reactome:R-CEL-72731|Reactome:R-CEL-913709|Reactome:R-CEL-964739|Reactome:R-CEL-975577|Reactome:R-CEL-9840309|Reactome:R-CFA-1971475|Reactome:R-DDI-162699|Reactome:R-DDI-173599|Reactome:R-DDI-3322077|Reactome:R-DDI-446205|Reactome:R-DDI-446210|Reactome:R-DDI-480985|Reactome:R-DDI-72731|Reactome:R-DME-162699|Reactome:R-DME-1650814|Reactome:R-DME-190372|Reactome:R-DME-1971475|Reactome:R-DME-2022854|Reactome:R-DME-2022928|Reactome:R-DME-446205|Reactome:R-DME-480985|Reactome:R-DME-6811436|Reactome:R-DME-9037629|Reactome:R-DME-913709|Reactome:R-DME-975577|Reactome:R-DME-9840309|Reactome:R-DRE-1650814|Reactome:R-DRE-2022854|Reactome:R-DRE-2022928|Reactome:R-DRE-4085001|Reactome:R-DRE-446205|Reactome:R-DRE-913709|Reactome:R-DRE-975577|Reactome:R-DRE-9840309|Reactome:R-DRE-9939291|Reactome:R-HSA-162699|Reactome:R-HSA-1650814|Reactome:R-HSA-173599|Reactome:R-HSA-190372|Reactome:R-HSA-1912420|Reactome:R-HSA-1971475|Reactome:R-HSA-2022854|Reactome:R-HSA-2022870|Reactome:R-HSA-2022928|Reactome:R-HSA-2142845|Reactome:R-HSA-2534343|Reactome:R-HSA-3322077|Reactome:R-HSA-3560783|Reactome:R-HSA-3560801|Reactome:R-HSA-3595177|Reactome:R-HSA-3656237|Reactome:R-HSA-3656244|Reactome:R-HSA-3656253|Reactome:R-HSA-3785653|Reactome:R-HSA-381038|Reactome:R-HSA-3814836|Reactome:R-HSA-3828062|Reactome:R-HSA-3858516|Reactome:R-HSA-3878781|Reactome:R-HSA-4085001|Reactome:R-HSA-446203|Reactome:R-HSA-446205|Reactome:R-HSA-446210|Reactome:R-HSA-4717374|Reactome:R-HSA-4719360|Reactome:R-HSA-4719377|Reactome:R-HSA-4793952|Reactome:R-HSA-4793953|Reactome:R-HSA-480985|Reactome:R-HSA-5083625|Reactome:R-HSA-5083627|Reactome:R-HSA-5083628|Reactome:R-HSA-5083635|Reactome:R-HSA-5083636|Reactome:R-HSA-5173214|Reactome:R-HSA-5357609|Reactome:R-HSA-5653890|Reactome:R-HSA-6798695|Reactome:R-HSA-6811436|Reactome:R-HSA-70221|Reactome:R-HSA-72731|Reactome:R-HSA-8932504|Reactome:R-HSA-8932506|Reactome:R-HSA-901032|Reactome:R-HSA-9033807|Reactome:R-HSA-9037629|Reactome:R-HSA-913709|Reactome:R-HSA-964739|Reactome:R-HSA-9683673|Reactome:R-HSA-9683686|Reactome:R-HSA-9694548|Reactome:R-HSA-9694719|Reactome:R-HSA-975577|Reactome:R-HSA-975578|Reactome:R-HSA-9840309|Reactome:R-HSA-9918432|Reactome:R-HSA-9926550|Reactome:R-HSA-9931953|Reactome:R-HSA-9939291|Reactome:R-MMU-162699|Reactome:R-MMU-1650814|Reactome:R-MMU-173599|Reactome:R-MMU-190372|Reactome:R-MMU-1971475|Reactome:R-MMU-2022854|Reactome:R-MMU-2022870|Reactome:R-MMU-2022928|Reactome:R-MMU-2142845|Reactome:R-MMU-2534343|Reactome:R-MMU-3322077|Reactome:R-MMU-4085001|Reactome:R-MMU-446203|Reactome:R-MMU-446205|Reactome:R-MMU-446210|Reactome:R-MMU-480985|Reactome:R-MMU-5173214|Reactome:R-MMU-5653890|Reactome:R-MMU-6798695|Reactome:R-MMU-6811436|Reactome:R-MMU-70221|Reactome:R-MMU-72731|Reactome:R-MMU-8932504|Reactome:R-MMU-8932506|Reactome:R-MMU-9033807|Reactome:R-MMU-9037629|Reactome:R-MMU-913709|Reactome:R-MMU-964739|Reactome:R-MMU-975577|Reactome:R-MMU-975578|Reactome:R-MMU-9840309|Reactome:R-MMU-9939291|Reactome:R-RNO-1650814|Reactome:R-RNO-2022854|Reactome:R-RNO-2142845|Reactome:R-RNO-3322077|Reactome:R-RNO-4085001|Reactome:R-RNO-446205|Reactome:R-RNO-6798695|Reactome:R-RNO-6811436|Reactome:R-RNO-70221|Reactome:R-RNO-72731|Reactome:R-RNO-8932504|Reactome:R-RNO-8932506|Reactome:R-RNO-9033807|Reactome:R-RNO-913709|Reactome:R-RNO-964739|Reactome:R-RNO-975577|Reactome:R-RNO-975578|Reactome:R-RNO-9840309|Reactome:R-RNO-9939291|Reactome:R-SCE-173599|Reactome:R-SCE-3322077|Reactome:R-SCE-446210|Reactome:R-SCE-480985|Reactome:R-SCE-6798695|Reactome:R-SCE-70221|Reactome:R-SCE-72731|Reactome:R-SPO-162699|Reactome:R-SPO-173599|Reactome:R-SPO-3322077|Reactome:R-SPO-446205|Reactome:R-SPO-446210|Reactome:R-SPO-480985|Reactome:R-SPO-6798695|Reactome:R-SPO-70221|Reactome:R-SPO-72731|Reactome:R-SSC-162699|Reactome:R-SSC-2022854|Reactome:R-SSC-913709|Reactome:R-SSC-975577|Reactome:R-SSC-9840309|Reactome:R-XTR-446205|Reactome:R-XTR-913709|Reactome:R-XTR-9840309|Reactome:R-XTR-9939291
D_intermedium_KAN0046829	67ff2dda0cd7e88c4f78ba439d4aa31a	2207	TMHMM	TMhelix	Region of a membrane-bound protein predicted to be embedded in the membrane.	1926	1948	-	T	26-08-2026	-	-	-	-
D_intermedium_KAN0046829	67ff2dda0cd7e88c4f78ba439d4aa31a	2207	SignalP_EUK	SignalP-noTM	SignalP-noTM	1	19	-	T	26-08-2026	-	-	-	-
D_intermedium_KAN0046829	67ff2dda0cd7e88c4f78ba439d4aa31a	2207	Phobius	SIGNAL_PEPTIDE_C_REGION	C-terminal region of a signal peptide.	15	19	-	T	26-08-2026	-	-	-	-
D_intermedium_KAN0046829	67ff2dda0cd7e88c4f78ba439d4aa31a	2207	Gene3D	G3DSA:3.40.50.2000	Glycogen Phosphorylase B;	106	309	3.2E-7	T	26-08-2026	-	-	-	-
D_intermedium_KAN0046829	67ff2dda0cd7e88c4f78ba439d4aa31a	2207	Gene3D	G3DSA:2.60.220.50	-	1755	1922	4.1E-18	T	26-08-2026	IPR046338	GAIN domain superfamily	-	Reactome:R-CEL-373080|Reactome:R-CEL-6798695|Reactome:R-CEL-9619665|Reactome:R-DME-350368|Reactome:R-DME-350376|Reactome:R-DME-350379|Reactome:R-DME-350411|Reactome:R-DME-350480|Reactome:R-DME-373080|Reactome:R-DME-450728|Reactome:R-DME-6798695|Reactome:R-DME-9619665|Reactome:R-DRE-9619665|Reactome:R-HSA-373080|Reactome:R-HSA-5683826|Reactome:R-HSA-6798695|Reactome:R-HSA-9619665|Reactome:R-MMU-373080|Reactome:R-MMU-5683826|Reactome:R-MMU-6798695|Reactome:R-MMU-9619665|Reactome:R-RNO-373080|Reactome:R-RNO-5683826
